CustAcct,CustomerName,Address1,Address2,City,State,Zip,OfficePhone,OfficeFax,OfficeContactFirstName,OfficeContactLastName,OfficeContactEmailAddress,SalesContactFirstName,ARContactFirstName,SalesContactLastName,SalesContactEmailAddress,ARContactLastName,ARContactEmailAddress,CCContactFirstName,CCContactLastName,CCContactEmailAddress,WebAddress,BranchCode,SmanCode,SalesmanName,MarketGroup,MarketGroupDescription,TaxAreaCode,TaxAreaDescription,FedTaxFlag,FedTaxAreaCode,FedTaxResaleNum,FedTaxAreaDescription,Terms,LastSaleDate,CreditLimit,CreditComments1,CreditComments2,CurBalance,AgeBal1,AgeBal2,AgeBal3,AgeBal4,AgeBal5,AgeBal6,Carrier,FOB,FrtPpdCollect,TaxFlag,ResaleTaxNum,CustDiscRate,ComFlag,CustComRate,ServiceChgFlag,PrintStatementFlag,DeliveryRouteCode,DeliverySeqNum,DeliveryRouteDesc,PrintPricesOnPickFlag,ShipToFlag,NumShipTos,PrimaryShipToCode,PrimaryShipCustomerName,PrimaryShipAddress1,PrimaryShipAddress2,PrimaryShipCity,PrimaryShipState,PrimaryShipZip,PrimaryShipAttention,PrimaryShipInstructions1,PrimaryShipInstructions2,PrimaryShipInstructions3,CustPriceOptDesc,CustPriceCtrl,CustPriceOpt,CustPriceBrkt,CustPricePct,CustPriceChgCtrl,Comments1,Comments2,Comments3,BillingInstructions1,BillingInstructions2,ShippingInstructions1,AutoCreditHoldOpt,ShippingInstructions2,ShippingInstructions3,PORequiredFlag,BlanketPONum,WHCode,PmtGroupCode,PmtGroupDescription,PricingClassCode,PricingClassDesc,ChargeFrtFlag,TaxFrtFlag,KeyCust,SalesClass,CalcClass,CustStatus,OEAddCustPartNumLineFlag,JMCatCustFlag,CSSCustFlag,CSRLastLoginDate,CSRTotLogins,CSRFirstLoginDate,CSRCurLogins,CorpAcctCode,CorpCurrentBudget,CorpLastBudget,CorpMaxOrderTotal,InvcIssueOpt,InvcIssueContact,InvcCopySendFlag,InvcCopySendVia,InvcCopyContact,SendInvcWithDeliveryFlag,OrderConfirmSendFlag,OrderConfirmSendVia,OrderConfirmContact,OrderConfirm2SendVia,OrderConfirm2Contact,ShipNoticeSendFlag,ShipNoticeSendVia,ShipNoticeContact,Field1,Field2,SetupTimeStamp,SetupByUser,LastModifyTimeStamp,LastModifyByUser,ObsoleteFlag,CustID
^SERVICE,Service Dept/Stock Machines,,,,,,,,,,,,,,,,,,,,,FLORIDASALES,10,Randy Frontz,0,(UNASSIGNED),DV,Duval County,N,,,(UnAssigned),NET 30,,0,,,0,0,0,0,0,0,0,Best Way,Destination,P,Y,,0,Y,0,N,P,0,0,(UnAssigned),N,N,0,,,,,,,,,,,,Use Item Price,i,I,,0,+,,,,,,,,,,N,,0,,(UnAssigned),Y,N,,(UnAssigned),,,E,I,N,Y,N,,,0,0,0,0,0,0,P,,N,E,,N,N,E,,E,,N,E,,,,5/20/2008 3:03:03 PM,,9/11/2009 4:43:30 PM,CMS,N,101
100000,RANDY FRONTZ,545 EAST 4TH STREET,,JACKSONVILLE,FL,32206,904-838-2033,904-355-2534,RANDY,FRONTZ,rfrontz@fsuflsales.com,,,,,,,,,,,FLORIDASALES,10,Randy Frontz,0,(UNASSIGNED),DV,Duval County,N,,,(UnAssigned),NET 30,4/6/2026,1000,,,276.88,42.81,0,0,0,0,52.84,Best Way,Destination,P,Y,,0,Y,0,N,P,0,0,(UnAssigned),N,N,0,,,,,,,,,,,,Use Item Price,i,I,,0,+,,,,,,,,,,N,,0,,(UnAssigned),N,N,,(UnAssigned),,,D,A,N,Y,N,,,0,0,0,0,0,0,M,RANDY,N,E,RANDY,N,Y,E,RANDY,E,,N,E,,11,,8/14/2009 2:44:00 PM,CMS,7/13/2016 2:43:08 PM,RANDY,N,10001
100001,UNLIMITED FLORIDA SALES,DEMO,,,,,,,,,,,,,,,,,,,,FLORIDASALES,10,Randy Frontz,0,(UNASSIGNED),DV,Duval County,N,,,(UnAssigned),NET 30,8/15/2024,10000,,,0,0,0,0,0,0,0,Best Way,Destination,P,N,,0,Y,0,N,P,0,0,(UnAssigned),N,N,0,,,,,,,,,,,,0% Profit Margin,p0,P,,0,+,,,,,,,,,,N,,0,,(UnAssigned),Y,N,,(UnAssigned),,,E,I,N,Y,N,,,0,0,0,0,0,0,P,,N,E,,N,N,E,,E,,N,E,,11,,8/14/2009 2:44:00 PM,CMS,3/26/2024 12:47:18 PM,NATE,N,10002
100185,ATAC NODE FISC JAX,BLDG 110 DOOR 29,NAVAL AIR STATION,JACKSONVILLE,FL,32212,904-542-1635,904-542-9859,ROBIN,LEWIS,,,,,ROBIN,LEWIS,,,,,,FLORIDASALES,10,Randy Frontz,0,(UNASSIGNED),DV,Duval County,N,,,(UnAssigned),NET 30,,5000,,,0,0,0,0,0,0,0,Best Way,Destination,P,N,26-00-109615-51C,0,Y,0,N,P,0,0,(UnAssigned),N,N,0,,,,,,,,,,,,Use Item Price,i,I,,0,+,,,,,,,,,,N,,0,,(UnAssigned),Y,N,,(UnAssigned),,,E,I,N,Y,N,,,0,0,0,0,0,0,P,,N,E,,N,N,E,,E,,N,E,,11,,8/14/2009 2:44:00 PM,CMS,,,N,10004
100355,C & R MAINTENANCE INC.,JANITORIAL SPECIALIST,550 BALMORAL CIRCLE #204,JACKSONVILLE,FL,32218,904-757-4991,904-757-2081,RON/SYLVIA,DOBSON,,,,,RON/SYLVIA,DOBSON,,,,,,FLORIDASALES,10,Randy Frontz,0,(UNASSIGNED),DV,Duval County,N,,,(UnAssigned),CREDIT CARD,7/29/2013,2500,,,0,0,0,0,0,0,0,Best Way,Destination,P,Y,,0,Y,0,N,P,2,0,Northside,N,Y,1,1,U.S. BORDER PATROL,489 DUNDAS DR,,JACKSONVILLE,FL,32218,,,,,Use Item Price,i,I,,0,+,,,,,,,,,,N,,0,,(UnAssigned),Y,N,,(UnAssigned),,,E,I,N,Y,N,,,0,0,0,0,0,0,P,,N,E,,N,N,E,,E,,N,E,,45,,8/14/2009 2:44:01 PM,CMS,11/1/2012 9:12:59 AM,JACKIE,N,10006
100356,ACTION GRAPHIX,1843 ATLANTIC BOULEVARD,,JACKSONVILLE,FL,32207,904-396-9600,904-396-9609,VIRGINIA/PHIL,.,VIRGINIA@ACTION-GRAPHIX.COM,,,,VIRGINIA/PHIL,.,VIRGINIA@ACTION-GRAPHIX.COM,,,,WWW.ACTION-GRAPHIX.COM,FLORIDASALES,10,Randy Frontz,0,(UNASSIGNED),DV,Duval County,N,,,(UnAssigned),NET 30,7/9/2015,200,,,0,0,0,0,0,0,0,Best Way,Destination,P,N,26-8013220885-1 *16,0,Y,0,N,P,0,0,(UnAssigned),N,N,0,,,,,,,,,,,,Use Item Price,i,I,,0,+,,,,,,,,,,N,,0,,(UnAssigned),Y,N,,(UnAssigned),,,E,I,N,Y,N,,,0,0,0,0,0,0,P,,N,E,,N,N,E,,E,,N,E,,11,,8/14/2009 2:44:01 PM,CMS,1/14/2016 11:23:56 AM,STEVE,N,10007
100363,CAIN AND BULTMAN INC.,2145 DENNIS STREET,,JACKSONVILLE,FL,32204,904-356-4812,904-798-1047,Evelyn,Miller,emiller@cain-bultman.com,Evelyn,Miller,emiller@cain-bultman.com,Brian,Lubinski,blubinski@cain-bultman.com,,,,,FLORIDASALES,24,Artie Hardie - Existing,0,(UNASSIGNED),DV,Duval County,N,,,(UnAssigned),NET 30,4/18/2024,2500,,,0,0,0,0,0,0,0,Best Way,Destination,P,Y,26-8012412792-0  *17,0,Y,0,N,P,7,0,Westside,N,Y,1,15,CAIN AND BULTMAN INC.,2145 DENNIS STREET,,,,,,,,,Use Item Price,i,I,,0,+,,,,,,,,,,N,,0,,(UnAssigned),N,N,,(UnAssigned),,,E,A,N,Y,N,,,0,0,0,0,0,0,M,Brian,N,E,,N,N,E,,E,,N,E,,11,,8/14/2009 2:44:02 PM,CMS,6/13/2024 11:28:27 AM,NATE,N,10009
100785,BILL FENWICK PLUMBING,GOLDEN PLUNGER SERVICE,11623 COLUMBIA PARK DRIVE EAST,JACKSONVILLE,FL,32258,904-724-7022,904-724-8869,BOB,SUMMERS,,,,,BOB,SUMMERS,,,,,,FLORIDASALES,10,Randy Frontz,0,(UNASSIGNED),DV,Duval County,N,,,(UnAssigned),NET 30,2/23/2026,1000,,,258.92,0,0,258.92,0,0,0,Best Way,Destination,P,Y,,0,Y,0,N,P,0,0,(UnAssigned),Y,Y,1,10,BILL FENWICK PLUMBING,11623 COLUMBIA PARK DRIVE EAST,,,,,,,,,Use Item Price,i,I,,0,+,,,,,,,,,,N,,0,,(UnAssigned),Y,N,,(UnAssigned),,,D,A,N,Y,N,,,0,0,0,0,0,0,M,Accounts,N,E,,N,N,E,,E,,N,E,,11,,8/14/2009 2:44:02 PM,CMS,4/24/2025 10:09:16 AM,NATE,N,10012
100810,BASKETIQUE,727 KINGSLEY AVE,,ORANGE PARK,FL,32073,904-264-8844,904-264-6760,,,,,,,,,,,,,,FLORIDASALES,10,Randy Frontz,0,(UNASSIGNED),EX,Tax Exempt,N,,,(UnAssigned),CREDIT CARD,12/11/2014,0,,,0,0,0,0,0,0,0,Best Way,Destination,P,N,20-07-015536-55-2,0,Y,0,N,P,6,0,Orange Park,N,N,0,,,,,,,,,,,,Use Item Price,i,I,,0,+,,,,,,,,,,N,,0,,(UnAssigned),Y,N,,(UnAssigned),,,E,I,N,Y,N,,,0,0,0,0,0,0,P,,N,E,,N,N,E,,E,,N,E,,11,,8/14/2009 2:44:03 PM,CMS,1/22/2013 3:03:46 PM,JOHN,N,10013
*101000,CASH 1,,,,,,,,,,,,,,,,,,,,,FLORIDASALES,10,Randy Frontz,0,(UNASSIGNED),DV,Duval County,N,,,(UnAssigned),C.O.D,4/14/2026,2000,,,2058.04,98.59,0,0,0,0,1842.45,PICKUP,Destination,P,Y,,0,Y,0,N,P,13,0,Miscellaneous,Y,Y,5,1001,,,,,,,,,,,Use Item Price,i,I,,0,+,,,,,,,,,,N,,0,,(UnAssigned),N,N,,(UnAssigned),Y,B,D,A,N,Y,N,,,0,0,0,0,0,0,P,,N,E,,Y,N,E,,E,,N,E,,11,,8/14/2009 2:44:03 PM,CMS,4/21/2017 11:54:57 AM,NEAL,N,10014
101002,PRIMARILY POTTERY,,,,,,,,,,,,,,,,,,,,,FLORIDASALES,10,Randy Frontz,0,(UNASSIGNED),DV,Duval County,N,,,(UnAssigned),C.O.D,1/21/2026,50,,,0,0,0,0,0,0,0,WILL CALL,Destination,P,Y,,0,Y,0,N,P,17,0,Customer Pickup,Y,N,0,,,,,,,,,,,,Use Item Price,i,I,,0,+,Collect last COD $21.38 from,4-25-13 RF,,,,,,,,N,,0,,(UnAssigned),N,N,,(UnAssigned),,,D,A,N,Y,N,,,0,0,0,0,0,0,P,,N,E,,Y,N,E,,E,,N,E,,11,,8/14/2009 2:44:03 PM,CMS,5/3/2013 12:20:01 PM,JOHN,N,10016
101180,CAROLINA LUMBER CO.,575 PHELPS STREET,,JACKSONVILLE,FL,32206,904-355-4531,904-634-0375,JAMIE,.,JIM@CLJAX.COM,,,,JAMIE,.,JIM@CLJAX.COM,,,,,FLORIDASALES,10,Randy Frontz,0,(UNASSIGNED),DV,Duval County,N,,,(UnAssigned),NET 30,,500,,,0,0,0,0,0,0,0,Best Way,Destination,P,Y,,0,Y,0,N,P,0,0,(UnAssigned),N,N,0,,,,,,,,,,,,Use Item Price,i,I,,0,+,judge@fdn.com,,,,,,,,,N,,0,,(UnAssigned),Y,N,,(UnAssigned),,,E,I,N,Y,N,,,0,0,0,0,0,0,P,,N,E,,N,N,E,,E,,N,E,,11,,8/14/2009 2:44:04 PM,CMS,11/1/2016 8:54:01 AM,BRITTANY,N,10019
101210,CITGO LUBE-BEACH BLVD,3227 BEACH BLVD.,,JACKSONVILLE,FL,32207,904-306-9393,904-306-9696,BRAD,.,cssmiller@comcast.net,,,,BRAD,.,cssmiller@comcast.net,,,,,FLORIDASALES,10,Randy Frontz,0,(UNASSIGNED),DV,Duval County,N,,,(UnAssigned),NET 10,3/10/2016,250,,,0,0,0,0,0,0,0,Best Way,Destination,P,Y,,0,Y,0,N,P,5,0,Southside,N,Y,2,BEACH,CITGO LUBE-BEACH BLVD,3227 BEACH BLVD,,JACKSONVILLE,FL,32207,,,,,Use Item Price,i,I,,0,+,,,,,,,,,,N,,0,,(UnAssigned),Y,N,,(UnAssigned),,C,E,I,N,Y,N,,,0,0,0,0,0,0,M,BRAD,N,E,,N,N,E,,E,,N,E,,11,,8/14/2009 2:44:04 PM,CMS,6/16/2015 11:25:38 AM,STEVE,N,10020
101421,U.S. PATRIOT FIREARMS,4224 ATLANTIC BLVD,,JACKSONVILLE,FL,32207,904-399-1221,904-399-4002,VICTORIA,VIC,,,,,KIM,KIM,,,,,,FLORIDASALES,10,Randy Frontz,0,(UNASSIGNED),DV,Duval County,N,,,(UnAssigned),C.O.D. BY REQUEST,12/5/2025,200,,,0,0,0,0,0,0,0,Best Way,Destination,P,Y,,0,Y,0,N,P,0,0,(UnAssigned),Y,N,0,,,,,,,,,,,,Use Item Price,i,I,,0,+,,,,,,,,,,N,,0,,(UnAssigned),Y,N,,(UnAssigned),,,D,A,N,Y,N,,,0,0,0,0,0,0,P,KIM,N,E,,N,N,E,,E,,N,E,,11,,8/14/2009 2:44:06 PM,CMS,5/2/2022 12:48:05 PM,NATE,N,10025
102020,DELTA FOUNTAINS,11494 COLUMBIA PARK DR W.,SUITE 4,JACKSONVILLE,FL,32258,904-886-9030,904-886-9089,AMY,.,,,,,Griffin,AP.,GRIFFIN@DELTAFOUNTAINS.COM,,,,,FLORIDASALES,10,Randy Frontz,0,(UNASSIGNED),DV,Duval County,N,,,(UnAssigned),NET 30,6/12/2024,500,,,0,0,0,0,0,0,0,Best Way,Destination,P,Y,26-8012070257-2 *18,0,Y,0,N,P,5,0,Southside,N,Y,1,26,DELTA FOUNTAINS,11494 COLUMBIA PARK DR W.,,,,,,,,,Use Item Price,i,I,,0,+,,,,,,,,,,N,,0,,(UnAssigned),Y,N,,(UnAssigned),,C,E,A,N,Y,N,,,0,0,0,0,0,0,M,Erin,N,E,,N,N,E,,E,,N,E,,11,,8/14/2009 2:44:07 PM,CMS,6/13/2024 11:36:29 AM,NATE,N,10030
102100,DUVAL GLASS & MIRROR INC.,P.O. BOX 60277,,JACKSONVILLE,FL,32236,904-389-6854,904-389-8783,alice,thornburg,ATHORNBURG@DUVALGLASS.COM,,,,alice,thornburg,ATHORNBURG@DUVALGLASS.COM,,,,,FLORIDASALES,10,Randy Frontz,0,(UNASSIGNED),DV,Duval County,N,,,(UnAssigned),NET 30,4/2/2026,500,,,153.81,153.81,0,0,0,0,0,Best Way,Destination,P,Y,,0,Y,0,N,P,0,0,(UnAssigned),N,Y,1,2100,"DUVAL GLASS & MIRROR, INC",623 WESTBROOK ROAD,"JACKSONVILLE, FL 32209",,,,,,,,Use Item Price,i,I,,0,+,,,,,,,,,,N,,0,,(UnAssigned),Y,N,,(UnAssigned),,,D,A,N,Y,N,,,0,0,0,0,0,0,M,alice,N,E,,N,N,E,,E,,N,E,,11,,8/14/2009 2:44:07 PM,CMS,12/30/2025 9:11:01 AM,NATE,N,10031
102415,FASTGLAS,4226 SPRINGROVE STREET,,JACKSONVILLE,FL,32209,904-765-2222,904-765-0023,RICHARD,LUPISELLA,rlupisella@comcast.net,,,,RICHARD,LUPISELLA,rlupisella@comcast.net,,,,,FLORIDASALES,51,RANDY FRONTZ,0,(UNASSIGNED),DV,Duval County,N,,,(UnAssigned),CREDIT CARD,11/20/2020,1000,,,0,0,0,0,0,0,0,Best Way,Destination,P,Y,,0,Y,0,N,P,0,0,(UnAssigned),N,N,0,,,,,,,,,,,,Use Item Price,i,I,,0,+,SEE CUST NOTES,,,,,,,,,N,,0,,(UnAssigned),N,N,,(UnAssigned),,X,X,I,N,Y,N,,,0,0,0,0,0,0,P,,N,E,,Y,N,E,,E,,N,E,,11,,8/14/2009 2:44:08 PM,CMS,3/24/2021 2:25:34 PM,NATE,N,10036
103380,JACKSONVILLE BAPTIST,THEOLOGICAL SEMINARY,P.O. BOX 38008,JACKSONVILLE,FL,32205,904-388-9590,904-388-4407,SARAH,PUNYA,,,,,SARAH,PUNYA,,,,,,FLORIDASALES,10,Randy Frontz,0,(UNASSIGNED),EX,Tax Exempt,N,,,(UnAssigned),NET 30,6/10/2013,1000,,,0,0,0,0,0,0,0,Best Way,Destination,P,Y,,0,Y,0,N,P,7,0,Westside,N,Y,1,3380,J B T S,1165 S EDGEWOOD AVE,,JACKSONVILLE,FL,32205,,,,,Use Item Price,i,I,,0,+,,,,,,,,,,N,,0,,(UnAssigned),Y,N,,(UnAssigned),,,E,I,N,Y,N,,,0,0,0,0,0,0,P,,N,E,,N,N,E,,E,,N,E,,11,,8/14/2009 2:44:10 PM,CMS,9/4/2009 8:53:03 AM,JACKIE,N,10041
103530,GREAT ATLANTIC NEWS LLC,7037 COMMONWEALTH AVE,SUITE 9,JACKSONVILLE,FL,32220,904-783-2350,904-786-6026,FRANK,PITKAT,,,,,FRANK,PITKAT,,,,,,FLORIDASALES,10,Randy Frontz,0,(UNASSIGNED),DV,Duval County,N,,,(UnAssigned),NET 30,7/13/2009,5000,,,0,0,0,0,0,0,0,Best Way,Destination,P,Y,,0,Y,0,N,P,0,0,(UnAssigned),N,N,0,,,,,,,,,,,,Use Item Price,i,I,,0,+,,,,,,,,,,N,,0,,(UnAssigned),Y,N,,(UnAssigned),Y,C,E,I,N,Y,N,,,0,0,0,0,0,0,P,,N,E,,N,N,E,,E,,N,E,,11,,8/14/2009 2:44:10 PM,CMS,11/10/2009 12:29:13 PM,RANDY,N,10042
104100,INTRANET LAB SERVICES,3838 KILLEARN COURT,,TALLAHASSEE,FL,32309,850-385-9400,850-385-2469,AVA,DARAN,intranetls@earthlink.net,,,,AVA,DARAN,intranetls@earthlink.net,,,,,FLORIDASALES,10,Randy Frontz,0,(UNASSIGNED),DV,Duval County,N,,,(UnAssigned),NET 30,1/26/2016,500,,,0,0,0,0,0,0,0,Best Way,Destination,P,Y,,0,Y,0,N,P,0,0,(UnAssigned),N,N,0,,,,,,,,,,,,Use Item Price,i,I,,0,+,,,,,,,,,,N,,0,,(UnAssigned),Y,N,,(UnAssigned),,,E,I,N,Y,N,,,0,0,0,0,0,0,M,AVA,N,E,,N,N,E,,E,,N,E,,11,,8/14/2009 2:44:10 PM,CMS,2/3/2016 9:05:57 AM,STEVE,N,10043
104188,INDOFF BUSINESS PRODUCTS,P.O. BOX 350725,,PALM COAST,FL,32135,386-986-1525,386-986-1526,FRED,OTTO,,,,,FRED,OTTO,,,,,,FLORIDASALES,10,Randy Frontz,0,(UNASSIGNED),EX,Tax Exempt,N,,,(UnAssigned),NET 30,5/30/2008,2500,,,0,0,0,0,0,0,0,Best Way,Destination,P,N,78-8013416671-0,0,Y,0,N,P,0,0,(UnAssigned),N,N,0,,,,,,,,,,,,Use Item Price,i,I,,0,+,,,,,,,,,,N,,0,,(UnAssigned),Y,N,,(UnAssigned),,,E,I,N,Y,N,,,0,0,0,0,0,0,P,,N,E,,Y,N,E,,E,,N,E,,11,,8/14/2009 2:44:10 PM,CMS,,,N,10044
104191,ICS LOGISTICS,1505 DENNIS ST.,,JACKSONVILLE,FL,32204,904-358-0027,904-358-0717,DUSTY,LOCKE,,,,,DUSTY,LOCKE,,,,,,FLORIDASALES,10,Randy Frontz,0,(UNASSIGNED),DV,Duval County,N,,,(UnAssigned),NET 30,,1000,,,0,0,0,0,0,0,0,Best Way,Destination,P,Y,,0,Y,0,N,P,0,0,(UnAssigned),N,N,0,,,,,,,,,,,,Use Item Price,i,I,,0,+,,,,,,,,,,N,,0,,(UnAssigned),Y,N,,(UnAssigned),,,E,I,N,Y,N,,,0,0,0,0,0,0,P,,N,E,,N,N,E,,E,,N,E,,11,,8/14/2009 2:44:11 PM,CMS,,,N,10045
104210,"INVOTEC INTERNATIONAL,INC",6833 PHILLIPS IND BLVD,,JACKSONVILLE,FL,32256,904-880-1229,904-886-9517,SUSAN,TAYLOR,,,,,SUSAN,TAYLOR,,,,,,FLORIDASALES,10,Randy Frontz,0,(UNASSIGNED),DV,Duval County,N,,,(UnAssigned),NET 30,6/24/2009,500,,,0,0,0,0,0,0,0,Best Way,Destination,P,N,26-8011957706-6,0,Y,0,N,P,0,0,(UnAssigned),N,N,0,,,,,,,,,,,,Use Item Price,i,I,,0,+,,,,,,,,,,N,,0,,(UnAssigned),Y,N,,(UnAssigned),,,E,I,N,Y,N,,,0,0,0,0,0,0,P,,N,E,,N,N,E,,E,,N,E,,11,,8/14/2009 2:44:11 PM,CMS,,,N,10046
104380,"MLXL PRODUCTIONS, INC.",P.O. BOX 60428,,JACKSONVILLE,FL,32236,904-350-0048,904-350-0047,SAM,YATES,syates@mlxlpro.com,,,,SAM,YATES,syates@mlxlpro.com,,,,,FLORIDASALES,50,RANDY FRONTZ,0,(UNASSIGNED),DV,Duval County,N,,,(UnAssigned),NET 30,1/27/2016,500,,,0,0,0,0,0,0,0,Best Way,Destination,P,Y,,0,Y,0,N,P,0,0,(UnAssigned),N,Y,1,4380,"MLXL PRODUCTIONS, INC.",8475 WESTERN WAY,SUITE 150,JACKSONVILLE,FL,32256,MICHAEL BROWN,,,,Use Item Price,i,I,,0,+,,,,,,,,,,N,,0,,(UnAssigned),Y,N,,(UnAssigned),,,E,I,N,Y,N,,,0,0,0,0,0,0,M,SAM,N,E,,N,N,E,,E,,N,E,,11,,8/14/2009 2:44:11 PM,CMS,2/3/2016 9:09:58 AM,STEVE,N,10048
104600,JAX CONVENIENCE FOOD STOR,3467 LAKESHORE BLVD,,JACKSONVILLE,FL,32210,904-388-9252,904-388-9252,KHALED,.,,,,,KHALED,.,,,,,,FLORIDASALES,10,Randy Frontz,0,(UNASSIGNED),DV,Duval County,N,,,(UnAssigned),C.O.D,9/16/2015,200,,,0,0,0,0,0,0,0,Best Way,Destination,P,N,26-8012367589-1,0,Y,0,N,P,0,0,(UnAssigned),Y,N,0,,,,,,,,,,,,Use Item Price,i,I,,0,+,,,,,,,,,,N,,0,,(UnAssigned),Y,N,,(UnAssigned),,,E,I,N,Y,N,,,0,0,0,0,0,0,P,,N,E,,N,N,E,,E,,N,E,,11,,8/14/2009 2:44:12 PM,CMS,7/7/2011 10:54:55 AM,JACKIE,N,10049
104690,"K.C. PETROLEUM, INC.",650 TALLEYRAND AVENUE,,JACKSONVILLE,FL,32202,904-693-3200,904-786-8441,DEBBIE,.,,,,,DEBBIE,.,,,,,,FLORIDASALES,50,RANDY FRONTZ,0,(UNASSIGNED),DV,Duval County,N,,,(UnAssigned),NET 30,11/13/2025,1000,,,0,0,0,0,0,0,0,Best Way,Destination,P,Y,,0,Y,0,N,P,0,0,(UnAssigned),N,N,0,,,,,,,,,,,,Use Item Price,i,I,,0,+,,,,,,,,,,N,,0,,(UnAssigned),Y,N,,(UnAssigned),,,D,A,N,Y,N,,,0,0,0,0,0,0,M,MONICA,N,E,,N,N,E,,E,,N,E,,11,,8/14/2009 2:44:12 PM,CMS,1/5/2016 9:50:45 AM,STEVE,N,10050
104715,KEN FRONTZ,5665 HYDE PARK CIRCLE,,JACKSONVILLE,FL,32210,904-781-3673,,KEN,AND PAT,,,,,KEN,AND PAT,,,,,,FLORIDASALES,10,Randy Frontz,0,(UNASSIGNED),DV,Duval County,N,,,(UnAssigned),C.O.D. BY REQUEST,3/23/2021,1000,,,0,0,0,0,0,0,0,Best Way,Destination,P,Y,,0,Y,0,N,P,0,0,(UnAssigned),Y,N,0,,,,,,,,,,,,Use Item Price,i,I,,0,+,,,,,,,,,,N,,0,,(UnAssigned),N,N,,(UnAssigned),,,E,I,N,Y,N,,,0,0,0,0,0,0,P,,N,E,,Y,N,E,,E,,N,E,,11,,8/14/2009 2:44:12 PM,CMS,5/2/2012 12:17:24 PM,JACKIE,N,10051
104750,KEYSTONE AUTOMOTIVE,429 TALLEYRAND AVENUE,,JACKSONVILLE,FL,32202,904-354-2400,904-354-0097,ZUMAR,TORREZ,,JID,COLLINS EXT363,,,,,,,,,FLORIDASALES,100,RANDY FRONTZ,0,(UNASSIGNED),DV,Duval County,N,,,(UnAssigned),NET 30,9/29/2008,1500,,,0,0,0,0,0,0,0,Best Way,Destination,P,Y,,0,Y,0,N,P,0,0,(UnAssigned),N,N,0,,,,,,,,,,,,Use Item Price,i,I,,0,+,,,,,,,,,,N,,0,,(UnAssigned),Y,N,,(UnAssigned),,,E,I,N,Y,N,,,0,0,0,0,0,0,P,,N,E,,N,N,E,,E,,N,E,,11,,8/14/2009 2:44:12 PM,CMS,8/3/2012 3:00:46 PM,NEAL,N,10052
104820,LYNN ARMSTRONG CUSTOM,"WOOD FLOORS, LLC.",2270 EDISON AVE,JACKSONVILLE,FL,32254,904-353-3986,904-353-3164,LYNN,.,,,,,LYNN,.,,,,,,FLORIDASALES,10,Randy Frontz,0,(UNASSIGNED),DV,Duval County,N,,,(UnAssigned),NET 30,3/1/2007,1000,,,0,0,0,0,0,0,0,Best Way,Destination,P,Y,,0,Y,0,N,P,0,0,(UnAssigned),N,N,0,,,,,,,,,,,,Use Item Price,i,I,,0,+,,,,,,,,,,N,,0,,(UnAssigned),Y,N,,(UnAssigned),,,E,I,N,Y,N,,,0,0,0,0,0,0,P,,N,E,,N,N,E,,E,,N,E,,11,,8/14/2009 2:44:12 PM,CMS,,,N,10053
105500,"MACHINE ENGINEERS, INC.",651 EAST 8TH STREEET,,JACKSONVILLE,FL,32206,904-353-8289,904-353-8280,"TODD,EARL,RON",.,,,,,"TODD,EARL,RON",.,,,,,,FLORIDASALES,10,Randy Frontz,0,(UNASSIGNED),DV,Duval County,N,,,(UnAssigned),NET 30,3/11/2026,200,,,0.89,-28.6,29.49,0,0,0,0,Best Way,Destination,P,N,26-8012201684-0  *16,0,Y,0,N,P,0,0,(UnAssigned),Y,N,0,,,,,,,,,,,,Use Item Price,i,I,,0,+,,,,,,,,,,N,,0,,(UnAssigned),Y,N,,(UnAssigned),,,D,A,N,Y,N,,,0,0,0,0,0,0,M,TODD,N,E,,N,N,E,,E,,N,E,,11,,8/14/2009 2:44:13 PM,CMS,2/3/2016 9:09:08 AM,STEVE,N,10054
105540,NORTHSIDE THERAMED,MEDICAL,P.O. BOX 11359,JACKSONVILLE,FL,32239,904-764-3434,904-764-3211,ANITA,CELL #,,,,,.,.,,,,,,FLORIDASALES,10,Randy Frontz,0,(UNASSIGNED),DV,Duval County,N,,,(UnAssigned),NET 30,5/4/2011,500,,,0,0,0,0,0,0,0,Best Way,Destination,P,Y,,0,Y,0,N,P,0,0,(UnAssigned),N,Y,1,5540,NORTHSIDE THERAMED,MEDICAL,9360 LEM TURNER ROAD,"JACKSONVILLE,",FL,32208,,,,,Use Item Price,i,I,,0,+,LUNCH 12-2 CALL ANITA 520-1440,,,,,,,,,N,,0,,(UnAssigned),Y,N,,(UnAssigned),,,E,I,N,Y,N,,,0,0,0,0,0,0,P,,N,E,,N,N,E,,E,,N,E,,11,,8/14/2009 2:44:13 PM,CMS,5/3/2011 2:09:41 PM,RANDY,N,10055
105550,"NICE USA, INC.",7037-3 COMMONWEALTH AVE.,,JACKSONVILLE,FL,32220,904-786-7133,904-786-7640,ANTHONY,MASUD,,,,,ANTHONY,MASUD,,,,,,FLORIDASALES,10,Randy Frontz,0,(UNASSIGNED),DV,Duval County,N,,,(UnAssigned),NET 30,10/23/2008,1000,,,0,0,0,0,0,0,0,Best Way,Destination,P,Y,,0,Y,0,N,P,0,0,(UnAssigned),N,N,0,,,,,,,,,,,,Use Item Price,i,I,,0,+,,,,,,,,,,N,,0,,(UnAssigned),Y,N,,(UnAssigned),,,E,I,N,Y,N,,,0,0,0,0,0,0,P,,N,E,,N,N,E,,E,,N,E,,11,,8/14/2009 2:44:13 PM,CMS,,,N,10056
105700,NesSMITH CORP.,P.O. BOX 10527,,JACKSONVILLE,FL,32247,904-353-6317,904-358-7519,LINDA,.,LINDAH@WELLSDREW.COM,,,,LINDA,.,LINDAH@WELLSDREW.COM,,,,,FLORIDASALES,10,Randy Frontz,0,(UNASSIGNED),DV,Duval County,N,,,(UnAssigned),NET 30,4/1/2026,2000,,,1570.28,525.68,418.94,99.98,525.68,0,0,Best Way,Destination,P,Y,,0,Y,0,N,P,1,0,Downtown,N,Y,1,5700,NeSMITH CORP.,536 EAST 4TH STREET,"JACKSONVILLE, FL 32206",,,,,,,,Use Item Price,i,I,,0,+,,,,,,,,,,N,,0,,(UnAssigned),N,N,,(UnAssigned),Y,A,C,A,N,Y,N,,,0,0,0,0,0,0,M,WAYNE,N,E,,N,N,E,,E,,N,E,,11,,8/14/2009 2:44:13 PM,CMS,5/4/2023 2:11:26 PM,NATE,N,10057
105800,THE SUPPLY SOURCE,7076 DAVIS CREEK ROAD,,JACKSONVILLE,FL,32256,904-730-9966,904-730-5014,MICHELLE,.,,,,,MICHELLE,.,,,,,,FLORIDASALES,10,Randy Frontz,0,(UNASSIGNED),EX,Tax Exempt,N,,,(UnAssigned),C.O.D,10/30/2008,2000,,,0,0,0,0,0,0,0,Best Way,Destination,P,N,26-8012199976-8,0,Y,0,N,P,0,0,(UnAssigned),N,N,0,,,,,,,,,,,,Use Item Price,i,I,,0,+,,,,,,,,,,N,,0,,(UnAssigned),Y,N,,(UnAssigned),,,E,I,N,Y,N,,,0,0,0,0,0,0,P,,N,E,,N,N,E,,E,,N,E,,11,,8/14/2009 2:44:14 PM,CMS,,,N,10058
106100,"PARKS, RECREATION &",ENTERTAINMENT,555 WEST 44TH STREET,JACKSONVILLE,FL,32208,904-630-5400,904-630-2151,R.C.,NASWORTHY,,,,,R.C.,NASWORTHY,,,,,,FLORIDASALES,10,Randy Frontz,0,(UNASSIGNED),EX,Tax Exempt,N,,,(UnAssigned),NET 30,1/13/2010,10000,,,0,0,0,0,0,0,0,Best Way,Destination,P,N,,0,Y,0,N,P,0,0,(UnAssigned),N,N,0,,,,,,,,,,,,Use Item Price,i,I,,0,+,,,,,,,,,,N,,0,,(UnAssigned),Y,N,,(UnAssigned),,,E,I,N,Y,N,,,0,0,0,0,0,0,P,,N,E,,N,N,E,,E,,N,E,,11,,8/14/2009 2:44:14 PM,CMS,3/7/2014 4:18:21 PM,RANDY,N,10060
106105,PENSER SC,1610 INDUSTRIAL BLVD.,,JACKSONVILLE,FL,32254,904-786-1811,904-783-9953,RENEE,EXT. 212,,,,,RENEE,EXT. 212,,,,,,FLORIDASALES,10,Randy Frontz,0,(UNASSIGNED),DV,Duval County,N,,,(UnAssigned),NET 30,,1000,,,0,0,0,0,0,0,0,Best Way,Destination,P,Y,,0,Y,0,N,P,0,0,(UnAssigned),N,N,0,,,,,,,,,,,,Use Item Price,i,I,,0,+,,,,,,,,,,N,,0,,(UnAssigned),Y,N,,(UnAssigned),,,E,I,N,Y,N,,,0,0,0,0,0,0,P,,N,E,,N,N,E,,E,,N,E,,11,,8/14/2009 2:44:14 PM,CMS,,,N,10061
106110,PAUL D. VANN,MASTER CRAFTSMAN,601 PALM TREE ROAD,JACKSONVILLE,FL,32250,,,PAUL,553-4143,,PAUL,553-4143,,PAUL,553-4143,,,,,,FLORIDASALES,10,Randy Frontz,0,(UNASSIGNED),DV,Duval County,N,,,(UnAssigned),NET 30,3/30/2012,500,,,0,0,0,0,0,0,0,Best Way,Destination,P,Y,,0,Y,0,N,P,1,0,Downtown,N,N,0,,,,,,,,,,,,Use Item Price,i,I,,0,+,,,,,,,,,,N,,0,,(UnAssigned),Y,N,,(UnAssigned),,,E,I,N,Y,N,,,0,0,0,0,0,0,P,,N,E,,N,N,E,,E,,N,E,,11,,8/14/2009 2:44:15 PM,CMS,1/26/2012 3:10:37 PM,RANDY,N,10062
106130,"PRS PARTS, INC.",P.O. BOX 24597,,JACKSONVILLE,FL,32241,904-288-0811,904-288-0812,RICK,.,,,,,RICK,.,,,,,,FLORIDASALES,10,Randy Frontz,0,(UNASSIGNED),DV,Duval County,N,,,(UnAssigned),NET 15,2/18/2008,300,,,0,0,0,0,0,0,0,Best Way,Destination,P,Y,,0,Y,0,N,P,0,0,(UnAssigned),N,Y,1,6130,"PRS PARTS,INC",10702 HOOD RD.SO.UNIT 6,"JACKSONVILLE,FL 32257",,,,,,,,Use Item Price,i,I,,0,+,,,,,,,,,,N,,0,,(UnAssigned),Y,N,,(UnAssigned),,,E,I,N,Y,N,,,0,0,0,0,0,0,P,,N,E,,N,N,E,,E,,N,E,,11,,8/14/2009 2:44:15 PM,CMS,,,N,10063
106140,PLATINUM COMPUTER GROUP,5004 FREMONT STREET,,JACKSONVILLE,FL,32210,904-388-8068,904-388-0935,SHAWN,ATCHLEY,,,,,SHAWN,ATCHLEY,,,,,,FLORIDASALES,10,Randy Frontz,0,(UNASSIGNED),DV,Duval County,N,,,(UnAssigned),NET 30,8/26/2008,1000,,,0,0,0,0,0,0,0,Best Way,Destination,P,Y,26-8012017635-7,0,Y,0,N,P,7,0,Westside,N,Y,1,6140,INDUSTRIAL DIVISION,,,,,,,,,,Use Item Price,i,I,,0,+,,,,,,,,,,N,,0,,(UnAssigned),Y,N,,(UnAssigned),,,E,I,N,Y,N,,,0,0,0,0,0,0,P,,N,E,,N,N,E,,E,,N,E,,11,,8/14/2009 2:44:15 PM,CMS,9/4/2009 9:02:37 AM,DAWN,N,10064
106141,PLATINUM INDUSTRIAL INC.,5004 FREMONT STREET,,JACKSONVILLE,FL,32210,904/388-8068,904-388-0935,GEORGE,.,,,,,GEORGE,.,,,,,,FLORIDASALES,10,Randy Frontz,0,(UNASSIGNED),DV,Duval County,N,,,(UnAssigned),NET 30,1/27/2009,1000,,,0,0,0,0,0,0,0,Best Way,Destination,P,N,26-8014837562-9,0,Y,0,N,P,0,0,(UnAssigned),N,N,0,,,,,,,,,,,,Use Item Price,i,I,,0,+,,,,,,,,,,N,,0,,(UnAssigned),Y,N,,(UnAssigned),,,E,I,N,Y,N,,,0,0,0,0,0,0,P,,N,E,,N,N,E,,E,,N,E,,11,,8/14/2009 2:44:16 PM,CMS,,,N,10065
106143,POOL DUDE POOL SERVICES,6746 SHINDLER DRIVE,,JACKSONVILLE,FL,32222,904-803-1969,,WILLIE,CROSBY,,,,,WILLIE,CROSBY,,,,,,FLORIDASALES,10,Randy Frontz,0,(UNASSIGNED),DV,Duval County,N,,,(UnAssigned),CREDIT CARD,10/23/2008,1000,,,0,0,0,0,0,0,0,Best Way,Destination,P,Y,,0,Y,0,N,P,0,0,(UnAssigned),N,N,0,,,,,,,,,,,,Use Item Price,i,I,,0,+,,,,,,,,,,N,,0,,(UnAssigned),Y,N,,(UnAssigned),,,E,I,N,Y,N,,,0,0,0,0,0,0,P,,N,E,,N,N,E,,E,,N,E,,11,,8/14/2009 2:44:16 PM,CMS,,,N,10066
106230,RIVER GARDEN HEBREW HOME,11401 OLD ST AUGUSTINE RD,,JACKSONVILLE,FL,32258,904/260-1818,,KATHY,OSTERER,,,,,KATHY,OSTERER,,,,,,FLORIDASALES,10,Randy Frontz,0,(UNASSIGNED),DV,Duval County,N,,,(UnAssigned),CREDIT CARD,10/31/2008,500,,,0,0,0,0,0,0,0,Best Way,Destination,P,N,85-8012589618C-1,0,Y,0,N,P,0,0,(UnAssigned),N,N,0,,,,,,,,,,,,Use Item Price,i,I,,0,+,,,,,,,,,,N,,0,,(UnAssigned),Y,N,,(UnAssigned),,,E,I,N,Y,N,,,0,0,0,0,0,0,P,,N,E,,N,N,E,,E,,N,E,,11,,8/14/2009 2:44:16 PM,CMS,,,N,10067
106243,"RYDER INTEGRATED LOGISTICS, INC.","GILBERT SEGOVIA, MGR FIELD FINANCE",13599 PARK VISTA BOULEVARD,FORT WORTH,TX,76177-3237,1-817-490-5835,1-817-490-5345,MAXINE,HANSEN,,,,,GILBERT SEGOVIA,SEGOVIA,GSEGOVIA@RYDER.COM,,,,,FLORIDASALES,10,Randy Frontz,0,(UNASSIGNED),DV,Duval County,N,,,(UnAssigned),NET 30,3/23/2010,700,,,0,0,0,0,0,0,0,Best Way,Destination,P,Y,,0,Y,0,N,P,5,0,Southside,N,Y,1,1,RYDER SYSTEMS INC.,12740 KENAN DRIVE,"BLDG 100,SUITE 100",JACKSONVILLE,FL,32258,,,,,Use Item Price,i,I,,0,+,,,,,,,,,,N,,0,,(UnAssigned),Y,N,,(UnAssigned),,C,E,I,N,Y,N,,,0,0,0,0,0,0,F,MAXINE,N,E,,N,N,E,,E,,N,E,,11,,8/14/2009 2:44:16 PM,CMS,3/19/2010 1:51:23 PM,JACKIE,N,10068
106410,SANIGLAZE INTERNATIONAL,P.O. BOX 37209,,JACKSONVILLE,FL,32236,904-355-2745,904-366-2690,TOM,FORGOT,,TOM,FORGOT,,Annmarie,P,Annmarie.p@SANIGLAZE.COM,,,,,FLORIDASALES,10,Randy Frontz,0,(UNASSIGNED),EX,Tax Exempt,N,,,(UnAssigned),NET 30,6/28/2024,15000,,,0,0,0,0,0,0,0,Best Way,Destination,P,N,26-8011909185-2  *16,0,Y,0,N,P,7,0,Westside,N,Y,1,6410,SANIGLAZE INTERNATIONAL,4526 LENOX AVENUE,,JACKSONVILLE,FL,32205,,,,,Use Item Price,i,I,,0,+,,,,,,,,,,N,,0,,(UnAssigned),Y,N,,(UnAssigned),Y,A,E,A,N,Y,N,,,0,0,0,0,0,0,M,CHARLINE,N,E,,N,N,E,,E,,N,E,,11,,8/14/2009 2:44:17 PM,CMS,9/12/2023 10:15:13 AM,NATE,N,10069
106460,"COMBS & GREEN, P.A.",3217 ATLANTIC BLVD,,JACKSONVILLE,FL,32207,904-302-6409,904-359-5506,BARBARA,BROWN,bbrown@smith-greene.com,,,,BARBARA,BROWN,bbrown@smith-greene.com,,,,,FLORIDASALES,10,Randy Frontz,0,(UNASSIGNED),DV,Duval County,N,,,(UnAssigned),NET 30,2/14/2013,300,,,0,0,0,0,0,0,0,Best Way,Destination,P,Y,,0,Y,0,N,P,0,0,(UnAssigned),N,N,0,,,,,,,,,,,,Use Item Price,i,I,,0,+,,,,,,,,,,N,,0,,(UnAssigned),Y,N,,(UnAssigned),,,E,I,N,Y,N,,,0,0,0,0,0,0,M,BARBARA,N,E,,N,N,E,,E,,N,E,,11,,8/14/2009 2:44:17 PM,CMS,10/25/2012 4:10:14 PM,JACKIE,N,10070
106480,SMP CORP.,285 N.W. 121 CT.,,MIAMI,FL,33182,305-439-7261,305-485-1517,TONY,FIGUEROA,,,,,TONY,FIGUEROA,,,,,,FLORIDASALES,10,Randy Frontz,0,(UNASSIGNED),DC,Dade County,N,,,(UnAssigned),C.O.D,7/15/2009,2000,,,0,0,0,0,0,0,0,Best Way,Destination,P,N,23-8013976595-2,0,Y,0,N,P,0,0,(UnAssigned),N,N,0,,,,,,,,,,,,Use Item Price,i,I,,0,+,,,,,,,,,,N,,0,,(UnAssigned),Y,N,,(UnAssigned),,,E,I,N,Y,N,,,0,0,0,0,0,0,P,,N,E,,N,N,E,,E,,N,E,,11,,8/14/2009 2:44:17 PM,CMS,,,N,10071
107000,TEMPLE BAPTIST CHURCH,485 HALSEMA ROAD NORTH,,JACKSONVILLE,FL,32220,904-781-4101,,PASTOR,GALENTINE,,,,,PASTOR,GALENTINE,,,,,,FLORIDASALES,10,Randy Frontz,0,(UNASSIGNED),DV,Duval County,N,,,(UnAssigned),NET 30,7/7/2014,500,,,0,0,0,0,0,0,0,Best Way,Destination,P,N,85-8012581920C-7,0,Y,0,N,P,0,0,(UnAssigned),N,N,0,,,,,,,,,,,,Use Item Price,i,I,,0,+,,,,MAIL ONLY,,,,,,N,,0,,(UnAssigned),Y,N,,(UnAssigned),,,E,I,N,Y,N,,,0,0,0,0,0,0,P,,N,E,,N,N,E,,E,,N,E,,11,,8/14/2009 2:44:17 PM,CMS,1/13/2010 1:14:55 PM,JOHN,N,10072
107010,TEMPLE BUILDERS FITNESS,CENTER,5310 LENOX AVENUE,JACKSONVILLE,FL,32205,904-394-0856,904-394-0858,CHERYL,MEYERS,,,,,CHERYL,MEYERS,,,,,,FLORIDASALES,10,Randy Frontz,0,(UNASSIGNED),DV,Duval County,N,,,(UnAssigned),NET 30,,2000,,,0,0,0,0,0,0,0,Best Way,Destination,P,N,85-8012702701C-1,0,Y,0,N,P,0,0,(UnAssigned),N,N,0,,,,,,,,,,,,Use Item Price,i,I,,0,+,,,,,,,,,,N,,0,,(UnAssigned),Y,N,,(UnAssigned),,,E,I,N,Y,N,,,0,0,0,0,0,0,P,,N,E,,N,N,E,,E,,N,E,,11,,8/14/2009 2:44:18 PM,CMS,,,N,10073
107020,TERRY WIMBERLY,627 PURCELL DRIVE,,JACKSONVILLE,FL,32221,904-783-4404,,TERRY,.,,,,,TERRY,.,,,,,,FLORIDASALES,10,Randy Frontz,0,(UNASSIGNED),DV,Duval County,N,,,(UnAssigned),C.O.D,,500,,,0,0,0,0,0,0,0,Best Way,Destination,P,Y,,0,Y,0,N,P,0,0,(UnAssigned),N,Y,1,7020,AMERICAN COOLAIR,ATTN: TERRY WIMERLY,3604 MAYFLOWER ST,JACKSONVILLE,FL,32205,,,,,Use Item Price,i,I,,0,+,,,,,,,,,,N,,0,,(UnAssigned),Y,N,,(UnAssigned),,,E,I,N,Y,N,,,0,0,0,0,0,0,P,,N,E,,N,N,E,,E,,N,E,,11,,8/14/2009 2:44:18 PM,CMS,,,N,10074
107150,SOUTHERN GLACIER WINE AND SPIRITS,,6867 STUART LANE SOUTH,JACKSONVILLE,FL,32205,904-783-1320,904-781-3624,EDWIN,MITCHELL,emitchell@southernwine.com,,,,CLAYDENE,MONTGOMERY,,,,,,FLORIDASALES,10,Randy Frontz,0,(UNASSIGNED),DV,Duval County,N,,,(UnAssigned),NET 30,3/4/2020,5000,,,0,0,0,0,0,0,0,Best Way,Destination,P,Y,,0,Y,0,N,P,7,0,Westside,N,Y,1,7150,SOUTHERN WINE AND SPIRITS,6867 STUART LANE SOUTH,,JACKSONVILLE,FL,32205,,,,,Use Item Price,i,I,,0,+,,,,,,,,,Y,N,,0,,(UnAssigned),Y,N,,(UnAssigned),,,E,I,N,Y,N,,,0,0,0,0,0,0,M,WILDA,N,E,,N,N,E,,E,,N,E,,53,,8/14/2009 2:44:18 PM,CMS,1/9/2020 1:08:11 PM,NATE,N,10075
107151,SOUTHERN WINE AND SPIRITS,,1301 E. BELMONT STREET,PENSACOLA,FL,32501,850-434-2804,850-434-5175,RANDY,HILL,,,,,RANDY,HILL,,,,,,FLORIDASALES,10,Randy Frontz,0,(UNASSIGNED),ES,Escambia County,N,,,(UnAssigned),CREDIT CARD,1/11/2018,2500,,,0,0,0,0,0,0,0,Best Way,Destination,P,Y,,0,Y,0,N,P,0,0,(UnAssigned),N,Y,1,7151,SOUTHERN WINE AND SPIRITS,6867 STUART LANE SOUTH,"JACKSONVILLE, FL 32205",,,,,,,,Use Item Price,i,I,,0,+,,,,,,,,,,N,,0,,(UnAssigned),Y,N,,(UnAssigned),,,E,I,N,Y,N,,,0,0,0,0,0,0,P,,N,E,,N,N,E,,E,,N,E,,11,,8/14/2009 2:44:18 PM,CMS,,,N,10076
107190,TOUCHDOWN BATTERIES,5042 W. BEAVER ST.,,JACKSONVILLE,FL,32254,904-783-2633,904-,JERRY,MARTINI,,,,,JERRY,MARTINI,,,,,,FLORIDASALES,10,Randy Frontz,0,(UNASSIGNED),DV,Duval County,N,,,(UnAssigned),C.O.D,4/11/2019,200,,,0,0,0,0,0,0,0,WILL CALL,Destination,P,Y,,0,Y,0,N,P,7,0,Westside,Y,Y,1,7190,TOUCHDOWN BATTERIES,22 SOUTH EDGEWOOD AVE,"JACKSONVILLE, FL 32254",904/781-2286,,,JERRY,,,,Use Item Price,i,I,,0,+,,,,,,,,,,N,,0,,(UnAssigned),N,N,,(UnAssigned),,,E,I,N,Y,N,,,0,0,0,0,0,0,P,,N,E,,Y,N,E,,E,,N,E,,11,,8/14/2009 2:44:19 PM,CMS,10/13/2010 1:13:38 PM,JACKIE,N,10077
107370,THE RESURFACING COMPANY,13371 ASHFORD WOOD CT E,,JACKSONVILLE,FL,32218,904-333-9756,904-329-2345,,,,,,,,,,,,,,FLORIDASALES,10,Randy Frontz,0,(UNASSIGNED),DV,Duval County,N,,,(UnAssigned),C.O.D,9/16/2019,0,,,0,0,0,0,0,0,0,WILL CALL,Destination,P,Y,,0,Y,0,N,P,2,0,Northside,Y,N,0,,,,,,,,,,,,Use Item Price,i,I,,0,+,,,,,,,,,,N,,0,,(UnAssigned),N,N,,(UnAssigned),,,E,I,N,Y,N,,,0,0,0,0,0,0,P,,N,E,,N,N,E,,E,,N,E,,11,,8/14/2009 2:44:19 PM,CMS,1/6/2012 10:03:51 AM,JACKIE,N,10078
107390,THE WHOLESALE HOUSE,,503 W. HIGH STREET,HICKSVILLE,OH,43526,904-367-8857,904-730-3125,ozzie,.,ozzie@twhouse.com,,,,ozzie,.,ozzie@twhouse.com,,,,,FLORIDASALES,10,Randy Frontz,0,(UNASSIGNED),DV,Duval County,N,,,(UnAssigned),NET 30,6/19/2018,2000,,,0,0,0,0,0,0,0,Best Way,Destination,P,N,26-8012304692-9  *16,0,Y,0,N,P,5,0,Southside,N,Y,1,7390,THE WHOLESALE HOUSE,8320 BAYCENTER ROAD,"JACKSONVILLE, FL",32256,,,CARUSO,,,,Use Item Price,i,I,,0,+,,,,,,,,,,N,,0,,(UnAssigned),Y,N,,(UnAssigned),Y,B,E,I,N,Y,N,,,0,0,0,0,0,0,M,ELIZABETH,N,E,,N,N,E,,E,,N,E,,11,,8/14/2009 2:44:19 PM,CMS,12/29/2017 12:35:03 PM,BRITTANY,N,10079
107410,STAINLESS STRUCTURALS,590 BEAUTYREST AVENUE,,JACKSONVILLE,FL,32254,904-781-6447,904-781-6444,MICHELLE,.,,,,,MICHELLE,.,,,,,,FLORIDASALES,10,Randy Frontz,0,(UNASSIGNED),DV,Duval County,N,,,(UnAssigned),NET 30,8/30/2013,1500,,,0,0,0,0,0,0,0,Best Way,Destination,P,Y,,0,Y,0,N,P,0,0,(UnAssigned),N,N,0,,,,,,,,,,,,Use Item Price,i,I,,0,+,,,,,,,,,,N,,0,,(UnAssigned),Y,N,,(UnAssigned),,C,E,I,N,Y,N,,,0,0,0,0,0,0,F,MICHELLE,N,E,,N,N,E,,E,,N,E,,11,,8/14/2009 2:44:19 PM,CMS,12/17/2009 9:33:03 AM,JOHN,N,10080
107450,STELLAR,2900 HARTLEY RD.,,JACKSONVILLE,FL,32257,904-260-2900,904-899-9216,WAYNE,BURROWS31,,,,,WAYNE,BURROWS31,,,,,,FLORIDASALES,10,Randy Frontz,0,(UNASSIGNED),DV,Duval County,N,,,(UnAssigned),NET 30,4/29/2013,5000,,,0,0,0,0,0,0,0,Best Way,Destination,P,Y,,0,Y,0,N,P,0,0,(UnAssigned),N,N,0,,,,,,,,,,,,Use Item Price,i,I,,0,+,,,,,,,,,,N,,0,,(UnAssigned),Y,N,,(UnAssigned),,,E,I,N,Y,N,,,0,0,0,0,0,0,P,,N,E,,N,N,E,,E,,N,E,,11,,8/14/2009 2:44:20 PM,CMS,9/11/2012 10:21:16 AM,JACKIE,N,10081
109680,UNIVERSAL PAPER PRODUCTS,ATTN: DENISE FAQUNDES/UPP,2825 NORTH 10TH STREET,ST AUGUSTINE,FL,32084,904-354-4222,904-354-5222,LUIS,GOITIA,,,,,LUIS,GOITIA,,,,,,FLORIDASALES,45,Michael Farah,0,(UNASSIGNED),DV,Duval County,N,,,(UnAssigned),NET 30,2/23/2010,2000,,,0,0,0,0,0,0,0,Best Way,Destination,P,Y,,0,Y,0,N,P,7,0,Westside,N,Y,1,9680,UNIVERSAL PAPER PRODUCTS,2100 DENNIS STREET,,JACKSONVILLE,FL,32204,,,,,Use Item Price,i,I,,0,+,,,,,,,,,,N,,0,,(UnAssigned),N,N,,(UnAssigned),,,E,I,N,Y,N,,,0,0,0,0,0,0,P,,N,E,,N,N,E,,E,,N,E,,11,,8/14/2009 2:44:20 PM,CMS,2/8/2010 11:12:55 AM,JACKIE,N,10082
109705,WESTGATE LABORATORIES,1859 CARAVAN TRAIL,UNIT 106,JACKSONVILLE,FL,32216,904-727-5006,904-727-7005,STUART,.,,,,,STUART,.,,,,,,FLORIDASALES,10,Randy Frontz,0,(UNASSIGNED),DV,Duval County,N,,,(UnAssigned),NET 30,7/17/2008,500,,,0,0,0,0,0,0,0,Best Way,Destination,P,Y,,0,Y,0,N,P,12,0,Arlington,N,N,0,,,,,,,,,,,,Use Item Price,i,I,,0,+,,,,,,,,,Y,N,,0,,(UnAssigned),Y,N,,(UnAssigned),,,E,I,N,Y,N,,,0,0,0,0,0,0,P,,N,E,,N,N,E,,E,,N,E,,11,,8/14/2009 2:44:20 PM,CMS,9/4/2009 10:28:49 AM,DAWN,N,10083
118000,TAW JACKSONVILLE SERVICE,CENTER,P.O. BOX 3381,TAMPA,FL,33601,904-757-7790,904-757-3597,MICHELLE,ORR,michelle.orr@tawinc.com,MICHELLE,ORR,MICHELLE.ORR@TAWINC.COM,MICHELLE,ORR,michelle.orr@tawinc.com,,,,,FLORIDASALES,32,John Russell,0,(UNASSIGNED),DV,Duval County,N,,,(UnAssigned),NET 30,7/6/2018,3000,,,0,0,0,0,0,0,0,BEST WAY,Destination,P,Y,26-8012460461-8,0,Y,0,N,P,2,0,Northside,N,Y,1,8001,TAW JACKSONVILLE SERVICE,CENTER,10520 BUSCH DRIVE NORTH,"JACKSONVILLE,FL",,32218,,,,,Use Item Price,i,I,,0,+,,,,,,,,,,N,,0,,(UnAssigned),N,N,,(UnAssigned),Y,A,E,I,N,Y,N,,,0,0,0,0,0,0,M,MICHELLE,N,E,,Y,N,E,,E,,N,E,,37,,8/14/2009 2:44:20 PM,CMS,7/6/2018 9:35:40 AM,PETE,N,10084
118002,LEE ELLE SALES,4251 MONUMENT ROAD,UNIT 204,JACKSONVILLE,FL,32225,904-646-1753,904-645-6052,RODNEY,ELLISON,,,,,RODNEY,ELLISON,,,,,,FLORIDASALES,32,John Russell,0,(UNASSIGNED),DV,Duval County,N,,,(UnAssigned),NET 30,11/4/2013,1000,,,0,0,0,0,0,0,0,WILL CALL,Destination,P,N,26-8012390148-4,0,Y,0,N,P,17,0,Customer Pickup,N,N,0,,,,,,,,,,,,Use Item Price,i,I,,0,+,,,,,,,,,,N,,0,,(UnAssigned),N,N,,(UnAssigned),,,E,I,N,Y,N,,,0,0,0,0,0,0,P,,N,E,,N,N,E,,E,,N,E,,37,,8/14/2009 2:44:21 PM,CMS,2/8/2012 10:15:12 AM,RANDY,N,10085
135700,ORANGE PARK FURNITURE,,1329 PARK AVENUE,ORANGE PARK,FL,32073,904-264-5464,904-269-1750,APRIL,.,,,,,APRIL,.,,,,,,FLORIDASALES,10,Randy Frontz,0,(UNASSIGNED),CL,Clay County,N,,,(UnAssigned),NET 10,10/18/2010,500,,,0,0,0,0,0,0,0,Best Way,Destination,P,Y,,0,Y,0,N,P,0,0,(UnAssigned),N,N,0,,,,,,,,,,,,Use Item Price,i,I,,0,+,,,,,,,,,,N,,0,,(UnAssigned),Y,N,,(UnAssigned),,,E,I,N,Y,N,,,0,0,0,0,0,0,P,,N,E,,N,N,E,,E,,N,E,,11,,8/14/2009 2:44:21 PM,CMS,10/21/2009 12:09:04 PM,JACKIE,N,10087
140012,COASTAL INDUSTRIES,P.O. BOX 16091,,JACKSONVILLE,FL,32245,904-642-3970,904-596-1005,TIM,WAHLERS,TimW@coastalind.com,,,,.,.,,,,,,FLORIDASALES,50,RANDY FRONTZ,0,(UNASSIGNED),DV,Duval County,N,,,(UnAssigned),NET 30,11/17/2014,500,,,0,0,0,0,0,0,0,Best Way,Destination,P,N,26-8011947180-9  *17,0,Y,0,N,F,5,0,Southside,N,Y,1,12,COASTAL INDUSTRIES,3700 ST. JOHNS INDUSTRIAL,PARKWAY WEST,"JACKSONVILLE,",FL,32246,,,,,Use Item Price,i,I,,0,+,,,,,,***PLEASE REPORT TO RECEIVING,OFFICE-RICHARD ZACHERY B4,BACKING INTO THE DOCK AREA***,,N,,0,,(UnAssigned),N,N,,(UnAssigned),Y,A,E,I,N,Y,N,,,0,0,0,0,0,0,F,TAMMY,N,E,,N,N,E,,E,,N,E,,15,,8/14/2009 2:44:21 PM,CMS,12/27/2016 12:29:52 PM,PETE,N,10088
140017,USNR,P.O. BOX 310,,WOODLAND,WA,98674,904-354-2301,904-798-3107,,,,,,,ACCOUNTS,PAYABLE,accountspayable@usnr.com,,,,,FLORIDASALES,7,Eugene Aman,0,(UNASSIGNED),DV,Duval County,N,,,(UnAssigned),NET 45,4/15/2026,500,,,10385.47,4013.96,3878.88,2492.63,0,0,0,Best Way,Destination,P,N,26-8012292977-9  *18,0,Y,0,N,E,0,0,(UnAssigned),N,Y,1,17,USNR,6630 BROADWAY AVE,,JACKSONVILLE,FL,32254,,,,,Use Item Price,i,I,,0,+,800-289-8767   WOODLAND WA.,,,,,,,,,N,,0,,(UnAssigned),Y,N,,(UnAssigned),,C,A,A,N,Y,N,,,0,0,0,0,0,0,M,ACCOUNTS,N,E,,N,N,E,,E,,N,E,,15,,8/14/2009 2:44:22 PM,CMS,2/12/2026 9:15:15 AM,JEFF,N,10089
140026,ADCOM WIRE,925 NORTH LANE AVENUE,,JACKSONVILLE,FL,32254,904-786-0750,904-786-8370,ART,CABALIW,,,,,ART,CABALIW,,,,,,FLORIDASALES,24,Artie Hardie - Existing,0,(UNASSIGNED),DV,Duval County,N,,,(UnAssigned),NET 30,,2000,,,0,0,0,0,0,0,0,Best Way,Destination,P,Y,26-00-169417-63-0,0,Y,0,N,P,0,0,(UnAssigned),N,N,0,,,,,,,,,,,,Use Item Price,i,I,,0,+,,,,,,,,,,N,,0,,(UnAssigned),Y,N,,(UnAssigned),,,E,I,N,Y,N,,,0,0,0,0,0,0,P,,N,E,,N,N,E,,E,,N,E,,15,,8/14/2009 2:44:22 PM,CMS,12/5/2013 6:46:14 AM,RANDY,N,10090
140028,GEORGE A ISRAEL JR. INC.,144 WATTS STREET,,JACKSONVILLE,FL,32204,904-355-7867,904-355-0077,GARY,.,,,,,GARY,.,,,,,,FLORIDASALES,52,RANDY FRONTZ,0,(UNASSIGNED),DV,Duval County,N,,,(UnAssigned),NET 30,5/29/2025,500,,,0,0,0,0,0,0,0,Best Way,Destination,P,N,23-8012356651-5,0,Y,0,N,P,0,0,(UnAssigned),N,N,0,,,,,,,,,,,,Use Item Price,i,I,,0,+,,,,,,,,,,N,,0,,(UnAssigned),Y,N,,(UnAssigned),,,D,I,N,Y,N,,,0,0,0,0,0,0,M,april,N,E,,N,N,E,,E,,N,E,,15,,8/14/2009 2:44:22 PM,CMS,3/21/2018 12:03:35 PM,BRITTANY,N,10091
140031,PRIORITY COURIERS,4344 PHILIPS HIGHWAY,,JACKSONVILLE,FL,32207,904-448-3154,904-346-0292,CHRISTINA,.,,,,,CHRISTINA,.,,,,,,FLORIDASALES,99,RANDY FRONTZ,0,(UNASSIGNED),DV,Duval County,N,,,(UnAssigned),NET 30,6/11/2009,500,,,0,0,0,0,0,0,0,Best Way,Destination,P,Y,,0,Y,0,N,P,0,0,(UnAssigned),N,N,0,,,,,,,,,,,,Use Item Price,i,I,,0,+,,,,,,,,,Y,N,,0,,(UnAssigned),Y,N,,(UnAssigned),,,E,I,N,Y,N,,,0,0,0,0,0,0,P,,N,E,,N,N,E,,E,,N,E,,15,,8/14/2009 2:44:23 PM,CMS,10/4/2012 4:42:15 PM,RANDY,N,10092
140034,ABC SUPPLY,2210 DOBBS ROAD,,JACKSONVILLE,FL,32207,904-730-2770,904-730-2772,DAVID,GOUGE,,,,,DAVID,GOUGE,,,,,,FLORIDASALES,24,Artie Hardie - Existing,0,(UNASSIGNED),DV,Duval County,N,,,(UnAssigned),NET 30,2/18/2014,1000,,,0,0,0,0,0,0,0,Best Way,Destination,P,Y,80-8012402799-4,0,Y,0,N,P,0,0,(UnAssigned),N,N,0,,,,,,,,,,,,Use Item Price,i,I,,0,+,,,,,,,,,,N,,0,,(UnAssigned),Y,N,,(UnAssigned),,,E,I,N,Y,N,,,0,0,0,0,0,0,P,,N,E,,N,N,E,,E,,N,E,,15,,8/14/2009 2:44:23 PM,CMS,6/21/2017 8:26:20 AM,DAVID,N,10093
140037,R & R DISTRIBUTORS,2727-7 CLYDO ROAD,,JACKSONVILLE,FL,32207,904-730-7255,904-730-9717,SCOTT,.,sales@rrdist.com,MITCH,.,,SCOTT,.,sales@rrdist.com,,,,,FLORIDASALES,51,RANDY FRONTZ,0,(UNASSIGNED),DV,Duval County,N,,,(UnAssigned),NET 30,1/7/2013,500,,,0,0,0,0,0,0,0,Best Way,Destination,P,N,26-8012409713-5,0,Y,0,N,E,5,0,Southside,N,N,0,,,,,,,,,,,,Use Item Price,i,I,,0,+,,,,,,,,,,N,,0,,(UnAssigned),Y,N,,(UnAssigned),,C,E,I,N,Y,N,,,0,0,0,0,0,0,M,ROBERT,N,E,,N,N,E,,E,,N,E,,15,,8/14/2009 2:44:23 PM,CMS,10/13/2014 4:28:31 PM,RANDY,N,10094
140038,A&A TRANSFER AND STORAGE,670 NORTH LANE AVENUE,,JACKSONVILLE,FL,32254,904-786-0242,904-783-6205,DENVER,ANDERSON,DANDERSON@ANATRANSFER.COM,,,,DENVER,ANDERSON,DANDERSON@ANATRANSFER.COM,,,,,FLORIDASALES,58,ROBIN FRONTZ-exist,0,(UNASSIGNED),DV,Duval County,N,,,(UnAssigned),NET 30,10/14/2013,500,,,0,0,0,0,0,0,0,Best Way,Destination,P,Y,,0,Y,0,N,P,0,0,(UnAssigned),N,N,0,,,,,,,,,,,,Use Item Price,i,I,,0,+,,,,,,,,,,N,,0,,(UnAssigned),N,N,,(UnAssigned),,C,E,I,N,Y,N,,,0,0,0,0,0,0,P,,N,E,,N,N,E,,E,,N,E,,15,,8/14/2009 2:44:23 PM,CMS,10/4/2012 4:50:07 PM,RANDY,N,10095
140054,WINN DIXIE GMD WAREHOUSE,ATTN: RICHARD BLANKBILLER,5050 EDGEWOOD COURT,JACKSONVILLE,FL,32254,904-783-5104,904-783-5567,KRISTI,CLARK,KRISTICLARK@WINN-DIXIE.COM,,,,MARK,MURRAY,MARKMURRAY@WINN-DIXIE.COM,,,,,FLORIDASALES,58,ROBIN FRONTZ-exist,0,(UNASSIGNED),DV,Duval County,N,,,(UnAssigned),NET 30,10/2/2014,15000,,,0,0,0,0,0,0,0,Best Way,Destination,P,Y,,0,Y,0,N,P,0,0,(UnAssigned),N,Y,1,54,WINN DIXIE GMD,5050 EDGEWOOD COURT,"JACKSONVILLE, FL 32254",,,,,,,,Use Item Price,i,I,,0,+,VENDOR #540078,,,,,,,,,N,,0,,(UnAssigned),N,N,,(UnAssigned),Y,A,E,I,N,Y,N,,,0,0,0,0,0,0,M,CARRIE,N,E,,N,N,E,,E,,N,E,,15,,8/14/2009 2:44:24 PM,CMS,11/3/2014 10:29:40 AM,STEVE,N,10096
140056,WINN DIXIE-BEAVER,ATTN: JIMMY WOODWARD,15500 WEST BEAVER STREET,JACKSONVILLE,FL,32234,904-266-8128,904-266-8104,JIMMY,WOODWARD,JIMMYWOODWARD@WINN-DIXIE.COM,,,,JIMMY,WOODWARD,JIMMYWOODWARD@WINN-DIXIE.COM,,,,,FLORIDASALES,58,ROBIN FRONTZ-exist,0,(UNASSIGNED),DV,Duval County,N,,,(UnAssigned),NET 30,1/27/2015,2000,,,0,0,0,0,0,0,0,Best Way,Destination,P,Y,,0,Y,0,N,P,0,0,(UnAssigned),N,N,0,,,,,,,,,,,,Use Item Price,i,I,,0,+,,,,,,,,,,N,,0,,(UnAssigned),N,N,,(UnAssigned),,C,E,I,N,Y,N,,,0,0,0,0,0,0,P,,N,E,,N,N,E,,E,,N,E,,15,,8/14/2009 2:44:24 PM,CMS,4/15/2015 9:26:58 AM,STEVE,N,10097
140085,ABBA PRINTING,P.O. BOX 551156,,JACKSONVILLE,FL,32255,904-358-0385,904-358-0384,NORB,.,,,,,NORB,.,,,,,,FLORIDASALES,52,RANDY FRONTZ,0,(UNASSIGNED),DV,Duval County,N,,,(UnAssigned),NET 30,2/8/2007,500,,,0,0,0,0,0,0,0,Best Way,Destination,P,N,26-8012120521-0,0,Y,0,N,P,7,0,Westside,N,Y,1,85,ABBA PRINTING,523 SAMPLES STREET,"JACKSONVILLE, FL 32204",,,,,,,,Use Item Price,i,I,,0,+,,,,,,,,,,N,,0,,(UnAssigned),Y,N,,(UnAssigned),,,E,I,N,Y,N,,,0,0,0,0,0,0,P,,N,E,,N,N,E,,E,,N,E,,15,,8/14/2009 2:44:24 PM,CMS,11/8/2012 2:26:43 PM,JACKIE,N,10098
140110,AGC GLASS COMPANY  NORTH AMERICA,6600 SUEMAC PLACE,,JACKSONVILLE,FL,32205,904-378-7902,904-378-7942,TERRY,JONES,terry.jones@us.agc.com,,,,TERRY,JONES,terry.jones@us.agc.com,,,,,FLORIDASALES,100,RANDY FRONTZ,0,(UNASSIGNED),DV,Duval County,N,,,(UnAssigned),NET 30,,500,,,0,0,0,0,0,0,0,Best Way,Destination,P,Y,,0,Y,0,N,P,0,0,(UnAssigned),N,N,0,,,,,,,,,,,,Use Item Price,i,I,,0,+,,,,,,,,,,N,,0,,(UnAssigned),Y,N,,(UnAssigned),,,E,I,N,Y,N,,,0,0,0,0,0,0,P,,N,E,,N,N,E,,E,,N,E,,15,,8/14/2009 2:44:24 PM,CMS,8/28/2012 10:53:56 AM,NEAL,N,10099
140140,"AMERICAN RUBBER TECHNOLOGIES, INC.",P.O. BOX 6548,,JACKSONVILLE,FL,32236,904-786-5200,904-786-1060,MIKE,.,,,,,MIKE,.,,,,,,FLORIDASALES,51,RANDY FRONTZ,0,(UNASSIGNED),DV,Duval County,N,,,(UnAssigned),NET 30,,500,,,0,0,0,0,0,0,0,Best Way,Destination,P,Y,26-00-129908-63-9,0,Y,0,N,P,7,0,Westside,N,Y,1,788,AMERICAN RUBBER TECHNOLOG,,302 NORTH LANE AVENUE,JACKSONVILLE,FL,32254,MIKE,,,,Use Item Price,i,I,,0,+,,,,,,,,,,N,,0,,(UnAssigned),Y,N,,(UnAssigned),,,E,I,N,Y,N,,,0,0,0,0,0,0,P,,N,E,,N,N,E,,E,,N,E,,15,,8/14/2009 2:44:25 PM,CMS,4/10/2017 8:07:04 AM,DAVID,N,10100
140180,WESTINGHOUSE LIGHTING,2000 LEWIS INDUSTRIAL DR,,JACKSONVILLE,FL,32254,904-783-9161,904-783-9213,GLENN,BECK,,,,,GLENN,BECK,,,,,,FLORIDASALES,51,RANDY FRONTZ,0,(UNASSIGNED),DV,Duval County,N,,,(UnAssigned),NET 30,,500,,,0,0,0,0,0,0,0,Best Way,Destination,P,Y,,0,Y,0,N,P,0,0,(UnAssigned),N,N,0,,,,,,,,,,,,Use Item Price,i,I,,0,+,,,,,,,,,,N,,0,,(UnAssigned),Y,N,,(UnAssigned),,,E,I,N,Y,N,,,0,0,0,0,0,0,P,,N,E,,N,N,E,,E,,N,E,,15,,8/14/2009 2:44:25 PM,CMS,11/26/2014 8:10:58 AM,BRITTANY,N,10101
140200,BACARDI BOTTLING,1 IMESON PARK BLVD,,JACKSONVILLE,FL,32218,904-696-5570,904-696-6598,BRANDY,HOWARD,,,,,BRANDY,HOWARD,,,,,,FLORIDASALES,51,RANDY FRONTZ,0,(UNASSIGNED),DV,Duval County,N,,,(UnAssigned),NET 30,,1000,,,0,0,0,0,0,0,0,Best Way,Destination,P,Y,,0,Y,0,N,P,0,0,(UnAssigned),N,N,0,,,,,,,,,,,,Use Item Price,i,I,,0,+,,,,,,,,,,N,,0,,(UnAssigned),Y,N,,(UnAssigned),,,E,I,N,Y,N,,,0,0,0,0,0,0,P,,N,E,,N,N,E,,E,,N,E,,15,,8/14/2009 2:44:25 PM,CMS,10/14/2014 3:24:46 PM,RANDY,N,10102
140212,CARRIBEAN COLD STORAGE,1505 DENNIS STREET,,JACKSONVILLE,FL,32204,904-358-0027,904-358-0032,STEVE,.,,STEVE,.,,STEVE,.,,,,,,FLORIDASALES,99,RANDY FRONTZ,0,(UNASSIGNED),DV,Duval County,N,,,(UnAssigned),NET 30,,500,,,0,0,0,0,0,0,0,Best Way,Destination,P,Y,,0,Y,0,N,P,0,0,(UnAssigned),N,N,0,,,,,,,,,,,,Use Item Price,i,I,,0,+,,,,,,,,,,N,,0,,(UnAssigned),Y,N,,(UnAssigned),,,E,I,N,Y,N,,,0,0,0,0,0,0,P,,N,E,,N,N,E,,E,,N,E,,53,,8/14/2009 2:44:25 PM,CMS,3/22/2013 11:23:38 AM,NEAL,N,10103
140400,UNIVAR,155 ELLIS ROAD SOUTH,,JACKSONVILLE,FL,32254,904-693-4815,904-693-4830,HARVEY,HALL,,,,,HARVEY,HALL,,,,,,FLORIDASALES,52,RANDY FRONTZ,0,(UNASSIGNED),DV,Duval County,N,,,(UnAssigned),NET 30,,2000,,,0,0,0,0,0,0,0,Best Way,Destination,P,Y,,0,Y,0,N,P,0,0,(UnAssigned),N,Y,1,400,"VOPAK USA., INC.",155 ELLIS ROAD SOUTH,"JACKSONVILLE, FL 32254",,,,,,,,Use Item Price,i,I,,0,+,,,,,,,,,,N,,0,,(UnAssigned),Y,N,,(UnAssigned),,,E,I,N,Y,N,,,0,0,0,0,0,0,P,,N,E,,N,N,E,,E,,N,E,,15,,8/14/2009 2:44:26 PM,CMS,11/8/2012 2:48:32 PM,JACKIE,N,10104
140580,BARNES IND.PLASTIC PIPING,558 STUART LANE,,JACKSONVILLE,FL.,32254,904-781-7100,904-781-0001,SHARON,MCBRIDE,SMCBRIDE@BARNESINDUSTRIAL.COM,SHARON,MCBRIDE,SMCBRIDE@BARNESINDUSTRIAL.COM,SHARON,MCBRIDE,SMCBRIDE@BARNESINDUSTRIAL.COM,,,,,FLORIDASALES,51,RANDY FRONTZ,0,(UNASSIGNED),DV,Duval County,N,,,(UnAssigned),NET 30,11/16/2012,1000,,,0,0,0,0,0,0,0,Best Way,Destination,P,N,26-8012169765-9  *14,0,Y,0,N,P,7,0,Westside,N,N,0,,,,,,,,,,,,Use Item Price,i,I,,0,+,,,,,,,,,,N,,*MAIN,,(UnAssigned),Y,N,,(UnAssigned),,,E,I,N,Y,N,,,0,0,0,0,0,0,M,SHARON,N,E,,N,N,E,,E,,N,E,,53,,8/14/2009 2:44:26 PM,CMS,10/14/2014 3:25:24 PM,RANDY,N,10105
140695,A & M SUPPLY,1720 LEWIS INDUSTRIAL DRIVE,,JACKSONVILLE,FL,32254,904-786-8314,904-786-4763,STEPHANIE,.,,,,,STEPHANIE,.,,,,,,FLORIDASALES,52,RANDY FRONTZ,0,(UNASSIGNED),DV,Duval County,N,,,(UnAssigned),NET 30,,2000,,,0,0,0,0,0,0,0,Best Way,Destination,P,Y,,0,Y,0,N,P,7,0,Westside,N,Y,2,691,A & M SUPPLY,,6701 90th AVE NORTH,PINELLS PARK,FL,34666,,,,,Use Item Price,i,I,,0,+,,,,,,,,,,N,,0,,(UnAssigned),Y,N,,(UnAssigned),,,E,I,N,Y,N,,,0,0,0,0,0,0,P,,N,E,,N,N,E,,E,,N,E,,15,,8/14/2009 2:44:26 PM,CMS,2/22/2011 11:55:18 AM,JACKIE,N,10107
140789,BUG OUT SERVICES,5951 ARLINGTON EXRESSWAY,,JACKSONVILLE,FL,32211,904-743-8272,904-743-8278,JOE,AMY @ 4119,CAMY@BUGOUTSERVICE.COM,,,,JOE,AMY @ 4119,CAMY@BUGOUTSERVICE.COM,,,,,FLORIDASALES,51,RANDY FRONTZ,0,(UNASSIGNED),DV,Duval County,N,,,(UnAssigned),CREDIT CARD,4/21/2015,500,,,0,0,0,0,0,0,0,Best Way,Destination,P,Y,,0,Y,0,N,P,0,0,(UnAssigned),N,Y,4,26,BUG OUT SERVICES,1959 KINGS AVENUE,"JACKSONVILLE, FL 32207",743-8272,EX,4128,TERRY DONOHUE,,,,Use Item Price,i,I,,0,+,,,,,,,,,,N,,0,,(UnAssigned),Y,N,,(UnAssigned),,C,E,I,N,Y,N,,,0,0,0,0,0,0,P,,N,E,,N,N,E,,E,,N,E,,15,,8/14/2009 2:44:27 PM,CMS,4/21/2015 3:52:43 PM,STEVE,N,10108
140795,"FLUIDRA USA, INC.",8525 MALLORY ROAD,,JACKSONVILLE,FL,32220,904-378-0999,904-378-0779,LEIGHANNA,COLE,LCOLE@FLUIDRA.US,CHARLENE,MAY,CMAY@FLUIDRA.US,JULIE,HARPER,JHARPER@FLUIDRA.US,,,,,FLORIDASALES,51,RANDY FRONTZ,0,(UNASSIGNED),DV,Duval County,N,,,(UnAssigned),NET 30,2/23/2012,1000,,,0,0,0,0,0,0,0,Best Way,Destination,P,Y,26-8013523620-6  *11,0,Y,0,N,P,7,0,Westside,N,N,0,,,,,,,,,,,,Use Item Price,i,I,,0,+,,,,,,,,,,N,,0,,(UnAssigned),Y,N,,(UnAssigned),,,E,I,N,Y,N,,,0,0,0,0,0,0,P,,N,E,,N,N,E,,E,,N,E,,15,,8/14/2009 2:44:27 PM,CMS,10/23/2014 1:40:36 PM,JACKIE,N,10109
140800,BRYTECH,1143 HAINES STREET,,JACKSONVILLE,FL,32206,904-354-8691,904-354-8294,BOB,.,,SCOTT,TROGDON,SCOTT@BRY-TECH.COM,BOB,.,,,,,,FLORIDASALES,100,RANDY FRONTZ,0,(UNASSIGNED),DV,Duval County,N,,,(UnAssigned),NET 30,11/20/2017,300,,,0,0,0,0,0,0,0,Best Way,Destination,P,Y,,0,Y,0,N,P,0,0,(UnAssigned),N,N,0,,,,,,,,,,,,Use Item Price,i,I,,0,+,,,,,,,,,,N,,0,,(UnAssigned),Y,N,,(UnAssigned),,,E,I,N,Y,N,,,0,0,0,0,0,0,M,KRISTI,N,E,,N,N,E,,E,,N,E,,15,,8/14/2009 2:44:27 PM,CMS,10/1/2015 9:11:41 AM,STEVE,N,10110
140872,"BESCO, INC.",6555 TRADE CENTER DRIVE,,JACKSONVILLE,FL,32254,904-783-4504,904-781-8185,SUSIE,.,,,,,SUSIE,.,,,,,,FLORIDASALES,52,RANDY FRONTZ,0,(UNASSIGNED),DV,Duval County,N,,,(UnAssigned),NET 30,11/23/2010,500,,,0,0,0,0,0,0,0,Best Way,Destination,P,Y,,0,Y,0,N,P,7,0,Westside,N,N,0,,,,,,,,,,,,Use Item Price,i,I,,0,+,,,,,,,,,,N,,0,,(UnAssigned),Y,N,,(UnAssigned),,,E,I,N,Y,N,,,0,0,0,0,0,0,P,,N,E,,N,N,E,,E,,N,E,,53,,8/14/2009 2:44:27 PM,CMS,11/8/2012 2:27:54 PM,JACKIE,N,10111
140925,ALDOR SALES,6666 STUART AVENUE,,JACKSONVILLE,FL,32205,904-786-6855,904-786-3862,"RICK,",JEAN,,"RICK,",JEAN,,"RICK,",JEAN,,,,,,FLORIDASALES,52,RANDY FRONTZ,0,(UNASSIGNED),DV,Duval County,N,,,(UnAssigned),NET 30,3/6/2025,500,,,4.17,0,0,0,0,0,4.17,Best Way,Destination,P,Y,,0,Y,0,N,P,0,0,(UnAssigned),N,Y,1,2,ALDOR SALES,6666 STUART AVENUE,,,,,,,,,Use Item Price,i,I,,0,+,,,,,,,,,,N,,0,,(UnAssigned),Y,N,,(UnAssigned),,,E,I,N,Y,N,,,0,0,0,0,0,0,M,JEAN,N,E,,N,N,E,,E,,N,E,,53,,8/14/2009 2:44:28 PM,CMS,6/13/2024 11:18:17 AM,NATE,N,10112
140980,DAVIS SEAT COVER,5900 ARLINGTON ROAD,,JACKSONVILLE,FL,32211,904-743-2242,904-744-8136,BOB,.,DAVISSEATCOVERS@AOL.COM,BOB,.,DAVISSEATCOVERS@AOL.COM,BOB,.,DAVISSEATCOVERS@AOL.COM,,,,,FLORIDASALES,24,Artie Hardie - Existing,0,(UNASSIGNED),DV,Duval County,N,,,(UnAssigned),CREDIT CARD,8/16/2019,500,,,0,0,0,0,0,0,0,Best Way,Destination,P,Y,,0,Y,0,N,P,0,0,(UnAssigned),N,N,0,,,,,,,,,,,,Use Item Price,i,I,,0,+,,,,,,,,,,N,,0,,(UnAssigned),Y,N,,(UnAssigned),,,E,I,N,Y,N,,,0,0,0,0,0,0,P,BOB,N,E,,N,N,E,,E,,N,E,,15,,8/14/2009 2:44:28 PM,CMS,3/24/2021 2:02:11 PM,NATE,N,10113
140995,CANAM STEEL CORP.,P.O. BOX 285,,POINT OF ROCKS,MD,21777,904-781-0898,904-781-7477,TAMMY,COCKRAN,,,,,TAMMY,COCKRAN,,,,,,FLORIDASALES,51,RANDY FRONTZ,0,(UNASSIGNED),DV,Duval County,N,,,(UnAssigned),NET 60,,1000,,,0,0,0,0,0,0,0,Best Way,Destination,P,Y,,0,Y,0,N,P,0,0,(UnAssigned),N,Y,1,995,CANAM STEEL CORPORATION,140 S. ELLIS ROAD,"JACKSONVILLE, FL 32254",,,,,,,,Use Item Price,i,I,,0,+,,,,,,,,,,N,,0,,(UnAssigned),Y,N,,(UnAssigned),,,E,I,N,Y,N,,,0,0,0,0,0,0,P,,N,E,,N,N,E,,E,,N,E,,15,,8/14/2009 2:44:28 PM,CMS,10/13/2014 4:16:54 PM,RANDY,N,10114
141001,CROWLEY MARITIME,ATTN: ACCOUNTS PAYABLE,P.O. BOX 2110,JACKSONVILLE,FL,32203,904-727-2200,904-727-4194,,,,,,,,,,,,,,FLORIDASALES,24,Artie Hardie - Existing,0,(UNASSIGNED),DV,Duval County,N,,,(UnAssigned),NET 30,6/21/2006,5000,,,0,0,0,0,0,0,0,Best Way,Destination,P,N,26-08-102789-67-9,0,Y,0,N,P,0,0,(UnAssigned),N,Y,3,1001,CROWLEY MARITIME CORP.,1150 TALLEYRAND AVENUE,"JACKSONVILLE, FL 32206",,,,,,,,Use Item Price,i,I,,0,+,,,,,,,,,,N,,0,,(UnAssigned),Y,N,,(UnAssigned),,,E,I,N,Y,N,,,0,0,0,0,0,0,P,,N,E,,N,N,E,,E,,N,E,,15,,8/14/2009 2:44:28 PM,CMS,12/5/2013 6:35:13 AM,RANDY,N,10115
141012,CHANCEY METALS,6600 SUEMAC PL UNIT 2,,JACKSONVILLE,FL,32254,904-731-4655,,TERRI,WALDROP.,TWALDROP@CHANCEYMETALS.COM,,,,TERRI,WALDROP.,TWALDROP@CHANCEYMETALS.COM,,,,,FLORIDASALES,7,Eugene Aman,0,(UNASSIGNED),DV,Duval County,N,,,(UnAssigned),NET 30,12/16/2025,1000,,,0,0,0,0,0,0,0,Best Way,Destination,P,Y,,0,Y,0,N,P,5,0,Southside,N,N,0,,,,,,,,,,,,Use Item Price,i,I,,0,+,,,,,,,,,,N,,0,,(UnAssigned),Y,N,,(UnAssigned),,,D,I,N,Y,N,,,0,0,0,0,0,0,M,TERRI,N,E,,N,N,E,,E,,N,E,,15,,8/14/2009 2:44:29 PM,CMS,8/13/2025 3:31:26 PM,NATE,N,10116
141015,WORLDWIDE DIESEL POWER,732 PARKER STREET,,JACKSONVILLE,FL,32202,904-354-8784,904-358-7862,Omar,Valentin,omar.valentin@kemarine.com,Omar,Valentin,omar.valentin@kemarine.com,Omar,Valentin,omar.valentin@kemarine.com,,,,,FLORIDASALES,52,RANDY FRONTZ,0,(UNASSIGNED),DV,Duval County,N,,,(UnAssigned),NET 30,9/17/2025,200,,,0,0,0,0,0,0,0,Best Way,Destination,P,N,26-8012123873-9 *16,0,Y,0,N,P,1,0,Downtown,N,N,0,,,,,,,,,,,,Use Item Price,i,I,,0,+,,,,,,,,,,N,,0,,(UnAssigned),Y,N,,(UnAssigned),,,D,A,N,Y,N,,,0,0,0,0,0,0,M,Omar,N,E,,N,N,E,,E,,N,E,,15,,8/14/2009 2:44:29 PM,CMS,9/15/2022 9:48:31 AM,JEFF,N,10117
141017,"CABINETWARE,INC.",5317 FRUITVILLE RD,BOX 197,SARASOTA,FL,34232,904-731-7775,904-731-7721,JEFF,FISHER,,,,,JEFF,FISHER,,,,,,FLORIDASALES,20,RANDY FRONTZ,0,(UNASSIGNED),DV,Duval County,N,,,(UnAssigned),NET 20,1/30/2008,500,,,0,0,0,0,0,0,0,Best Way,Destination,P,Y,,0,Y,0,N,P,5,0,Southside,N,Y,1,1015,CABINETWARE,7660 PHILLIPS HIGHWAY,SUITE 4,"JACKSONVILLE,",FL,32256,,,,,Use Item Price,i,I,,0,+,,,,,,,,,,N,,0,,(UnAssigned),Y,N,,(UnAssigned),,,E,I,N,Y,N,,,0,0,0,0,0,0,P,,N,E,,N,N,E,,E,,N,E,,15,,8/14/2009 2:44:29 PM,CMS,10/4/2012 4:45:07 PM,RANDY,N,10118
141076,CHURCH OF CHRIST WRITTEN IN HEAVEN,IN HEAVEN,1430 KINGS ROAD,JACKSONVILLE,FL,32209,904-355-7747,,MR.,BROWN,,,,,MR.,BROWN,,,,,,FLORIDASALES,20,RANDY FRONTZ,0,(UNASSIGNED),DV,Duval County,N,,,(UnAssigned),C.O.D,10/21/2011,200,,,0,0,0,0,0,0,0,Best Way,Destination,P,N,85-8012559375C-8,0,Y,0,N,P,0,0,(UnAssigned),N,N,0,,,,,,,,,,,,Use Item Price,i,I,,0,+,,,,,,,,,,N,,0,,(UnAssigned),N,N,,(UnAssigned),,,E,I,N,Y,N,,,0,0,0,0,0,0,P,,N,E,,N,N,E,,E,,N,E,,15,,8/14/2009 2:44:29 PM,CMS,6/21/2017 9:39:21 AM,DAVID,N,10119
141101,FMC CORPORATION,1200 TALLEYRAND AVENUE,,JACKSONVILLE,FL,32206,904-353-9041,904-354-7947,DAMON,POWELL,,,,,DAMON,POWELL,,,,,,FLORIDASALES,24,Artie Hardie - Existing,0,(UNASSIGNED),DV,Duval County,N,,,(UnAssigned),NET 30,3/31/2008,2500,,,0,0,0,0,0,0,0,Best Way,Destination,P,Y,26-8012277176-5,0,Y,0,N,P,1,0,Downtown,N,N,0,,,,,,,,,,,,Use Item Price,i,I,,0,+,,,,,,,,,,N,,0,,(UnAssigned),Y,N,,(UnAssigned),,,E,I,N,Y,N,,,0,0,0,0,0,0,P,,N,E,,N,N,E,,E,,N,E,,15,,8/14/2009 2:44:30 PM,CMS,12/5/2013 6:35:36 AM,RANDY,N,10120
141300,CATLIN AND SONS,1215 MAIN STREET,,JACKSONVILLE,FL,32206,904-354-8521,904-354-1873,BODIE,.,,BODIE,.,,BODIE,.,,,,,,FLORIDASALES,52,RANDY FRONTZ,0,(UNASSIGNED),DV,Duval County,N,,,(UnAssigned),NET 30,9/24/2025,200,,,0,0,0,0,0,0,0,Best Way,Destination,P,Y,26-8011927753-3,0,Y,0,N,P,0,0,(UnAssigned),N,N,0,,,,,,,,,,,,Use Item Price,i,I,,0,+,,,,,,,,,,N,,0,,(UnAssigned),Y,N,,(UnAssigned),,,D,I,N,Y,N,,,0,0,0,0,0,0,M,CHERYL,N,E,,N,N,E,,E,,N,E,,15,,8/14/2009 2:44:30 PM,CMS,12/19/2014 10:06:23 AM,STEVE,N,10121
141350,BERMAN BROTHERS,2500 EVERGREEN AVENUE,,JACKSONVILLE,FL,32206,904-353-3694,904-632-2473,DAVID,LEVINE,,DAVID,LEVINE,,DAVID,LEVINE,,,,,,FLORIDASALES,24,Artie Hardie - Existing,0,(UNASSIGNED),DV,Duval County,N,,,(UnAssigned),NET 30,9/30/2016,250,,,0,0,0,0,0,0,0,Best Way,Destination,P,Y,26-8012453181-9 *10,0,Y,0,N,P,1,0,Downtown,N,Y,1,330,BERMAN BROTHERS,2500 EVERGREEN AVENUE,"JACKSONVILLE, FL",32206,,,,,,,Use Item Price,i,I,,0,+,****** DELIVERY TO FRONT *****,**** OFFICE ONLY ******,,,,,,,,N,,0,,(UnAssigned),Y,N,,(UnAssigned),,C,E,I,N,Y,N,,,0,0,0,0,0,0,M,ACCOUNTS,N,E,,N,N,E,,E,,N,E,,15,,8/14/2009 2:44:30 PM,CMS,1/5/2016 9:29:03 AM,STEVE,N,10122
141401,"ERNEST CARROLL CERAMIC TILE, INC",538 CHATHAM ST.,,JACKSONVILLE,FL,32254,904-693-6910,904-693-6912,CHAD,REED,MCREED@CARROLLTILE.COM,,,,CHAD,REED,MCREED@CARROLLTILE.COM,,,,,FLORIDASALES,52,RANDY FRONTZ,0,(UNASSIGNED),DV,Duval County,N,,,(UnAssigned),NET 30,5/3/2011,250,,,0,0,0,0,0,0,0,Best Way,Destination,P,Y,,0,Y,0,N,P,0,0,(UnAssigned),N,N,0,,,,,,,,,,,,Use Item Price,i,I,,0,+,,,,,,,,,,N,,0,,(UnAssigned),Y,N,,(UnAssigned),,,E,I,N,Y,N,,,0,0,0,0,0,0,P,,N,E,,N,N,E,,E,,N,E,,15,,8/14/2009 2:44:30 PM,CMS,11/8/2012 2:34:16 PM,JACKIE,N,10123
141660,CREATIVE COUNTERTOPS,4768 HIGHWAY AVENUE,,JACKSONVILLE,FL,32254,904-387-2800,904-387-2889,RON,MOORE,CCOUNTER@CREATIVECOUNTERTOPS.BIZ,RON,MOORE,CCOUNTER@CREATIVECOUNTERTOPS.BIZ,RON,MOORE,CCOUNTER@CREATIVECOUNTERTOPS.BIZ,,,,,FLORIDASALES,99,RANDY FRONTZ,0,(UNASSIGNED),DV,Duval County,N,,,(UnAssigned),NET 30,7/13/2020,500,,,0,0,0,0,0,0,0,Best Way,Destination,P,Y,26-8013681376-7,0,Y,0,N,P,7,0,Westside,N,N,0,,,,,,,,,,,,Use Item Price,i,I,,0,+,,,,,,,,,,N,,0,,(UnAssigned),Y,N,,(UnAssigned),,,E,I,N,Y,N,,,0,0,0,0,0,0,M,RON,N,E,,N,N,E,,E,,N,E,,15,,8/14/2009 2:44:31 PM,CMS,5/17/2017 1:46:53 PM,DAVID,N,10124
141776,CHRISTIAN HEALING MINISTRIES INC.,MINISTRIES INC.,460 WEST 67TH ST,JACKSONVILLE,FL,32208,904-765-3332,904-765-4224,MR.,JENKINS,,,,,MR.,JENKINS,,,,,,FLORIDASALES,20,RANDY FRONTZ,0,(UNASSIGNED),DV,Duval County,N,,,(UnAssigned),NET 30,7/6/2010,500,,,0,0,0,0,0,0,0,Best Way,Destination,P,N,85-8012640973C-3 *13,0,Y,0,N,P,0,0,(UnAssigned),N,N,0,,,,,,,,,,,,Use Item Price,i,I,,0,+,,,,,,,,,,N,,0,,(UnAssigned),Y,N,,(UnAssigned),,,E,I,N,Y,N,,,0,0,0,0,0,0,P,,N,E,,N,N,E,,E,,N,E,,15,,8/14/2009 2:44:31 PM,CMS,6/21/2017 9:43:58 AM,DAVID,N,10125
141787,"DARSCO, INC.",120 STOCKTON STREET,,JACKSONVILLE,FL,32204,904-353-5111,904-634-1715,BRUCE,.,,BRUCE,.,,BRUCE,.,,,,,,FLORIDASALES,52,RANDY FRONTZ,0,(UNASSIGNED),DV,Duval County,N,,,(UnAssigned),NET 30,8/20/2007,500,,,0,0,0,0,0,0,0,Best Way,Destination,P,N,26-00-067195-35-0,0,Y,0,N,P,1,0,Downtown,N,Y,1,87,"DARSCO INC,",120 STOCKTON ST,JACKSONVILLE,FL   32204,,,353-5111,,,,Use Item Price,i,I,,0,+,,,,,,,,,,N,,0,,(UnAssigned),Y,N,,(UnAssigned),,,E,I,N,Y,N,,,0,0,0,0,0,0,P,,N,E,,N,N,E,,E,,N,E,,53,,8/14/2009 2:44:31 PM,CMS,3/22/2013 11:17:06 AM,NEAL,N,10126
141900,ALLSTATE STEEL,,130 SOUTH JACKSON AVE.,JACKSONVILLE,FL,32220,904-781-6040,904-783-3421,BRANDY,JOHNSON,BJohnson@allstatesteel.com,,,,ABBY,CARTER,acarter@allstatesteel.com,,,,,FLORIDASALES,58,ROBIN FRONTZ-exist,0,(UNASSIGNED),DV,Duval County,N,,,(UnAssigned),NET 45,1/7/2026,1500,,,0,0,0,0,0,0,0,Best Way,Destination,P,Y,26-8012445910-8,0,Y,0,N,P,7,0,Westside,N,Y,2,1900,ALLSTATE STEEL,130 SOUTH JACKSON AVENUE,"JACKSONVILLE, FL 32220",,,,,,,,30% Profit Margin,p30,P,,30,+,,,,,,,,,,N,,0,,(UnAssigned),Y,N,,(UnAssigned),Y,A,D,A,N,Y,N,,,0,0,0,0,0,0,M,ABBY,N,E,,N,N,E,,E,,N,E,,15,,8/14/2009 2:44:32 PM,CMS,6/13/2024 11:18:39 AM,NATE,N,10127
142080,DRUMMOND PRESS,2472 DENNIS STREET,,JACKSONVILLE,FL,32203,904-354-2818,904-354-7430,DONNIE,BURELL,,DONNIE,BURELL,,DONNIE,BURELL,,,,,,FLORIDASALES,51,RANDY FRONTZ,0,(UNASSIGNED),DV,Duval County,N,,,(UnAssigned),NET 30,,500,,,0,0,0,0,0,0,0,Best Way,Destination,P,Y,,0,Y,0,N,P,0,0,(UnAssigned),N,N,0,,,,,,,,,,,,Use Item Price,i,I,,0,+,,,,,,,,,,N,,0,,(UnAssigned),Y,N,,(UnAssigned),,,E,I,N,Y,N,,,0,0,0,0,0,0,P,,N,E,,N,N,E,,E,,N,E,,53,,8/14/2009 2:44:32 PM,CMS,10/14/2014 9:33:22 AM,RANDY,N,10128
142106,BAYMEADOWS MOVERS,6419 PHILIPS HIGHWAY,,JACKSONVILLE,FL,32216,904-737-3530,904-737-3580,LINDA,McCREARY,linda@jaxmover.com,,,,LINDA,McCREARY,linda@jaxmover.com,,,,,FLORIDASALES,58,ROBIN FRONTZ-exist,0,(UNASSIGNED),DV,Duval County,N,,,(UnAssigned),NET 30,7/29/2024,500,,,1500.87,0,0,0,0,0,328.65,Best Way,Destination,P,Y,,0,Y,0,N,P,0,0,(UnAssigned),N,N,0,,,,,,,,,,,,30% Profit Margin,p30,P,,30,+,,,,,,,,,,N,,0,,(UnAssigned),Y,N,,(UnAssigned),,,E,A,N,Y,N,,,0,0,0,0,0,0,M,Helena,N,E,,N,N,E,,E,,N,E,,15,,8/14/2009 2:44:32 PM,CMS,2/2/2023 10:24:12 AM,NATE,N,10129
142185,LAKESHORE RADIATOR,P. O. BOX 6877,,JACKSONVILLE,FL,32236,904-783-4709,904-783-6403,ERIC,ROBINSON,EROBINSON@LAKESHOREAUTOPARTS.COM,,,,ERIC,ROBINSON,EROBINSON@LAKESHOREAUTOPARTS.COM,,,,,FLORIDASALES,78,RANDY FRONTZ,0,(UNASSIGNED),DV,Duval County,N,,,(UnAssigned),NET 30,4/24/2013,500,,,0,0,0,0,0,0,0,Best Way,Destination,P,Y,,0,Y,0,N,P,7,0,Westside,N,Y,1,4186,LAKESHORE RADIATOR,5355 RAMONA BLVD,"JACKSONVILLE, FL",786-6990,,,STEVE/ED,,,,Use Item Price,i,I,,0,+,,,,,,,,,,N,,0,,(UnAssigned),Y,N,,(UnAssigned),Y,B,E,I,N,Y,N,,,0,0,0,0,0,0,P,,N,E,,N,N,E,,E,,N,E,,15,,8/14/2009 2:44:32 PM,CMS,11/8/2012 1:42:16 PM,JACKIE,N,10130
142200,DIRECT LINE DISTRIBUTORS,5220 SHAD ROAD,BLDG 600,JACKSONVILLE,FL,32257,904-739-1920,904-739-1938,GEORGE,.,,GEORGE,.,,GEORGE,.,,,,,,FLORIDASALES,24,Artie Hardie - Existing,0,(UNASSIGNED),DV,Duval County,N,,,(UnAssigned),1%10 NET 30,8/13/2009,3000,,,0,0,0,0,0,0,0,Best Way,Destination,P,Y,,0,Y,0,N,P,5,0,Southside,N,Y,1,2200,FIFTH GEAR,10133 ATLANTIC BLVD,"JACKSONVILLE, FL 32225",904/721-4020,,,,,,,Use Item Price,i,I,,0,+,,,,,,,,,,N,,0,,(UnAssigned),Y,N,,(UnAssigned),,,E,I,N,Y,N,,,0,0,0,0,0,0,P,,N,E,,N,N,E,,E,,N,E,,15,,8/14/2009 2:44:33 PM,CMS,12/5/2013 6:29:25 AM,RANDY,N,10131
142210,DIXIE EGG CO.,5139 EDGEWOOD CT.,,JACKSONVILLE,FL.,32202,904-783-0950,,JOHN,REESE,,JOHN,REESE,,JOHN,REESE,,,,,,FLORIDASALES,52,RANDY FRONTZ,0,(UNASSIGNED),DV,Duval County,N,,,(UnAssigned),1%10 NET 30,,200,,,0,0,0,0,0,0,0,Best Way,Destination,P,Y,,0,Y,0,N,P,0,0,(UnAssigned),N,N,0,,,,,,,,,,,,Use Item Price,i,I,,0,+,,,,,,,,,,N,,0,,(UnAssigned),Y,N,,(UnAssigned),,,E,I,N,Y,N,,,0,0,0,0,0,0,P,,N,E,,N,N,E,,E,,N,E,,15,,8/14/2009 2:44:33 PM,CMS,3/22/2013 11:34:08 AM,NEAL,N,10132
142223,CFX (COPY FAX),3970 HENDRICKS AVE,SUITE 110,JACKSONVILLE,FL,32207,904-296-1600,904-296-7111,Charlie,Harris,charlie.harris@copyfax.com,Charlie,Harris,charlie.harris@copyfax.com,accounts,payable,ap@cfxoffice.com,,,,,FLORIDASALES,58,ROBIN FRONTZ-exist,0,(UNASSIGNED),DV,Duval County,N,,,(UnAssigned),NET 30,1/29/2026,500,,,-3,-3,0,0,0,0,0,Best Way,Destination,P,N,26-8011967200-8 *17,0,Y,0,N,P,5,0,Southside,N,Y,1,16,CFX (COPY FAX),3970 HENDRICKS AVE,,,,,,,,,30% Profit Margin,p30,P,,30,+,,,,,,,,,,Y,,0,,(UnAssigned),Y,N,,(UnAssigned),,,D,A,N,Y,N,,,0,0,0,0,0,0,M,accounts,N,E,,N,N,E,,E,,N,E,,15,,8/14/2009 2:44:33 PM,CMS,6/13/2024 11:28:58 AM,NATE,N,10133
142275,CROWN PRODUCTS,6390 PHILLIPS HIGHWAY,,JACKSONVILLE,FL,32216,904-737-7144,904-737-3533,DONALD,.,,,,,DONALD,.,,,,,,FLORIDASALES,51,RANDY FRONTZ,0,(UNASSIGNED),DV,Duval County,N,,,(UnAssigned),2% 10 NET 30,11/19/2020,500,,,0,0,0,0,0,0,0,Best Way,Destination,P,Y,,0,Y,0,N,P,5,0,Southside,N,N,0,,,,,,,,,,,,Use Item Price,i,I,,0,+,,,,,,,,,,N,,0,,(UnAssigned),Y,N,,(UnAssigned),,,E,I,N,Y,N,,,0,0,0,0,0,0,M,LINDA,N,E,,N,N,E,,E,,N,E,,15,,8/14/2009 2:44:33 PM,CMS,12/16/2020 9:38:53 AM,NATE,N,10134
142280,DONOVAN MARINE INC.,6454 TRADE CENTER DRIVE,,JACKSONVILLE,FL,32254,904-786-3008,904-786-2995,HOWARD,.,,KEITH,MAUER,KMAUER@DONOVAN MARINE.COM,HOWARD,.,,,,,,FLORIDASALES,100,RANDY FRONTZ,0,(UNASSIGNED),DV,Duval County,N,,,(UnAssigned),NET 30,,1000,,,0,0,0,0,0,0,0,Best Way,Destination,P,N,27-00-047637-27-8,0,Y,0,N,P,7,0,Westside,N,Y,1,2080,DONOVAN MARINE,6454 TRADE CENTER DRIVE,"JACKSONVILLE, FL",32254,,,,,,,Use Item Price,i,I,,0,+,,,,,,,,,,N,,0,,(UnAssigned),Y,N,,(UnAssigned),,,E,I,N,Y,N,,,0,0,0,0,0,0,P,,N,E,,N,N,E,,E,,N,E,,15,,8/14/2009 2:44:34 PM,CMS,11/8/2012 2:18:34 PM,JACKIE,N,10135
142500,FIRST UNITED PENTECOSTAL CHRISTIAN,11697 NORMANDY BLVD,,JACKSONVILLE,FL,32221,904-783-2818,904-783-9999,MRS.ROBIN/DUANE,.,,,,,MRS.ROBIN/DUANE,.,,,,,,FLORIDASALES,52,RANDY FRONTZ,0,(UNASSIGNED),DV,Duval County,N,,,(UnAssigned),NET 30,4/29/2008,2000,,,0,0,0,0,0,0,0,Best Way,Destination,P,N,,0,Y,0,N,P,7,0,Westside,N,N,0,,,,,,,,,,,,Use Item Price,i,I,,0,+,,,,,,,,,,N,,0,,(UnAssigned),Y,N,,(UnAssigned),,,E,I,N,Y,N,,,0,0,0,0,0,0,P,,N,E,,N,N,E,,E,,N,E,,15,,8/14/2009 2:44:34 PM,CMS,11/8/2012 2:36:28 PM,JACKIE,N,10136
142565,ELLIOTT COMPANY,10485 BUSCH DRIVE NORTH,NO DELIVERY BETWEEN 1130-1230!!,JACKSONVILLE,FL,32218,904-757-7600,904-757-7604,JAY,BOLIN,jbolin@elliott-turbo.com,,,,ap,Accounts Payable,APJAX@ELLIOTT-TURBO.COM,,,,,FLORIDASALES,50,RANDY FRONTZ,0,(UNASSIGNED),DV,Duval County,N,,,(UnAssigned),NET 30,7/17/2024,500,,,0,0,0,0,0,0,0,Best Way,Destination,P,Y,,0,Y,0,N,P,2,0,Northside,N,N,0,,,,,,,,,,,,30% Profit Margin,p30,P,,30,+,NO DELIVERY BETWEEN 1130-1230,,,,,,,,,N,,0,,(UnAssigned),N,N,,(UnAssigned),,C,E,A,N,Y,N,,,0,0,0,0,0,0,M,ap,N,E,JAY,N,N,E,JAY,E,,N,E,,15,,8/14/2009 2:44:34 PM,CMS,9/6/2024 10:22:02 AM,NATE,N,10137
142590,"EASTERN WIRE PRODUCTS,INC",5414 VERNON ROAD,,JACKSONVILLE,FL,32209,904-781-6775,904-781-1604,JAY,.,,JAY,.,,JAY,.,,,,,,FLORIDASALES,50,RANDY FRONTZ,0,(UNASSIGNED),DV,Duval County,N,,,(UnAssigned),NET 30,2/26/2026,1200,,,0,0,0,0,0,0,0,Best Way,Destination,P,Y,,0,Y,0,N,P,7,0,Westside,N,N,0,,,,,,,,,,,,30% Profit Margin,p30,P,,30,+,,,,,,,,,,N,,0,,(UnAssigned),Y,N,,(UnAssigned),,,D,A,N,Y,N,,,0,0,0,0,0,0,M,ANGIE,N,E,,N,N,E,,E,,N,E,,53,,8/14/2009 2:44:34 PM,CMS,11/22/2022 12:54:51 PM,NATE,N,10138
142620,EAGLE CREST EMBROIDERY,,5357 RAMONA BLVD,JACKSONVILLE,FL,32205,904-786-8013,904-781-2550,LISA,WAREHOUSE,WAREHOUSE@EAGLECREST.COM,RHONDA,MGR,,DEREK,PATRICK,PRODUCTION@EAGLECREST.COM,,,,,FLORIDASALES,59,RONNIE BURKE,0,(UNASSIGNED),EX,Tax Exempt,N,,,(UnAssigned),NET 30,6/10/2014,500,,,0,0,0,0,0,0,0,Best Way,Destination,P,N,26-8013150805-3  *16,0,Y,0,N,P,7,0,Westside,N,N,0,,,,,,,,,,,,Use Item Price,i,I,,0,+,,,,,,,,,,N,,0,,(UnAssigned),Y,N,,(UnAssigned),,,E,I,N,Y,N,,,0,0,0,0,0,0,P,,N,E,,N,N,E,,E,,N,E,,15,,8/14/2009 2:44:35 PM,CMS,5/24/2017 8:31:00 AM,RANDY,N,10139
142675,FAB TECH SUPPLY INC.,11315 DISTRIBUTION AVE E,,JACKSONVILLE,FL,32256,904-367-0095,904-367-0096,CHUCK,.,,,,,CHUCK,.,,,,,,FLORIDASALES,52,RANDY FRONTZ,0,(UNASSIGNED),DV,Duval County,N,,,(UnAssigned),NET 30,2/11/2014,500,,,0,0,0,0,0,0,0,Best Way,Destination,P,N,26-8016787421-6 *17,0,Y,0,N,P,5,0,Southside,N,Y,1,2751,FAB TECH SUPPLY,11315 DISTRIBUTION AVE E.,,JACKSONVILLE,FL,32256,,,,,Use Item Price,i,I,,0,+,,,,,,,,,,N,,0,,(UnAssigned),Y,N,,(UnAssigned),,,E,I,N,Y,N,,,0,0,0,0,0,0,P,,N,E,,N,N,E,,E,,N,E,,15,,8/14/2009 2:44:35 PM,CMS,12/30/2016 12:27:22 PM,PETE,N,10140
142684,GORMAN COMPANY,1930 WEST BEAVER STREET,,JACKSONVILLE,FL,32209,904-354-0631,904-355-8067,KENNETH,.,,,,,KENNETH,.,,,,,,FLORIDASALES,51,RANDY FRONTZ,0,(UNASSIGNED),DV,Duval County,N,,,(UnAssigned),NET 30,,500,,,0,0,0,0,0,0,0,Best Way,Destination,P,Y,,0,Y,0,N,P,0,0,(UnAssigned),N,N,0,,,,,,,,,,,,Use Item Price,i,I,,0,+,,,,,,,,,,N,,0,,(UnAssigned),Y,N,,(UnAssigned),,,E,I,N,Y,N,,,0,0,0,0,0,0,P,,N,E,,N,N,E,,E,,N,E,,15,,8/14/2009 2:44:35 PM,CMS,10/14/2014 9:33:51 AM,RANDY,N,10141
142850,BIAGI BROTHERS,,460 NORTH ELLIS ROAD,JACKSONVILLE,FL,32254,904-781-6609,904-783-1548,RANDY,PALMER,,,,,RANDY,PALMER,,,,,,FLORIDASALES,58,ROBIN FRONTZ-exist,0,(UNASSIGNED),DV,Duval County,N,,,(UnAssigned),NET 10,9/16/2020,500,,,0,0,0,0,0,0,0,Best Way,Destination,P,Y,,0,Y,0,N,P,7,0,Westside,N,Y,1,9,BIAGI BROTHERS,460 NORTH ELLIS ROAD,,,,,,,,,Use Item Price,i,I,,0,+,,,,,,,,,,N,,0,,(UnAssigned),Y,N,,(UnAssigned),,,E,I,N,Y,N,,,0,0,0,0,0,0,M,M.,N,E,,N,N,E,,E,,N,E,,53,,8/14/2009 2:44:35 PM,CMS,6/13/2024 11:24:54 AM,NATE,N,10142
142910,INTERNATIONAL PAPER CO,8291-1 FORSHEE DRIVE,,JACKSONVILLE,FL,32219,904-783-1850,904-783-3548,AL,SMITH,ap@intl-baler.com,,,,AL,SMITH,ap@intl-baler.com,,,,,FLORIDASALES,100,RANDY FRONTZ,0,(UNASSIGNED),DV,Duval County,N,,,(UnAssigned),NET 30,11/1/2006,1000,,,0,0,0,0,0,0,0,Best Way,Destination,P,N,,0,Y,0,N,P,7,0,Westside,N,Y,1,910,INTERNATIONAL PAPER,8291-1 FORSHEE DR,,"JACKSONVILLE,",FL,32219,,,,,Use Item Price,i,I,,0,+,,,,,,,,,,N,,0,,(UnAssigned),Y,N,,(UnAssigned),,,E,I,N,Y,N,,,0,0,0,0,0,0,M,AL,N,E,,N,N,E,,E,,N,E,,15,,8/14/2009 2:44:36 PM,CMS,8/14/2014 3:56:54 PM,NEAL,N,10143
142975,FLORIDA PALLET SERVICES,5061 SHAWLAND ROAD,,JACKSONVILLE,FL,32254,904-781-0926,904-783-8339,OLIVIA,.,,,,,OLIVIA,.,,,,,,FLORIDASALES,24,Artie Hardie - Existing,0,(UNASSIGNED),DV,Duval County,N,,,(UnAssigned),NET 30,10/17/2007,1000,,,0,0,0,0,0,0,0,Best Way,Destination,P,Y,,0,Y,0,N,P,0,0,(UnAssigned),N,N,0,,,,,,,,,,,,Use Item Price,i,I,,0,+,,,,,,,,,,N,,0,,(UnAssigned),Y,N,,(UnAssigned),,,E,I,N,Y,N,,,0,0,0,0,0,0,P,,N,E,,N,N,E,,E,,N,E,,53,,8/14/2009 2:44:36 PM,CMS,12/5/2013 6:30:11 AM,RANDY,N,10145
143195,"STAN WEAVER & COMPANY,INC",,4255 EMERSON STREET,JACKSONVILLE,FL,32207,904-398-9933,1-813-878-2932,GEORGE,ELIAN,GELIAN@STANWEAVER.COM,GEORGE,ELIAN,GELIAN@STANWEAVER.COM,SARAH,WRIGHT,SWRIGHT@STANWEAVER.COM,,,,,FLORIDASALES,58,ROBIN FRONTZ-exist,0,(UNASSIGNED),DV,Duval County,N,,,(UnAssigned),NET 30,3/23/2026,500,,,1398.11,738.64,0,0,0,0,659.47,Best Way,Destination,P,N,39-8012025408-0 *17,0,Y,0,N,P,5,0,Southside,N,Y,1,3195,STAN WEAVER & COMPANY,4255 EMERSON STREET,"JACKSONVILLE, FL 32207",,,,GEORGE,,,,30% Profit Margin,p30,P,,30,+,,,,,,,,,,N,,*MAIN,,(UnAssigned),Y,N,,(UnAssigned),,C,D,A,N,Y,N,,,0,0,0,0,0,0,M,SARAH,N,E,,N,N,E,,E,,N,E,,15,,8/14/2009 2:44:36 PM,CMS,11/23/2022 12:19:55 PM,NATE,N,10146
143300,IMPERIAL TRAILERS,300 W. ALTON BOX ROAD,,JACKSONVILLE,FL,32218,904-757-7171,904-757-3087,GLENDA,.,,,,,GLENDA,.,,,,,,FLORIDASALES,52,RANDY FRONTZ,0,(UNASSIGNED),DV,Duval County,N,,,(UnAssigned),NET 30,6/12/2007,500,,,0,0,0,0,0,0,0,Best Way,Destination,P,Y,,0,Y,0,N,P,2,0,Northside,N,N,0,,,,,,,,,,,,Use Item Price,i,I,,0,+,,,,,,,,,,N,,0,,(UnAssigned),Y,N,,(UnAssigned),,,E,I,N,Y,N,,,0,0,0,0,0,0,P,,N,E,,N,N,E,,E,,N,E,,15,,8/14/2009 2:44:37 PM,CMS,8/20/2010 2:42:18 PM,RANDY,N,10147
143304,JGA SOUTHERN ROOF CENTER,740 CANAL STREET,,JACKSONVILLE,FL,32209,904-355-0526,904-353-7347,MICHAEL,COLLINS,,,,,MICHAEL,COLLINS,,,,,,FLORIDASALES,52,RANDY FRONTZ,0,(UNASSIGNED),DV,Duval County,N,,,(UnAssigned),NET 30,9/22/2009,500,,,0,0,0,0,0,0,0,Best Way,Destination,P,N,26-8013274397-2,0,Y,0,N,P,0,0,(UnAssigned),N,N,0,,,,,,,,,,,,Use Item Price,i,I,,0,+,,,,,,,,,,N,,0,,(UnAssigned),Y,N,,(UnAssigned),,,E,I,N,Y,N,,,0,0,0,0,0,0,F,MICHAEL,N,E,,N,N,E,,E,,N,E,,53,,8/14/2009 2:44:37 PM,CMS,9/22/2009 2:21:30 PM,JOHN,N,10148
143305,DANTZLER LUMBER & EXPORT,7850 WEST BEAVER STREET,,JACKSONVILLE,FL,32220,904-786-0424,904-783-9100,EDDIE,.,,,,,EDDIE,.,,,,,,FLORIDASALES,51,RANDY FRONTZ,0,(UNASSIGNED),DV,Duval County,N,,,(UnAssigned),NET 30,7/18/2008,2000,,,0,0,0,0,0,0,0,Best Way,Destination,P,Y,,0,Y,0,N,P,7,0,Westside,N,N,0,,,,,,,,,,,,Use Item Price,i,I,,0,+,,,,,,,,,,N,,0,,(UnAssigned),Y,N,,(UnAssigned),,,E,I,N,Y,N,,,0,0,0,0,0,0,P,,N,E,,N,N,E,,E,,N,E,,15,,8/14/2009 2:44:37 PM,CMS,10/13/2014 4:28:56 PM,RANDY,N,10149
143370,GEMINI WAREHOUSE,8535 POSEY ROAD,,JACKSONVILLE,FL,32220,904-786-4373,904-786-0558,COLLEEN,DELK,INFO@GEMINILOGISTICS.NET,,,,COLLEEN,DELK,INFO@GEMINILOGISTICS.NET,,,,,FLORIDASALES,10,Randy Frontz,0,(UNASSIGNED),DV,Duval County,N,,,(UnAssigned),NET 30,12/29/2025,500,,,0,0,0,0,0,0,0,Best Way,Destination,P,Y,,0,Y,0,N,P,0,0,(UnAssigned),N,N,0,,,,,,,,,,,,Use Item Price,i,I,,0,+,,,,,,,,,,N,,0,,(UnAssigned),Y,N,,(UnAssigned),,,D,A,N,Y,N,,,0,0,0,0,0,0,M,COLLEEN,N,E,,N,N,E,,E,,N,E,,15,,8/14/2009 2:44:37 PM,CMS,5/3/2021 3:20:08 PM,NATE,N,10150
143466,FLORIDA TIRE SUPPLY,,220 RECKER HIGHWAY,AUBURNDALE,FL,33823,1-800-330-4925,1-863-967-6992,STEVEN,.,STEVENS@FLORIDATIRESUPPLY.COM,,,,STEVEN,.,STEVENS@FLORIDATIRESUPPLY.COM,,,,,FLORIDASALES,50,RANDY FRONTZ,0,(UNASSIGNED),DV,Duval County,N,,,(UnAssigned),NET 30,6/12/2015,500,,,0,0,0,0,0,0,0,Best Way,Destination,P,N,26-8012429762-1  *16,0,Y,0,N,P,0,0,(UnAssigned),N,Y,1,3466,FLORIDA TIRE SUPPLY,600 SUEMAC ROAD,SUITE 6,JACKSONVILLE,FL,32254-2796,904-693-0212,,,,Use Item Price,i,I,,0,+,,,,,,,,,,N,,0,,(UnAssigned),Y,N,,(UnAssigned),,,E,I,N,Y,N,,,0,0,0,0,0,0,M,JANIS,N,E,,N,N,E,,E,,N,E,,15,,8/14/2009 2:44:38 PM,CMS,2/15/2016 2:03:30 PM,JACKIE,N,10153
143490,HARRINGTON IND. PLASTICS,ATTN: ACCOUNTS PAYABLES,14480 YORBA AVENUE,CHINO,CA,91710,904-731-7770,904-731-9566,BILL,.,BULMER@HIPCO.COM,,,,BILL,.,BULMER@HIPCO.COM,,,,,FLORIDASALES,50,RANDY FRONTZ,0,(UNASSIGNED),DV,Duval County,N,,,(UnAssigned),NET 30,5/22/2024,1000,,,2051.56,0,0,0,0,0,1197.5,Best Way,Destination,P,N,26-8012215770-3,0,Y,0,N,P,5,0,Southside,Y,Y,2,3490,HARRINGTON IND. PLASTICS,8641 WESTERN WAY,"JACKSONVILLE, FL 32256",,,,,,,,30% Profit Margin,p30,P,,30,+,,,,,,,,,,N,,0,,(UnAssigned),Y,N,,(UnAssigned),,C,E,I,N,Y,N,,,0,0,0,0,0,0,M,ACCOUNTS,N,E,,Y,N,E,,E,,N,E,,15,,8/14/2009 2:44:38 PM,CMS,12/2/2024 8:18:30 AM,NATE,N,10154
143640,GRIMES LOGISTICS SERVICES,,P.O. BOX 37587,JACKSONVILLE,FL,32236,904-786-5711,904-786-2339,DUSTY,LOCKE,dlocke@grimescompanies.com,,,,DEBBIE,EASON,AP@GRIMESLOG.COM,,,,,FLORIDASALES,51,RANDY FRONTZ,0,(UNASSIGNED),DV,Duval County,N,,,(UnAssigned),NET 30,8/10/2012,3000,,,0,0,0,0,0,0,0,Best Way,Destination,P,Y,,0,Y,0,N,P,7,0,Westside,N,Y,5,3640,GRIMES WAREHOUSE,600 NORTH ELLIS ROAD,"JACKSONVILLE, FL",32205,,,,,,,Use Item Price,i,I,,0,+,,,,,,,,,,N,,0,,(UnAssigned),Y,N,,(UnAssigned),,C,E,I,N,Y,N,,,0,0,0,0,0,0,P,,N,E,,N,N,E,,E,,N,E,,53,,8/14/2009 2:44:39 PM,CMS,10/23/2014 1:37:18 PM,JACKIE,N,10155
143660,GULFSIDE SUPPLY CO.,2649 ROSSELLE STREET,,JACKSONVILLE,FL,32204,904-387-0441,604-387-9022,JENNIFER,.,,,,,JENNIFER,.,,,,,,FLORIDASALES,51,RANDY FRONTZ,0,(UNASSIGNED),DV,Duval County,N,,,(UnAssigned),NET 30,,1000,,,0,0,0,0,0,0,0,Best Way,Destination,P,Y,,0,Y,0,N,P,0,0,(UnAssigned),N,N,0,,,,,,,,,,,,Use Item Price,i,I,,0,+,,,,,,,,,,N,,0,,(UnAssigned),Y,N,,(UnAssigned),,,E,I,N,Y,N,,,0,0,0,0,0,0,P,,N,E,,N,N,E,,E,,N,E,,15,,8/14/2009 2:44:39 PM,CMS,10/13/2014 4:23:21 PM,RANDY,N,10156
143770,H.R. LEWIS PETROLEUM CO.,1432 CLEVELAND STREET,,JACKSONVILLE,FL,32209,904-356-0731,904-356-6104,ANITA,LOVELL,ALOVELL@LEWISPETROLEUM.COM,DAVID,HARRISON,,ANITA,LOVELL,ALOVELL@LEWISPETROLEUM.COM,,,,,FLORIDASALES,10,Randy Frontz,0,(UNASSIGNED),DV,Duval County,N,,,(UnAssigned),NET 30,12/23/2021,1000,,,0,0,0,0,0,0,0,Best Way,Destination,P,N,26-8012005983-4 *16,0,Y,0,N,P,1,0,Downtown,N,N,0,,,,,,,,,,,,Use Item Price,i,I,,0,+,,,,,,,,,,N,,0,,(UnAssigned),Y,N,,(UnAssigned),,C,E,I,N,Y,N,,,0,0,0,0,0,0,M,LAURIE,N,E,,N,N,E,,E,,N,E,,15,,8/14/2009 2:44:39 PM,CMS,3/26/2018 8:28:04 AM,RANDY,N,10157
143874,RECYCLING ESCRAP,WHY NOT RECYCLE,1429 W. 16TH ST,JACKSONVILLE,FL,32209,904-355-7900,904-355-7737,JACK,.,,,,,JACK,.,,,,,,FLORIDASALES,10,Randy Frontz,0,(UNASSIGNED),DV,Duval County,N,,,(UnAssigned),C.O.D,3/17/2015,500,,,0,0,0,0,0,0,0,PICKUP,Destination,P,Y,,0,Y,0,N,P,1,0,Downtown,Y,N,0,,,,,,,,,,,,Use Item Price,i,I,,0,+,,,,,,,,,,N,,0,,(UnAssigned),N,N,,(UnAssigned),,,E,I,N,Y,N,,,0,0,0,0,0,0,P,,N,E,,Y,N,E,,E,,N,E,,15,,8/14/2009 2:44:39 PM,CMS,3/14/2011 10:46:48 AM,JACKIE,N,10158
143990,K & I PLASTICS,,582 NIXON STREET,JACKSONVILLE,FL,32204,904-387-0438,904-387-0430,BONNIE,OSTERMAN,,,,,BONNIE,OSTERMAN,,,,,,FLORIDASALES,58,ROBIN FRONTZ-exist,0,(UNASSIGNED),DV,Duval County,N,,,(UnAssigned),CREDIT CARD,1/24/2018,500,,,0,0,0,0,0,0,0,Best Way,Destination,P,N,26-8016300551-3  *15,0,Y,0,N,F,7,0,Westside,N,N,0,,,,,,,,,,,,Use Item Price,i,I,,0,+,,,,,,,,,,N,,0,,(UnAssigned),Y,N,,(UnAssigned),,,E,I,N,Y,N,,,0,0,0,0,0,0,F,BONNIE,N,E,,N,N,E,,E,,N,E,,15,,8/14/2009 2:44:40 PM,CMS,12/31/2014 9:27:55 AM,STEVE,N,10159
144190,INDUSTRIAL COLD STORAGE LLC.,,2625 W. 5TH STREET,JACKSONVILLE,FL,32254,904-786-8038,904-695-2838,RON,STEPHAN,rstephan@icslogistics.com,RON,STEPHAN,rstephan@icslogistics.com,ED,BRITTAIN,,,,,,FLORIDASALES,10,Randy Frontz,0,(UNASSIGNED),DV,Duval County,N,,,(UnAssigned),NET 30,11/19/2010,5000,,,0,0,0,0,0,0,0,Best Way,Destination,P,Y,,0,Y,0,N,P,7,0,Westside,N,N,0,,,,,,,,,,,,Use Item Price,i,I,,0,+,,,,,,CALL DUSTY LOCKE 265-6860 FOR,DELIVERY HELP,,,Y,,0,,(UnAssigned),Y,N,,(UnAssigned),Y,B,E,I,N,Y,N,,,0,0,0,0,0,0,F,ED,Y,E,DUSTY,N,N,E,,E,,N,E,,15,,8/14/2009 2:44:40 PM,CMS,1/18/2011 2:02:32 PM,JACKIE,N,10160
144545,MITZI SKIFF,709 TALLEYRAND AVE UNIT D,,JACKSONVILLE,FL,32202,904-270-0589,904-425-3530,TONY/TOM,.,,,,,TONY/TOM,.,,,,,,FLORIDASALES,78,RANDY FRONTZ,0,(UNASSIGNED),DV,Duval County,N,,,(UnAssigned),C.O.D,4/10/2008,0,,,0,0,0,0,0,0,0,Best Way,Destination,P,Y,,0,Y,0,N,P,1,0,Downtown,N,N,0,,,,,,,,,,,,Use Item Price,i,I,,0,+,,,,,,,,,,N,,0,,(UnAssigned),Y,N,,(UnAssigned),,,E,I,N,Y,N,,,0,0,0,0,0,0,P,,N,E,,N,N,E,,E,,N,E,,15,,8/14/2009 2:44:40 PM,CMS,8/20/2010 2:31:50 PM,RANDY,N,10161
144624,CORE AND MAIN (HD SUPPLY WATERWORK),6854 DISTRIBUTION AVE S,,JACKSONVILLE,FL,32256,904-268-7007,904-268-4764,Ms. Ronnie,Schinn,Veronica.schinn@coreandmain.com,,,,Ms. Ronnie,Schinn,Veronica.schinn@coreandmain.com,,,,,FLORIDASALES,0,NONE,0,(UNASSIGNED),DV,Duval County,N,,,(UnAssigned),NET 30,4/16/2026,500,,,1428.19,302.22,641.57,0,0,0,484.4,Best Way,Destination,P,N,80-8013228792-6 *16,0,Y,0,N,P,0,0,(UnAssigned),N,Y,2,22,CORE AND MAIN (HD SUPPLY WATERWORK),6854 DISTRIBUTION AVE S,,,,,,,,,Use Item Price,i,I,,0,+,,,,,,,,,,N,,0,,(UnAssigned),Y,N,,(UnAssigned),,,C,A,N,Y,N,,,0,0,0,0,0,0,M,Ms. Ronnie,N,E,,N,N,E,,E,,N,E,,15,,8/14/2009 2:44:40 PM,CMS,6/13/2024 11:32:00 AM,NATE,N,10162
144750,KOBRIN BUILDERS SUPPLY,OF JACKSONVILLE,6695-100 COLRAY COURT,JACKSONVILLE,FL,32258,904-260-8400,904-886-4600,TOM,K.,,,,,TOM,K.,,,,,,FLORIDASALES,51,RANDY FRONTZ,0,(UNASSIGNED),DV,Duval County,N,,,(UnAssigned),NET 30,,2000,,,0,0,0,0,0,0,0,Best Way,Destination,P,Y,26-00-139252-38-4,0,Y,0,N,P,0,0,(UnAssigned),N,N,0,,,,,,,,,,,,Use Item Price,i,I,,0,+,,,,,,,,,,N,,0,,(UnAssigned),Y,N,,(UnAssigned),,,E,I,N,Y,N,,,0,0,0,0,0,0,P,,N,E,,N,N,E,,E,,N,E,,15,,8/14/2009 2:44:41 PM,CMS,10/13/2014 4:29:22 PM,RANDY,N,10163
144755,JOHNSTONE SUPPLY,11710 CENTRAL PARKWAY,,JACKSONVILLE,FL,32224,904-354-0282,904-354-2209,BRUCE,.,,,,,BRUCE,.,,,,,,FLORIDASALES,24,Artie Hardie - Existing,0,(UNASSIGNED),DV,Duval County,N,,,(UnAssigned),NET 30,,1000,,,0,0,0,0,0,0,0,Best Way,Destination,P,Y,,0,Y,0,N,P,0,0,(UnAssigned),N,Y,2,4755,JOHNSTONE SUPPLY,522 PARK STREET,"JACKSONVILLE, FL 32204",,,,RON,,,,Use Item Price,i,I,,0,+,,,,,,,,,,N,,0,,(UnAssigned),Y,N,,(UnAssigned),,,E,I,N,Y,N,,,0,0,0,0,0,0,P,,N,E,,N,N,E,,E,,N,E,,15,,8/14/2009 2:44:41 PM,CMS,12/5/2013 6:36:41 AM,RANDY,N,10164
144770,KGS SERVICES INC.,133 J.PATTERSON DR.,,JACKSONVILLE,FL,32204,904-632-0408,904-354-9212,SAM,FOWLER,,,,,SAM,FOWLER,,,,,,FLORIDASALES,50,RANDY FRONTZ,0,(UNASSIGNED),DV,Duval County,N,,,(UnAssigned),NET 30,9/16/2025,500,,,0,0,0,0,0,0,0,Best Way,Destination,P,Y,,0,Y,0,N,P,0,0,(UnAssigned),N,N,0,,,,,,,,,,,,Use Item Price,i,I,,0,+,SAM CELL 654-5100,,,,,,,,,N,,0,,(UnAssigned),Y,N,,(UnAssigned),,,D,I,N,Y,N,,,0,0,0,0,0,0,P,,N,E,,N,N,E,,E,,N,E,,53,,8/14/2009 2:44:41 PM,CMS,2/3/2016 8:30:05 AM,STEVE,N,10165
144795,KNOPF AND SONS BINDERY,1817 FLORIDA AVENUE,,JACKSONVILLE,FL,32206,904-353-5115,904-356-3373,"RALPH,ED, ROZ",.,,,,,ROZ,STEWART,roz@knopfbindery.com,,,,,FLORIDASALES,52,RANDY FRONTZ,0,(UNASSIGNED),DV,Duval County,N,,,(UnAssigned),NET 30,11/25/2024,1000,,,0,0,0,0,0,0,0,Best Way,Destination,P,N,26-08-034120-68-8,0,Y,0,N,P,1,0,Downtown,N,N,0,,,,,,,,,,,,Use Item Price,i,I,,0,+,,,,,,,,,,N,,0,,(UnAssigned),Y,N,,(UnAssigned),,,E,I,N,Y,N,,,0,0,0,0,0,0,M,ROZ,N,E,,N,N,E,,E,,N,E,,15,,8/14/2009 2:44:41 PM,CMS,3/23/2021 10:46:28 AM,NATE,N,10166
144810,LOAD KING,P.O. BOX 40606,,JACKSONVILLE,FL,32203,904-354-8882,904-353-2810,BETH,HUTCHINS,,,,,BETH,HUTCHINS,,,,,,FLORIDASALES,51,RANDY FRONTZ,0,(UNASSIGNED),DV,Duval County,N,,,(UnAssigned),NET 30,4/28/2011,5000,,,0,0,0,0,0,0,0,Best Way,Destination,P,N,26-8011973066-9,0,Y,0,N,P,1,0,Downtown,N,Y,3,4811,LOAD KING,840 BRADY STREET,"JACKSONVLLE, FL",32203,,,BETH HUTCHINS,,,,Use Item Price,i,I,,0,+,,,,,,,,,,N,,0,,(UnAssigned),Y,N,,(UnAssigned),Y,C,E,I,N,Y,N,,,0,0,0,0,0,0,M,jessica,N,E,,N,N,E,,E,,N,E,,15,,8/14/2009 2:44:42 PM,CMS,10/13/2014 4:29:42 PM,RANDY,N,10167
145333,MICHAEL'S DISTRIBUTION,9200 WEST BEAVER ST,,JACKSONVILLE,FL,32220,904-695-3600,904-695-3619,,,,,,,,,,,,,,FLORIDASALES,24,Artie Hardie - Existing,0,(UNASSIGNED),DV,Duval County,N,,,(UnAssigned),NET 30,,3000,,,0,0,0,0,0,0,0,Best Way,Destination,P,Y,,0,Y,0,N,P,0,0,(UnAssigned),N,N,0,,,,,,,,,,,,Use Item Price,i,I,,0,+,,,,,,,,,,N,,0,,(UnAssigned),Y,N,,(UnAssigned),,,E,I,N,Y,N,,,0,0,0,0,0,0,P,,N,E,,N,N,E,,E,,N,E,,15,,8/14/2009 2:44:42 PM,CMS,12/5/2013 6:41:51 AM,RANDY,N,10168
145402,HILEX POLY,500-A NORTH ELLIS ROAD,,JACKSONVILLE,FL,32254,904-783-9985,904-783-9987,ED,RENCKERT,,,,,ED,RENCKERT,,,,,,FLORIDASALES,58,ROBIN FRONTZ-exist,0,(UNASSIGNED),DV,Duval County,N,,,(UnAssigned),NET 60,4/15/2026,5000,,,6505.53,2607.85,3324.9,516.3,0,0,56.48,Best Way,Destination,P,N,,0,Y,0,N,P,7,0,Westside,N,N,0,,,,,,,,,,,,Use Item Price,i,I,,0,+,cust needs paper inv,,,,,,,,,N,,0,,(UnAssigned),N,N,,(UnAssigned),Y,A,A,A,N,Y,N,,,0,0,0,0,0,0,M,ACCOUNTS,N,E,,N,N,E,,E,,N,E,,53,,8/14/2009 2:44:42 PM,CMS,10/31/2025 9:38:38 AM,NATE,N,10169
145500,FIRST COAST CHRISTIAN CENTER,2724 NEW BERLIN ROAD,,JACKSONVILLE,FL,32226,904-757-7641,904-757-4742,PENNY,.,Bookkeeping@fcccministries.org,,,,PENNY,.,Bookkeeping@fcccministries.org,,,,,FLORIDASALES,52,RANDY FRONTZ,0,(UNASSIGNED),EX,Tax Exempt,N,,,(UnAssigned),NET 30,9/5/2025,3000,,,0,0,0,0,0,0,0,Best Way,Destination,P,N,85-8012584661C-2,0,Y,0,N,P,2,0,Northside,N,N,0,,,,,,,,,,,,30% Profit Margin,p30,P,,30,+,,,,,,,,,,N,,0,,(UnAssigned),Y,N,,(UnAssigned),Y,B,D,A,N,Y,N,,,0,0,0,0,0,0,M,PENNY,N,E,,N,N,E,,E,,N,E,,15,,8/14/2009 2:44:42 PM,CMS,2/9/2023 11:27:53 AM,NATE,N,10170
145555,FIRST LEASE TRUCK RENTAL,4371 SPORTSMAN CLUB RD.,,JACKSONVILLE,FL,32219,904-695-9915,904-695-9649,DAVID,SWEAT,,,,,DAVID,SWEAT,,,,,,FLORIDASALES,78,RANDY FRONTZ,0,(UNASSIGNED),DV,Duval County,N,,,(UnAssigned),NET 30,3/3/2010,1000,,,0,0,0,0,0,0,0,Best Way,Destination,P,Y,,0,Y,0,N,P,7,0,Westside,N,N,0,,,,,,,,,,,,Use Item Price,i,I,,0,+,,,,,,,,,,N,,0,,(UnAssigned),Y,N,,(UnAssigned),,,E,I,N,Y,N,,,0,0,0,0,0,0,P,,N,E,,N,N,E,,E,,N,E,,15,,8/14/2009 2:44:43 PM,CMS,8/20/2010 2:20:17 PM,RANDY,N,10171
145600,NEXTRAN,JAX MACK TRUCK,1986 W. BEAVER ST,JACKSONVILLE,FL,32209,904-354-3721,904-354-3807,BRIAN,CARROLL,BCARROLL@NEXTRANCORP.COM,,,,BRIAN,CARROLL,BCARROLL@NEXTRANCORP.COM,,,,,FLORIDASALES,58,ROBIN FRONTZ-exist,0,(UNASSIGNED),DV,Duval County,N,,,(UnAssigned),NET 30,11/13/2025,2000,,,144.72,0,0,0,0,0,144.72,Best Way,Destination,P,Y,,0,Y,0,N,P,0,0,(UnAssigned),N,N,0,,,,,,,,,,,,Use Item Price,i,I,,0,+,,,,MAIL ONLY,,,,,,N,,0,,(UnAssigned),Y,N,,(UnAssigned),,C,D,A,N,Y,N,,,0,0,0,0,0,0,M,BRIAN,N,E,,N,N,E,,E,,N,E,,53,,8/14/2009 2:44:43 PM,CMS,7/25/2023 1:35:04 PM,NATE,N,10172
145610,MIKE SHAD NISSAN,1726 CASSAT AVENUE,,JACKSONVILLE,FL,32210,904-389-7792,904-381-1326,DANNY,VINUELA,VINUELAD@AUTONATION.COM,,,,DANNY,VINUELA,VINUELAD@AUTONATION.COM,,,,,FLORIDASALES,51,RANDY FRONTZ,0,(UNASSIGNED),DV,Duval County,N,,,(UnAssigned),NET 30,12/16/2009,500,,,0,0,0,0,0,0,0,Best Way,Destination,P,Y,,0,Y,0,N,P,0,0,(UnAssigned),N,N,0,,,,,,,,,,,,Use Item Price,i,I,,0,+,,,,,,,,,,N,,0,,(UnAssigned),Y,N,,(UnAssigned),,,E,I,N,Y,N,,,0,0,0,0,0,0,P,,N,E,,N,N,E,,E,,N,E,,15,,8/14/2009 2:44:43 PM,CMS,10/13/2014 4:30:09 PM,RANDY,N,10173
145700,MALNOVE INC. OF FLORIDA,10500 CANADA DR.,,JACKSONVILLE,FL,32218,904-757-5030,904-696-1655,TERRI,BLAZIER,,CARL,BINDER,carl.binder@malnove.com,TERRI,BLAZIER,,,,,,FLORIDASALES,100,RANDY FRONTZ,0,(UNASSIGNED),DV,Duval County,N,,,(UnAssigned),NET 30,7/30/2012,3500,,,0,0,0,0,0,0,0,Best Way,Destination,P,N,26-8012032308-5  *12,0,Y,0,N,P,2,0,Northside,N,N,0,,,,,,,,,,,,Use Item Price,i,I,,0,+,,,,,,,,,,N,,0,,(UnAssigned),Y,N,,(UnAssigned),,,E,I,N,Y,N,,,0,0,0,0,0,0,P,,N,E,,N,N,E,,E,,N,E,,15,,8/14/2009 2:44:44 PM,CMS,7/30/2012 1:55:49 PM,JACKIE,N,10174
145780,OWENS CORNING,,PO Box 9712,Canton,MA,2021,904-359-9861,419-325-9137,KIMBERLEY,JOSEPH,KIMBERLEY.W.JOSEPH@OWENSCORNING.COM,,,,KIMBERLEY,JOSEPH,KIMBERLEY.W.JOSEPH@OWENSCORNING.COM,,,,,FLORIDASALES,51,RANDY FRONTZ,0,(UNASSIGNED),DV,Duval County,N,,,(UnAssigned),NET 30,9/17/2020,2500,,,0,0,0,0,0,0,0,Best Way,Destination,P,N,,0,Y,0,N,P,0,0,(UnAssigned),N,Y,2,5780,JACKSONVILLE ASHPHALT PLT,1151 TALLEYRAND AVENUE,"JACKSONVILLE, FL 32206",,,,,,,,Use Item Price,i,I,,0,+,,,,,,,,,,N,,0,,(UnAssigned),Y,N,,(UnAssigned),,,E,I,N,Y,N,,,0,0,0,0,0,0,M,KIMBERLEY,N,E,,N,N,E,,E,,N,E,,15,,8/14/2009 2:44:44 PM,CMS,3/24/2021 2:03:50 PM,NATE,N,10175
145870,THE COOKIE BOKAY,1809 CASSAT AVE.,.,JACKSONVILLE,FL,32210,904-388-9000,904-388-9200,JAN,KEY,cobokay@bellsouth.net,,,,JAN,KEY,cobokay@bellsouth.net,,,,www.cookiebokay.com,FLORIDASALES,51,RANDY FRONTZ,0,(UNASSIGNED),DV,Duval County,N,,,(UnAssigned),NET 30,11/28/2011,500,,,0,0,0,0,0,0,0,Best Way,Destination,P,N,26-08-149559-55-1,0,Y,0,N,P,0,0,(UnAssigned),N,N,0,,,,,,,,,,,,Use Item Price,i,I,,0,+,,,,,,,,,,N,,0,,(UnAssigned),Y,N,,(UnAssigned),,,E,I,N,Y,N,,,0,0,0,0,0,0,P,,N,E,,N,N,E,,E,,N,E,,15,,8/14/2009 2:44:44 PM,CMS,10/23/2014 1:39:13 PM,JACKIE,N,10177
145914,READS MOVING SYSTEMS OF,"FLORIDA, INC.",6411 PHILIPS HIGHWAY,JACKSONVILLE,FL,32216,904-733-2626,904-733-7676,JR,.,,,,,JR,.,,,,,,FLORIDASALES,58,ROBIN FRONTZ-exist,0,(UNASSIGNED),DV,Duval County,N,,,(UnAssigned),NET 30,12/18/2014,500,,,0,0,0,0,0,0,0,Best Way,Destination,P,Y,,0,Y,0,N,P,0,0,(UnAssigned),N,N,0,,,,,,,,,,,,Use Item Price,i,I,,0,+,,,,,,,,,,N,,0,,(UnAssigned),Y,N,,(UnAssigned),,,E,I,N,Y,N,,,0,0,0,0,0,0,M,SAVANNAH,N,E,,N,N,E,,E,,N,E,,15,,8/14/2009 2:44:44 PM,CMS,12/19/2014 9:36:05 AM,STEVE,N,10178
146100,QUALITY HARDWARE & SPECIALTY CO.,207 N. ELLIS ROAD,,JACKSONVILLE,FL,32254,904-781-8100,904-781-8104,,,,,,,,,,,,,,FLORIDASALES,50,RANDY FRONTZ,0,(UNASSIGNED),DV,Duval County,N,,,(UnAssigned),NET 30,12/2/2025,500,,,-0.05,-0.05,0,0,0,0,0,Best Way,Destination,P,Y,,0,Y,0,N,P,7,0,Westside,N,N,0,,,,,,,,,,,,Use Item Price,i,I,,0,+,,,,,,,,,,N,,0,,(UnAssigned),Y,N,,(UnAssigned),,,D,A,N,Y,N,,,0,0,0,0,0,0,M,AR,N,E,,N,N,E,,E,,N,E,,53,,8/14/2009 2:44:45 PM,CMS,11/16/2022 8:23:48 AM,JEFF,N,10179
146110,COLOMER USA,"ROUX LABORATORIES, INC",P.O. BOX 37557,JACKSONVILLE,FL,32236,904-366-2632,904-366-3482,ACCOUNTS,PAYABLE,,MARY,BLAJIAN,MARY.BLAJIAN@US.THECOLOMERGROUP.COM,ACCOUNTS,PAYABLE,,,,,,FLORIDASALES,100,RANDY FRONTZ,0,(UNASSIGNED),DV,Duval County,N,,,(UnAssigned),NET 30,,1000,,,0,0,0,0,0,0,0,Best Way,Destination,P,Y,,0,Y,0,N,P,1,0,Downtown,N,Y,1,6110,COLOMER USA,2210 MELSON AVENUE,,JACKSONVILLE,FL,32254,SUE TRUMBLE,,,,Use Item Price,i,I,,0,+,,,,,,,,,,N,,0,,(UnAssigned),Y,N,,(UnAssigned),,,E,I,N,Y,N,,,0,0,0,0,0,0,P,,N,E,,N,N,E,,E,,N,E,,15,,8/14/2009 2:44:45 PM,CMS,3/22/2013 11:25:32 AM,NEAL,N,10180
146165,PITTMAN PRODUCE,5400 LONGLEAF ST.,,JACKSONVILLE,FL.,32209,904-768-6888,904-768-6888,TOM,ROBINSON,,,,,TOM,ROBINSON,,,,,,FLORIDASALES,78,RANDY FRONTZ,0,(UNASSIGNED),DV,Duval County,N,,,(UnAssigned),1%10 NET 30,,300,,,0,0,0,0,0,0,0,Best Way,Destination,P,Y,,0,Y,0,N,P,0,0,(UnAssigned),N,N,0,,,,,,,,,,,,Use Item Price,i,I,,0,+,,,,,,,,,,N,,0,,(UnAssigned),Y,N,,(UnAssigned),,,E,I,N,Y,N,,,0,0,0,0,0,0,P,,N,E,,N,N,E,,E,,N,E,,15,,8/14/2009 2:44:45 PM,CMS,11/8/2012 1:46:01 PM,JACKIE,N,10181
146174,PRAXAIR DIST. STOCKTON ST,150 STOCKTON STREET,,JACKSONVILLE,FL,32204,904-355-3992,904-353-5160,LISA,POWELL,LISA_POWELL@PRAXAIR.COM,,,,LISA,POWELL,LISA_POWELL@PRAXAIR.COM,,,,,FLORIDASALES,50,RANDY FRONTZ,0,(UNASSIGNED),DV,Duval County,N,,,(UnAssigned),NET 30,3/30/2016,500,,,0,0,0,0,0,0,0,Best Way,Destination,P,Y,,0,Y,0,N,P,7,0,Westside,N,N,0,,,,,,,,,,,,Use Item Price,i,I,,0,+,,,,MAIL,,,,,,N,,0,,(UnAssigned),Y,N,,(UnAssigned),,,E,I,N,Y,N,,,0,0,0,0,0,0,M,LISA,N,E,,N,N,E,,E,,N,E,,15,,8/14/2009 2:44:46 PM,CMS,2/3/2016 9:24:20 AM,STEVE,N,10182
146175,PRAXAIR DIST. BEAVER ST.,"SOUTHEAST, LLC",ONE MAIN ST.   SUITE 202,TEQUESTA,FL,33469,904-388-0561,904-388-7229,BRENDA,EXT 3021,Brenda_Thornton@praxair.com,,,,CINDY,HOMICK,CYNTHIA_HOMICK@PRAXAIR.COM,,,,,FLORIDASALES,50,RANDY FRONTZ,0,(UNASSIGNED),DV,Duval County,N,,,(UnAssigned),NET 30,4/5/2016,1000,,,0,0,0,0,0,0,0,Best Way,Destination,P,Y,26-8012376039-3,0,Y,0,N,P,13,0,Miscellaneous,N,Y,1,6175,PRAXAIR DISTRIBUTION,2312 W. BEAVER STREET,"JACKSONVILLE, FL",32209,,,,,,,Use Item Price,i,I,,0,+,,,,mail,,,,,,N,,0,,(UnAssigned),Y,N,,(UnAssigned),Y,B,E,I,N,Y,N,,,0,0,0,0,0,0,M,ACCOUNTS,N,E,,N,Y,E,BRENDA,E,,N,E,,15,,8/14/2009 2:44:46 PM,CMS,2/3/2016 9:23:39 AM,STEVE,N,10183
146180,RE-VITA MANU./PM-INTERNATIONAL,153 INDUSTRIAL LOOP SOUTH,,ORANGE PARK,FL,32073,904-269-3240,904-269-7661,,,,,,,,,,,,,,FLORIDASALES,50,RANDY FRONTZ,0,(UNASSIGNED),DV,Duval County,N,,,(UnAssigned),NET 30,5/29/2019,1000,,,0,0,0,0,0,0,0,Best Way,Destination,P,Y,,0,Y,0,N,P,6,0,Orange Park,N,N,0,,,,,,,,,,,,Use Item Price,i,I,,0,+,,,,,,,,,,N,,0,,(UnAssigned),Y,N,,(UnAssigned),,,E,I,N,Y,N,,,0,0,0,0,0,0,M,DEBORAH,Y,E,billing,N,N,E,,E,,N,E,,15,,8/14/2009 2:44:46 PM,CMS,6/13/2017 2:11:35 PM,DAVID,N,10184
146201,"MAILWELL ENVELOPE, INC.",5406 WEST 1ST STREET,,JACKSONVILLE,FL,32254,904-783-1550,904-781-3439,JAMES,FAISON,,,,,JAMES,FAISON,,,,,,FLORIDASALES,52,RANDY FRONTZ,0,(UNASSIGNED),DV,Duval County,N,,,(UnAssigned),NET 30,,1000,,,0,0,0,0,0,0,0,Best Way,Destination,P,Y,,0,Y,0,N,P,7,0,Westside,N,N,0,,,,,,,,,,,,Use Item Price,i,I,,0,+,,,,,,,,,,N,,0,,(UnAssigned),Y,N,,(UnAssigned),,,E,I,N,Y,N,,,0,0,0,0,0,0,P,,N,E,,N,N,E,,E,,N,E,,15,,8/14/2009 2:44:46 PM,CMS,11/8/2012 2:40:31 PM,JACKIE,N,10185
146390,S & S METALS & PLASTICS,3740 MORTON STREET,,JACKSONVILLE,FL,32217,904-731-4655,904-739-1394,CINDY,STRICKLAND,c.strickland@ssmetal.com,,,,CINDY,STRICKLAND,c.strickland@ssmetal.com,,,,,FLORIDASALES,10,Randy Frontz,0,(UNASSIGNED),DV,Duval County,N,,,(UnAssigned),C.O.D,8/26/2015,1500,,,0,0,0,0,0,0,0,Best Way,Destination,P,Y,26-8012445579-3,0,Y,0,N,P,5,0,Southside,N,N,0,,,,,,,,,,,,Use Item Price,i,I,,0,+,,,,,,,,,,N,,0,,(UnAssigned),Y,N,,(UnAssigned),,,E,I,N,Y,N,,,0,0,0,0,0,0,M,PAM,N,E,PAM,Y,N,E,,E,,N,E,,15,,8/14/2009 2:44:47 PM,CMS,3/17/2017 10:59:11 AM,PETE,N,10186
146500,KUHN FLORIST,3802 BEACH BLVD,,JACKSONVILLE,FL,32207,904-398-8601,904-348-7378,JERRY,KORDEK,,,,,JERRY,KORDEK,,,,,,FLORIDASALES,51,RANDY FRONTZ,0,(UNASSIGNED),DV,Duval County,N,,,(UnAssigned),NET 30,4/14/2008,500,,,0,0,0,0,0,0,0,Best Way,Destination,P,Y,,0,Y,0,N,P,0,0,(UnAssigned),N,N,0,,,,,,,,,,,,Use Item Price,i,I,,0,+,,,,,,,,,,N,,0,,(UnAssigned),Y,N,,(UnAssigned),,,E,I,N,Y,N,,,0,0,0,0,0,0,P,,N,E,,N,N,E,,E,,N,E,,15,,8/14/2009 2:44:47 PM,CMS,10/13/2014 4:31:01 PM,RANDY,N,10187
146776,L AND W  SUPPLY,2919 DAWN ROAD,,JACKSONVILLE,FL,32207,904-731-2290,904-829-6412,RANDY,THOMPSON,RSTHOMPSON@LWSUPPLY.COM,,,,RANDY,THOMPSON,RSTHOMPSON@LWSUPPLY.COM,,,,,FLORIDASALES,51,RANDY FRONTZ,0,(UNASSIGNED),SJ,St. Johns County,N,,,(UnAssigned),1%10 NET 30,10/22/2025,500,,,2.53,0,0,0,0,0,2.53,Best Way,Destination,P,N,65-00-007383-38-8,0,Y,0,N,P,0,0,(UnAssigned),N,N,0,,,,,,,,,,,,Use Item Price,i,I,,0,+,,,,,,,,,,N,,0,,(UnAssigned),Y,N,,(UnAssigned),,,D,I,N,Y,N,,,0,0,0,0,0,0,P,,N,E,,N,N,E,,E,,N,E,,15,,8/14/2009 2:44:47 PM,CMS,1/5/2016 9:51:46 AM,STEVE,N,10188
146935,SNOWBIRD ENVIRONMENTAL,P.O. BOX 47856,,JACKSONVILLE,FL,32247,904-739-1300,904-739-1288,VINCE,.,,,,,VINCE,.,,,,,,FLORIDASALES,52,RANDY FRONTZ,0,(UNASSIGNED),DV,Duval County,N,,,(UnAssigned),NET 30,4/16/2026,1000,,,164.25,164.25,0,0,0,0,0,Best Way,Destination,P,N,26-8011993875-3  *11,0,Y,0,N,P,5,0,Southside,N,Y,1,1,SNOWBIRD ENVIRONMENTAL SYSTEMS,7749 BAYBERRY ROAD,,JACKSONVILLE,FL,32256,,,,,Use Item Price,i,I,,0,+,,,,,,,,,,N,,0,,(UnAssigned),Y,N,,(UnAssigned),,,D,A,N,Y,N,,,0,0,0,0,0,0,M,CORI,N,E,,N,N,E,,E,,N,E,,15,,8/14/2009 2:44:47 PM,CMS,5/9/2025 9:16:55 AM,NATE,N,10189
146967,FLORIDA FORKLIFT SUPPLY,5080 W.BEAVER STREET,,JACKSONVILLE,FL,32254,904-783-8660,904-786-9533,RUBIN,BUCHANAN,,,,,ACCOUNTS,PAYABLE,accounting@floridaforkliftsupply.com,,,,,FLORIDASALES,52,RANDY FRONTZ,0,(UNASSIGNED),DV,Duval County,N,,,(UnAssigned),NET 30,1/23/2020,1000,,,0,0,0,0,0,0,0,Best Way,Destination,P,N,26-8012285566-3 *17,0,Y,0,N,P,0,0,(UnAssigned),N,N,0,,,,,,,,,,,,Use Item Price,i,I,,0,+,,,,,,,,,,N,,0,,(UnAssigned),Y,N,,(UnAssigned),,,E,I,N,Y,N,,,0,0,0,0,0,0,M,ACCOUNTS,N,E,,N,N,E,,E,,N,E,,15,,8/14/2009 2:44:48 PM,CMS,3/24/2021 2:06:15 PM,NATE,N,10190
147040,SOUTHEASTERN TURF GRASS SUPPLY INC,6942 PHILLIPS PKWY DR. N.,,JACKSONVILLE,FL,32256,904-260-8565,904-262-6733,GINGER,CARLTON,gcarlton1@mac.com,,,,GINGER,CARLTON,gcarlton1@mac.com,,,,,FLORIDASALES,51,RANDY FRONTZ,0,(UNASSIGNED),DV,Duval County,N,,,(UnAssigned),NET 30,4/26/2018,200,,,0,0,0,0,0,0,0,Best Way,Destination,P,Y,,0,Y,0,N,P,5,0,Southside,N,N,0,,,,,,,,,,,,Use Item Price,i,I,,0,+,,,,,,,,,,N,,0,,(UnAssigned),Y,N,,(UnAssigned),,,E,I,N,Y,N,,,0,0,0,0,0,0,M,GINGER,N,E,,N,N,E,,E,,N,E,,15,,8/14/2009 2:44:48 PM,CMS,10/20/2014 4:28:00 PM,STEVE,N,10191
147092,SCHUMANN CASTERS & EQUIP.,P.O.BOX 2115,1299 W.BEAVER ST.,JACKSONVILLE,FL,32203,904-356-2849,904-353-3352,,,,,,,,,,,,,,FLORIDASALES,78,RANDY FRONTZ,0,(UNASSIGNED),DV,Duval County,N,,,(UnAssigned),NET 30,2/4/2013,1000,,,0,0,0,0,0,0,0,Best Way,Destination,P,N,26-8011928356-9,0,Y,0,N,P,0,0,(UnAssigned),N,N,0,,,,,,,,,,,,Use Item Price,i,I,,0,+,,,,,,,,,,N,,0,,(UnAssigned),Y,N,,(UnAssigned),,C,E,I,N,Y,N,,,0,0,0,0,0,0,M,jeff,N,E,,N,N,E,,E,,N,E,,15,,8/14/2009 2:44:48 PM,CMS,9/28/2010 2:20:33 PM,JACKIE,N,10192
147140,SOUTHEASTERN METALS MFG.,"CO., INC.",11801 INDUSTRY DR.,JACKSONVILLE,FL.,32226,904-757-4200,904-751-2745,DONNIE,"JR, BRANDI",,,,,DONNIE,"JR, BRANDI",,,,,,FLORIDASALES,51,RANDY FRONTZ,0,(UNASSIGNED),DV,Duval County,N,,,(UnAssigned),1%10 NET 30,9/17/2007,1000,,,0,0,0,0,0,0,0,Best Way,Destination,P,Y,,0,Y,0,N,P,0,0,(UnAssigned),N,N,0,,,,,,,,,,,,Use Item Price,i,I,,0,+,,,,,,,,,,N,,0,,(UnAssigned),Y,N,,(UnAssigned),,,E,I,N,Y,N,,,0,0,0,0,0,0,P,,N,E,,N,N,E,,E,,N,E,,15,,8/14/2009 2:44:48 PM,CMS,10/14/2014 9:34:28 AM,RANDY,N,10193
147200,TRINITY BAPTIST CHURCH,800 HAMMOND BLVD.,,JACKSONVILLE,FL,32221,904-596-2460,904-781-4910,Charlie,Phillips,cphillips@tbc.org,Charlie,Phillips,cphillips@tbc.org,Melissa,Pritchard,mpritchard@tbc.org,,,,,FLORIDASALES,7,Eugene Aman,0,(UNASSIGNED),EX,Tax Exempt,N,,,(UnAssigned),NET 30,4/9/2026,5000,,,7233.04,3166.47,2447.73,1618.84,0,0,0,Best Way,Destination,P,N,26-08-107312-55C,0,Y,0,N,P,0,0,(UnAssigned),N,N,0,,,,,,,,,,,,Use Item Price,i,I,,0,+,,,,,,Call Justin 20 mins before,delivery,904-596-2460,,N,,0,,(UnAssigned),Y,N,,(UnAssigned),,,A,I,N,Y,N,,,0,0,0,0,0,0,M,JUSTIN,N,E,,N,N,E,,E,,N,E,,15,,8/14/2009 2:44:49 PM,CMS,10/29/2025 8:13:54 AM,NATE,N,10194
147275,STYLORS INC.,640 WEST 41ST STREET,,JACKSONVILLE,FL,32206,904-765-4453,904-765-8044,SAM,KERSUN,,SAM,KERSUN,,SAM,KERSUN,,,,,,FLORIDASALES,51,RANDY FRONTZ,0,(UNASSIGNED),DV,Duval County,N,,,(UnAssigned),NET 30,4/5/2007,500,,,0,0,0,0,0,0,0,Best Way,Destination,P,Y,,0,Y,0,N,P,0,0,(UnAssigned),N,N,0,,,,,,,,,,,,Use Item Price,i,I,,0,+,,,,,,,,,,N,,0,,(UnAssigned),Y,N,,(UnAssigned),,,E,I,N,Y,N,,,0,0,0,0,0,0,P,,N,E,,N,N,E,,E,,N,E,,15,,8/14/2009 2:44:49 PM,CMS,10/13/2014 4:31:50 PM,RANDY,N,10195
147332,SUNSHINE PEANUTS,7405 TEMPLE TERRACE HIGHWAY,SUITE A,TAMPA,FL,33687,904-355-7561,904-355-6068,KEITH,.,MRHOCKEY41@HOTMAIL.COM,,,,JEFF,TURBEVILLE,JEFFTURBE@AOL.COM,,,,,FLORIDASALES,78,RANDY FRONTZ,0,(UNASSIGNED),DV,Duval County,N,,,(UnAssigned),NET 30,4/21/2011,300,,,0,0,0,0,0,0,0,Best Way,Destination,P,N,26-8012157475-6,0,Y,0,N,P,7,0,Westside,N,Y,1,1,SUNSHINE PEANUTS,57 CANTEE STREET,,JACKSONVILLE,FL,32204,,,,,Use Item Price,i,I,,0,+,DO NOT TALK TO AFTER 5-22-12,TURNED OVER TO COLLECTION,,,,,,,,N,,0,,(UnAssigned),N,N,,(UnAssigned),,C,E,I,N,Y,N,,,0,0,0,0,0,0,P,,N,E,,N,N,E,,E,,N,E,,53,,8/14/2009 2:44:49 PM,CMS,5/22/2012 11:47:34 AM,RANDY,N,10196
147400,THE J.D. RUSSELL COMPANY,ATTN: ACCOUNTS PAYABLE,P.O. BOX 36795,TUCSON,AZ,85740,904-886-9677,904-886-9679,PHILIP,.,,,,,PHILIP,.,,,,,,FLORIDASALES,52,RANDY FRONTZ,0,(UNASSIGNED),DV,Duval County,N,,,(UnAssigned),NET 30,4/16/2026,10000,,,1421.03,1421.03,0,0,0,0,0,Best Way,Destination,P,Y,26-8012454772-2,0,Y,0,N,P,0,0,(UnAssigned),N,Y,1,7400,THE JD RUSSELL COMPANY,6698 COLUMBIA PARK DRIVE,"JACKSONVILLE, FL 32258",,,,,,,,Use Item Price,i,I,,0,+,,,,,,,,,,N,,0,,(UnAssigned),Y,N,,(UnAssigned),,,C,A,N,Y,N,,,0,0,0,0,0,0,P,MARY,N,E,,Y,N,E,,E,,N,E,,15,,8/14/2009 2:44:49 PM,CMS,3/23/2021 11:49:46 AM,NATE,N,10197
147430,TREND OFFSET,10301 BUSCH DR. NORTH,,JACKSONVILLE,FL,32218,904-696-8675,904-696-8676,TERRI,.,,,,,TERRI,.,,,,,,FLORIDASALES,51,RANDY FRONTZ,0,(UNASSIGNED),DV,Duval County,N,,,(UnAssigned),NET 30,,500,,,0,0,0,0,0,0,0,Best Way,Destination,P,Y,26-00-162214-68-6,0,Y,0,N,P,0,0,(UnAssigned),N,N,0,,,,,,,,,,,,Use Item Price,i,I,,0,+,,,,,,,,,,N,,0,,(UnAssigned),Y,N,,(UnAssigned),,,E,I,N,Y,N,,,0,0,0,0,0,0,P,,N,E,,N,N,E,,E,,N,E,,15,,8/14/2009 2:44:50 PM,CMS,10/14/2014 9:35:02 AM,RANDY,N,10198
147501,JACKSONVILLE BOX AND WOODWORKING,P.O. BOX 3447,,JACKSONVILLE,FL,32206,904-354-1441,904-354-6088,LEANNE,KING,lking@jaxbox.com,,,,LEANNE,KING,lking@jaxbox.com,,,,,FLORIDASALES,52,RANDY FRONTZ,0,(UNASSIGNED),DV,Duval County,N,,,(UnAssigned),NET 30,3/19/2026,500,,,56.67,0,56.67,0,0,0,0,Best Way,Destination,P,N,,0,Y,0,N,P,2,0,Northside,N,Y,1,5701,JACKSONVILLE BOX,5011 BUFFALO AVENUE,"JACKSONVILLE, FL 32206",,,,,,,,Use Item Price,i,I,,0,+,,,,,,CLOSED ON FRIDAYS,,,,N,,0,,(UnAssigned),Y,N,,(UnAssigned),,,D,I,N,Y,N,,,0,0,0,0,0,0,M,LEANNE,N,E,,N,N,E,,E,,N,E,,15,,8/14/2009 2:44:50 PM,CMS,2/2/2023 10:06:47 AM,NATE,N,10199
147600,POWER LINE HARDWARE,6841 PHILLIPS PARKWAY,,JACKSONVILLE,FL,32256,904-288-9880,904-268-9717,CRAIG,.,,,,,GREG,.,ACCOUNTS1@POWERLINEHARDWARE.COM,,,,,FLORIDASALES,52,RANDY FRONTZ,0,(UNASSIGNED),DV,Duval County,N,,,(UnAssigned),NET 30,11/22/2016,500,,,0,0,0,0,0,0,0,Best Way,Destination,P,Y,,0,Y,0,N,P,7,0,Westside,N,N,0,,,,,,,,,,,,Use Item Price,i,I,,0,+,,,,,,,,,,N,,0,,(UnAssigned),Y,N,,(UnAssigned),,C,E,I,N,Y,N,,,0,0,0,0,0,0,F,DIANE,N,E,,N,N,E,,E,,N,E,,15,,8/14/2009 2:44:50 PM,CMS,4/23/2015 11:32:59 AM,STEVE,N,10200
147705,T AND T MANUFACTURING,5901 WEST BEAVER STREET,,JACKSONVILLE,FL,32254,904-786-0027,904-786-0240,"KIM,KATHY",.,,,,,"KIM,KATHY",.,,,,,,FLORIDASALES,24,Artie Hardie - Existing,0,(UNASSIGNED),DV,Duval County,N,,,(UnAssigned),NET 30,7/15/2014,500,,,0,0,0,0,0,0,0,Best Way,Destination,P,Y,,0,Y,0,N,P,7,0,Westside,N,N,0,,,,,,,,,,,,Use Item Price,i,I,,0,+,MONDAY-THUR 8:00-3:00  FRIDAY,BEFORE NOON,,,,,,,,N,,0,,(UnAssigned),Y,N,,(UnAssigned),,,E,I,N,Y,N,,,0,0,0,0,0,0,P,,N,E,,N,N,E,,E,,N,E,,15,,8/14/2009 2:44:50 PM,CMS,12/5/2013 6:41:00 AM,RANDY,N,10201
147710,SEARS LOGISTICS SERVICES,2969 FAYE ROAD,,JACKSONVILLE,FL,32226,904-696-5780,904-696-5839,JENNIFER,LITTLE,Jennifer.Kent@searshc.com,,,,JENNIFER,LITTLE,Jennifer.Kent@searshc.com,,,,,FLORIDASALES,50,RANDY FRONTZ,0,(UNASSIGNED),DV,Duval County,N,,,(UnAssigned),2% 10 NET 30,11/15/2016,5000,,,0,0,0,0,0,0,0,Best Way,Destination,P,Y,,0,Y,0,N,P,2,0,Northside,N,Y,1,7710,SEARS LOGISTICS SERVICES,2969 FAYE ROAD,"JACKSONVILLE, FL 32226",,,,JENNIFER,,,,Use Item Price,i,I,,0,+,,,,,,,,,,N,,0,,(UnAssigned),Y,N,,(UnAssigned),,C,E,I,N,Y,N,,,0,0,0,0,0,0,M,JENNIFER,N,E,,N,N,E,,E,,N,E,,15,,8/14/2009 2:44:51 PM,CMS,12/6/2017 11:37:08 AM,PETE,N,10202
147726,QUICK TIE PRODUCT INC.,13300 VANTAGE WAY,,JACKSONVILLE,FL,32218,904-281-0525,904-284-0526,KEITH,DOWLING,,,,,KEITH,DOWLING,,,,,,FLORIDASALES,78,RANDY FRONTZ,0,(UNASSIGNED),DV,Duval County,N,,,(UnAssigned),NET 30,5/2/2008,500,,,0,0,0,0,0,0,0,Best Way,Destination,P,Y,,0,Y,0,N,P,5,0,Southside,N,Y,1,47726,QUICK TIE PRODUCTS,C/O MILLENNIUM METALS INC,10200 EASTPORT ROAD,JACKSONVILLE,FL,32218,,,,,Use Item Price,i,I,,0,+,,,,,,,,,,N,,0,,(UnAssigned),Y,N,,(UnAssigned),,,E,I,N,Y,N,,,0,0,0,0,0,0,P,,N,E,,N,N,E,,E,,N,E,,15,,8/14/2009 2:44:51 PM,CMS,12/29/2014 9:50:30 AM,RANDY,N,10203
147790,"SOUTHEASTERN ALUMINUM PRODUCTS, INC",P.O. BOX 6427,,JACKSONVILLE,FL,32236,904-781-8200,904-224-8068,LEE,@ 167,lees@southeasternaluminum.com,,,,LEE,@ 167,lees@southeasternaluminum.com,,,,,FLORIDASALES,50,RANDY FRONTZ,0,(UNASSIGNED),DV,Duval County,N,,,(UnAssigned),NET 30,3/13/2014,5000,,,0,0,0,0,0,0,0,Best Way,Destination,P,Y,26-8012156790-1,0,Y,0,N,P,7,0,Westside,N,Y,1,7791,SOUTHEASTERN ALUMINUM,4925 BULLS BAY HIGHWAY,"JACKSONVILLE, FL 32219",,,,,,,,Use Item Price,i,I,,0,+,,,,,,PLEASE DELIVER BEFORE 2:30,RECEIVING CLOSES,,,N,,0,,(UnAssigned),Y,N,,(UnAssigned),Y,A,E,I,N,Y,N,,,0,0,0,0,0,0,M,AP,N,E,,N,N,E,,E,,N,E,,15,,8/14/2009 2:44:51 PM,CMS,10/14/2014 9:29:47 AM,RANDY,N,10204
147805,REDDY ICE,4671 EDISON AVENUE,,JACKSONVILLE,FL,32254,904-388-2653,904-384-0639,DON,THOMAS,,,,,DON,THOMAS,,,,,,FLORIDASALES,51,RANDY FRONTZ,0,(UNASSIGNED),DV,Duval County,N,,,(UnAssigned),NET 30,,500,,,0,0,0,0,0,0,0,Best Way,Destination,P,Y,26-8011955489-6,0,Y,0,N,P,0,0,(UnAssigned),N,N,0,,,,,,,,,,,,Use Item Price,i,I,,0,+,,,,,,,,,,N,,0,,(UnAssigned),Y,N,,(UnAssigned),,,E,I,N,Y,N,,,0,0,0,0,0,0,P,,N,E,,N,N,E,,E,,N,E,,15,,8/14/2009 2:44:51 PM,CMS,10/14/2014 9:35:16 AM,RANDY,N,10205
147808,SUNN BATTERY COMPANY,,1313 WEST ADAMS STREET,JACKSONVILLE,FL,32204,904-354-4508,904-358-7753,JONI,.,,RANDY,BECKWORTH,RBECKWORTH@SUNNBATTERY.NET,LINDA,.,,,,,,FLORIDASALES,58,ROBIN FRONTZ-exist,0,(UNASSIGNED),DV,Duval County,N,,,(UnAssigned),NET 30,11/13/2015,500,,,0,0,0,0,0,0,0,Best Way,Destination,P,Y,,0,Y,0,N,P,1,0,Downtown,N,N,0,,,,,,,,,,,,Use Item Price,i,I,,0,+,,,,,,,,,,N,,0,,(UnAssigned),N,N,,(UnAssigned),Y,B,E,I,N,Y,N,,,0,0,0,0,0,0,M,PHYLLIS,N,E,,N,N,E,,E,,N,E,,15,,8/14/2009 2:44:52 PM,CMS,12/1/2015 9:33:23 AM,STEVE,N,10206
147850,TAYLOR DIESEL SERVICE,400 N. MYRTLE AVE,,JACKSONVILLE,FL,32204,904-356-2641,904-354-4964,ED,.,,,,,ED,.,,,,,,FLORIDASALES,52,RANDY FRONTZ,0,(UNASSIGNED),DV,Duval County,N,,,(UnAssigned),NET 30,4/26/2007,500,,,0,0,0,0,0,0,0,Best Way,Destination,P,Y,,0,Y,0,N,P,0,0,(UnAssigned),N,N,0,,,,,,,,,,,,Use Item Price,i,I,,0,+,,,,,,,,,,N,,0,,(UnAssigned),Y,N,,(UnAssigned),,,E,I,N,Y,N,,,0,0,0,0,0,0,P,,N,E,,N,N,E,,E,,N,E,,15,,8/14/2009 2:44:52 PM,CMS,11/8/2012 2:46:47 PM,JACKIE,N,10207
147905,TRANE,8929 WESTERN WAY,,JACKSONVILLE,FL,32256,904-363-6088,904-363-1134,ROSEMARY,.,,,,,ROSEMARY,.,,,,,,FLORIDASALES,51,RANDY FRONTZ,0,(UNASSIGNED),DV,Duval County,N,,,(UnAssigned),NET 30,,1000,,,0,0,0,0,0,0,0,Best Way,Destination,P,Y,26-00-084326-34-1,0,Y,0,N,P,0,0,(UnAssigned),N,Y,1,7900,TRANE PARTS DEPT,8933 WESTERN WAY,,JACKSONVILLE,FL,32256,CURT ROBINSON,,,,Use Item Price,i,I,,0,+,,,,,,,,,,N,,0,,(UnAssigned),Y,N,,(UnAssigned),,,E,I,N,Y,N,,,0,0,0,0,0,0,P,,N,E,,N,N,E,,E,,N,E,,15,,8/14/2009 2:44:52 PM,CMS,10/13/2014 4:32:14 PM,RANDY,N,10208
147915,ROYAL FOAM ENTERPRISES,1333 HAINES STREET,,JACKSONVILLE,FL,32206,904-632-2355,904-632-2353,BOGDAN,.,,BOGDAN,.,,BOGDAN,.,,,,,,FLORIDASALES,24,Artie Hardie - Existing,0,(UNASSIGNED),DV,Duval County,N,,,(UnAssigned),NET 30,8/31/2012,500,,,0,0,0,0,0,0,0,Best Way,Destination,P,Y,,0,Y,0,N,P,0,0,(UnAssigned),N,N,0,,,,,,,,,,,,Use Item Price,i,I,,0,+,,,,,,,,,,N,,0,,(UnAssigned),Y,N,,(UnAssigned),,,E,I,N,Y,N,,,0,0,0,0,0,0,P,,N,E,,N,N,E,,E,,N,E,,15,,8/14/2009 2:44:52 PM,CMS,12/5/2013 6:37:21 AM,RANDY,N,10209
147920,TAMKO ROOFING PRODUCTS,,P.O. BOX 808,GREEN COVE SPG,FL,32043,800-284-4283,904-000-0526,ELIZABETH,PEEPLES,,,,,ELIZABETH,PEEPLES,,,,,,FLORIDASALES,24,Artie Hardie - Existing,0,(UNASSIGNED),SJ,St. Johns County,N,,,(UnAssigned),1%10 NET 30,,5000,,,0,0,0,0,0,0,0,Best Way,Destination,P,Y,20-8012339680-4 *13,0,Y,0,N,P,8,0,St Augustine,N,Y,1,7900,TAMKO ROOFING PRODUCTS,914 HALL PARK DRIVE,,GREEN COVE SPGS,FL,32043,JOHN CANNON,,,,Use Item Price,i,I,,0,+,,,,,,,,,,N,,0,,(UnAssigned),Y,N,,(UnAssigned),,,E,I,N,Y,N,,,0,0,0,0,0,0,P,,N,E,,N,N,E,,E,,N,E,,15,,8/14/2009 2:44:53 PM,CMS,1/6/2014 9:14:15 AM,RANDY,N,10210
147950,GATE PRECAST PRODUCTS,402 ZOO PARKWAY,,JACKSONVILLE,FL,32226,904-757-0860,904-714-3761,TARA,MORGANTE,TMORGANTE@GATEPRECAST.COM,TARA,MORGANTE,TMORGANTE@GATEPRECAST.COM,HOWARD/JIM,.,,,,,,FLORIDASALES,24,Artie Hardie - Existing,0,(UNASSIGNED),DV,Duval County,N,,,(UnAssigned),NET 30,5/15/2014,1000,,,0,0,0,0,0,0,0,Best Way,Destination,P,Y,26-00-072685-63-0,0,Y,0,N,P,2,0,Northside,N,N,0,,,,,,,,,,,,Use Item Price,i,I,,0,+,,,,,,,,,,N,,0,,(UnAssigned),Y,N,,(UnAssigned),,,E,I,N,Y,N,,,0,0,0,0,0,0,P,,N,E,,N,N,E,,E,,N,E,,15,,8/14/2009 2:44:53 PM,CMS,12/5/2013 6:45:44 AM,RANDY,N,10211
147980,GEXPRO,1351 E. 4TH STREET,,JACKSONVILLE,FL,32206,904-350-7003,904-350-7030,LEE,READING,,,,,LEE,READING,,,,,,FLORIDASALES,52,RANDY FRONTZ,0,(UNASSIGNED),DV,Duval County,N,,,(UnAssigned),NET 30,5/13/2009,500,,,0,0,0,0,0,0,0,Best Way,Destination,P,Y,,0,Y,0,N,P,0,0,(UnAssigned),N,N,0,,,,,,,,,,,,Use Item Price,i,I,,0,+,,,,,,,,,,N,,0,,(UnAssigned),Y,N,,(UnAssigned),,,E,I,N,Y,N,,,0,0,0,0,0,0,P,,N,E,,N,N,E,,E,,N,E,,15,,8/14/2009 2:44:53 PM,CMS,8/20/2010 2:45:27 PM,RANDY,N,10212
148322,"UNION STATION EAST, L.L.C",700 EAST UNION STREET,,JACKSONVILLE,FL,32206,904-353-1234,904-356-7838,,,,,,,,,,,,,,FLORIDASALES,52,RANDY FRONTZ,0,(UNASSIGNED),DV,Duval County,N,,,(UnAssigned),NET 30,4/11/2013,500,,,0,0,0,0,0,0,0,Best Way,Destination,P,Y,,0,Y,0,N,P,1,0,Downtown,N,N,0,,,,,,,,,,,,Use Item Price,i,I,,0,+,,,,,,,,,,N,,0,,(UnAssigned),Y,N,,(UnAssigned),,,E,I,N,Y,N,,,0,0,0,0,0,0,P,,N,E,,N,N,E,,E,,N,E,,15,,8/14/2009 2:44:54 PM,CMS,11/8/2012 2:48:15 PM,JACKIE,N,10214
148342,"REAGAN AND CO., INC.",2918 DICKINSON ROAD,,JACKSONVILLE,FL,32216,904-367-8886,,BILL,REAGAN,ajr630@bellsouth.net,,,,BILL,REAGAN,ajr630@bellsouth.net,,,,,FLORIDASALES,78,RANDY FRONTZ,0,(UNASSIGNED),DV,Duval County,N,,,(UnAssigned),NET 30,2/7/2022,2000,,,0,0,0,0,0,0,0,PICKUP,Destination,P,N,26-8015547537-1  *17,0,Y,0,N,P,17,0,Customer Pickup,Y,Y,1,40,"REAGAN AND CO., INC.",2918 DICKINSON RD,,JACKSONVILLE,FL,32216,,,,,Use Item Price,i,I,,0,+,,,,,,,,,,N,,0,,(UnAssigned),N,N,,(UnAssigned),,C,E,I,N,Y,N,,,0,0,0,0,0,0,M,JUANICE,N,E,,N,N,E,,E,,N,E,,15,,8/14/2009 2:44:54 PM,CMS,12/27/2016 9:48:12 AM,PETE,N,10215
148350,WAYMAN ACADEMY OF THE ARTS,1176 LABELLE STREET,,JACKSONVILLE,FL,32205,904-695-9995,904-695-9992,MS.,TRACEY,,,,,MS.,TRACEY,,,,,,FLORIDASALES,52,RANDY FRONTZ,0,(UNASSIGNED),EX,Tax Exempt,N,,,(UnAssigned),NET 30,8/30/2007,2500,,,0,0,0,0,0,0,0,Best Way,Destination,P,N,26-00-165776-8SC,0,Y,0,N,P,0,0,(UnAssigned),N,N,0,,,,,,,,,,,,Use Item Price,i,I,,0,+,,,,,,,,,,N,,0,,(UnAssigned),Y,N,,(UnAssigned),,,E,I,N,Y,N,,,0,0,0,0,0,0,P,,N,E,,N,N,E,,E,,N,E,,15,,8/14/2009 2:44:54 PM,CMS,11/8/2012 2:49:09 PM,JACKIE,N,10216
148380,WAVE GUIDE TECHNOLOGIES,14476 DUVAL PLACE WEST,,JACKSONVILLE,FL,32218,904-741-3533,904-741-3531,DENNIS,GRUBB @ 103,,,,,DENNIS,GRUBB @ 103,,,,,,FLORIDASALES,78,RANDY FRONTZ,0,(UNASSIGNED),DV,Duval County,N,,,(UnAssigned),NET 30,9/8/2008,1000,,,0,0,0,0,0,0,0,Best Way,Destination,P,N,26-8013689247-0,0,Y,0,N,P,0,0,(UnAssigned),N,N,0,,,,,,,,,,,,Use Item Price,i,I,,0,+,,,,,,,,,,N,,0,,(UnAssigned),Y,N,,(UnAssigned),,,E,I,N,Y,N,,,0,0,0,0,0,0,P,,N,E,,N,N,E,,E,,N,E,,15,,8/14/2009 2:44:54 PM,CMS,8/20/2010 2:37:07 PM,RANDY,N,10217
148404,"S. GARTNER AND CO., INC.",P.O. BOX 2204,,JACKSONVILLE,FL,32203,904-354-7364,904-354-7365,BRIAN,GARTNER,b.gartner@comcast.net,,,,BRIAN,GARTNER,b.gartner@comcast.net,,,,,FLORIDASALES,52,RANDY FRONTZ,0,(UNASSIGNED),DV,Duval County,N,,,(UnAssigned),NET 30,2/2/2026,1000,,,0,0,0,0,0,0,0,Best Way,Destination,P,Y,26-8012429767-6 *11,0,Y,0,N,P,0,0,(UnAssigned),N,Y,1,6404,"SAM GARTNER & CO., INC",1249 WEST DUVAL STREET,"JACKSONVILLE, FL 32204",,,,,,,,Use Item Price,i,I,,0,+,,,,,,,,,,N,,0,,(UnAssigned),Y,N,,(UnAssigned),,,D,I,N,Y,N,,,0,0,0,0,0,0,M,AP INVOICES,N,E,,N,N,E,,E,,N,E,,15,,8/14/2009 2:44:55 PM,CMS,5/8/2025 9:40:45 AM,NATE,N,10218
148510,COASTAL,6659 HIGHWAY AVENUE,,JACKSONVILLE,FL,32254,904-783-0605,904-786-7749,JASON,LEWIS,Jason.lewis@OLDCASTLE.COM,,,,JASON,LEWIS,Jason.lewis@OLDCASTLE.COM,,,,,FLORIDASALES,52,RANDY FRONTZ,0,(UNASSIGNED),DV,Duval County,N,,,(UnAssigned),CREDIT CARD,7/31/2019,500,,,0,0,0,0,0,0,0,Best Way,Destination,P,Y,26-8016331642-8*17,0,Y,0,N,P,7,0,Westside,N,N,0,,,,,,,,,,,,Use Item Price,i,I,,0,+,,,,,,,,,,N,,0,,(UnAssigned),N,N,,(UnAssigned),,,E,I,N,Y,N,,,0,0,0,0,0,0,P,,N,E,,N,N,E,,E,,N,E,,15,,8/14/2009 2:44:55 PM,CMS,2/14/2023 3:27:13 PM,JEFF,N,10219
148650,SK FORWARDING,P.O. BOX 61561,,JACKSONVILLE,FL,32236,904-741-4100,904-741-4577,PAWNEE,HALL,PAWNEE@SKFJAX.COM,,,,PAWNEE,HALL,PAWNEE@SKFJAX.COM,,,,,FLORIDASALES,50,RANDY FRONTZ,0,(UNASSIGNED),DV,Duval County,N,,,(UnAssigned),NET 30,3/30/2022,500,,,0,0,0,0,0,0,0,Best Way,Destination,P,Y,,0,Y,0,N,P,0,0,(UnAssigned),N,Y,1,23,SK FORWARDING,551 CHATHAM ST,SUITE 3,"JACKSONVILLE,",FL,32254,,,,,Use Item Price,i,I,,0,+,,,,,,,,,,N,,0,,(UnAssigned),Y,N,,(UnAssigned),,C,E,I,N,Y,N,,,0,0,0,0,0,0,M,PAWNEE,N,E,,N,N,E,,E,,N,E,,15,,8/14/2009 2:44:55 PM,CMS,4/12/2021 8:02:18 AM,NATE,N,10220
148651,DAMON LOGISTICS INC.,C/O TEAM AIR EXPRESS,P.O. BOX 18995,JACKSONVILLE,FL,32229,904-741-6510,904-741-6117,CHUCK,MACH/DORIS,CHUCK.MACH@TEAMWWW.COM,,,,CHUCK,MACH/DORIS,CHUCK.MACH@TEAMWWW.COM,,,,,FLORIDASALES,52,RANDY FRONTZ,0,(UNASSIGNED),DV,Duval County,N,,,(UnAssigned),CREDIT CARD,10/7/2013,1000,,,0,0,0,0,0,0,0,Best Way,Destination,P,Y,,0,Y,0,N,P,0,0,(UnAssigned),N,Y,1,8651,DAMON LOGISTICS INC.,14476-605 DUVAL PLACE WEST,,"JACKSONVILLE,",FL,32218,CHUCK MACH,,,,Use Item Price,i,I,,0,+,,,,,,,,,,N,,0,,(UnAssigned),Y,N,,(UnAssigned),,,E,I,N,Y,N,,,0,0,0,0,0,0,M,CHUCK,N,E,,N,N,E,,E,,N,E,,15,,8/14/2009 2:44:55 PM,CMS,12/7/2012 3:29:22 PM,JACKIE,N,10221
148800,L.W. FLOORING,5860 NW 39th Avenue,,GAINESVILLE,FL,32606,904-741-6201,904-741-9925,gary,clouse,gary.clouse@lwflooring.com,,,,Meaghan,AP.,BILLING@LWFLOORING.COM,,,,,FLORIDASALES,52,RANDY FRONTZ,0,(UNASSIGNED),DV,Duval County,N,,,(UnAssigned),NET 30,8/14/2019,500,,,0,0,0,0,0,0,0,Best Way,Destination,P,N,76-8016494507-7,0,Y,0,N,P,0,0,(UnAssigned),N,Y,2,16,LW LOGISTICS,4720 WALGREEN RD.,"JACKSONVILLE, FL 32209",,,,GARY,,,,Use Item Price,i,I,,0,+,,,,,,,,,,N,,0,,(UnAssigned),Y,N,,(UnAssigned),,,E,I,N,Y,N,,,0,0,0,0,0,0,M,Meaghan,N,E,,N,N,E,,E,,N,E,,15,,8/14/2009 2:44:56 PM,CMS,5/1/2019 2:49:42 PM,NATE,N,10222
149227,WESTSIDE BAPTIST CHURCH,7775 HERLONG ROAD,,JACKSONVILLE,FL,32210,904-781-0618,904-786-5700,MIKE,MALLOY,M-MALLOY@COMCAST.NET,,,,NANCY,JOHNSON,nancy@wbcjax.com,,,,,FLORIDASALES,10,Randy Frontz,0,(UNASSIGNED),DV,Duval County,N,,,(UnAssigned),NET 30,4/15/2026,500,,,446.09,-264.18,46.75,37.91,625.61,0,0,Best Way,Destination,P,N,85-8012529639C-2 *18,0,Y,0,N,P,0,0,(UnAssigned),Y,N,0,,,,,,,,,,,,30% Profit Margin,p30,P,,30,+,,,,,,PLEASE TRY FOR EARLY MORNING,DELIVERIES,,,N,,0,,(UnAssigned),Y,N,,(UnAssigned),,,C,A,N,Y,N,,,0,0,0,0,0,0,M,NANCY,N,E,,N,N,E,,E,,N,E,,15,,8/14/2009 2:44:56 PM,CMS,4/10/2024 9:25:30 AM,NATE,N,10223
149600,THERMO KING OF NORTH FLORIDA,2733 PICKETVILLE ROAD,,JACKSONVILLE,FL,32220,904-388-6692,904-384-4578,JOEL,REINHARDT,,,,,JOEL,REINHARDT,,,,,,FLORIDASALES,50,RANDY FRONTZ,0,(UNASSIGNED),DV,Duval County,N,,,(UnAssigned),NET 30,2/14/2024,500,,,0,0,0,0,0,0,0,Best Way,Destination,P,Y,26-8012031088-1,0,Y,0,N,P,7,0,Westside,N,N,0,,,,,,,,,,,,Use Item Price,i,I,,0,+,,,,,,,,,,N,,0,,(UnAssigned),Y,N,,(UnAssigned),,C,E,A,N,Y,N,,,0,0,0,0,0,0,M,DAVID,N,E,,N,N,E,,E,,N,E,,15,,8/14/2009 2:44:56 PM,CMS,12/20/2016 1:37:10 PM,PETE,N,10224
149850,ZABATT INC.,4612 HIGHWAY AVENUE,,JACKSONVILLE,FL,32254,904-384-4505,904-384-6479,CESAR,RODRIGIUZ,,,,,CESAR,RODRIGIUZ,,,,,,FLORIDASALES,52,RANDY FRONTZ,0,(UNASSIGNED),DV,Duval County,N,,,(UnAssigned),CREDIT CARD,3/13/2019,1000,,,0,0,0,0,0,0,0,Best Way,Destination,P,Y,,0,Y,0,N,P,7,0,Westside,N,N,0,,,,,,,,,,,,Use Item Price,i,I,,0,+,,,,,,,,,,N,,0,,(UnAssigned),Y,N,,(UnAssigned),,,E,I,N,Y,N,,,0,0,0,0,0,0,P,,N,E,,N,N,E,,E,,N,E,,15,,8/14/2009 2:44:56 PM,CMS,11/8/2012 2:53:04 PM,JACKIE,N,10225
149940,Z EXCELLENCE INC.,2890 EDISON AVENUE,,JACKSONVILLE,FL,32254,904-389-6822,904-389-7460,TOMMY,.,,,,,TOMMY,.,,,,,,FLORIDASALES,78,RANDY FRONTZ,0,(UNASSIGNED),DV,Duval County,N,,,(UnAssigned),NET 30,6/12/2009,500,,,0,0,0,0,0,0,0,Best Way,Destination,P,Y,,0,Y,0,N,P,7,0,Westside,N,N,0,,,,,,,,,,,,Use Item Price,i,I,,0,+,,,,,,,,,,N,,0,,(UnAssigned),Y,N,,(UnAssigned),,,E,I,N,Y,N,,,0,0,0,0,0,0,P,,N,E,,N,N,E,,E,,N,E,,15,,8/14/2009 2:44:57 PM,CMS,11/8/2012 1:47:56 PM,JACKIE,N,10226
150881,BURRIS REFRIGERATED,LOGISTICS,4501 DIGNAN STREET,JACKSONVILLE,FL,32254,904-388-2240,904-389-2199,,,,ROBERT,MILLER,,,,,,,,,FLORIDASALES,10,Randy Frontz,0,(UNASSIGNED),DV,Duval County,N,,,(UnAssigned),NET 30,,1000,,,0,0,0,0,0,0,0,Best Way,Destination,P,Y,,0,Y,0,N,P,0,0,(UnAssigned),N,Y,1,7021,BURRIS REFRIGERATED,LOGISTICS,----JAX WEST---,,,,,,,,Use Item Price,i,I,,0,+,,,,,,,,,,N,,0,,(UnAssigned),Y,N,,(UnAssigned),,,E,I,N,Y,N,,,0,0,0,0,0,0,P,,N,E,,N,N,E,,E,,N,E,,17,,8/14/2009 2:44:57 PM,CMS,1/21/2010 10:50:53 AM,RANDY,N,10228
160001,AVERY FRAMING SPECIALIST,1870 ST JOHNS BLUFF RD S,,JACKSONVILLE,FL,32246,904-996-9000,904-996-9001,DON,CARTER,,,,,DON,CARTER,,,,,,FLORIDASALES,10,Randy Frontz,0,(UNASSIGNED),DV,Duval County,N,,,(UnAssigned),NET 30,6/14/2007,1000,,,0,0,0,0,0,0,0,Best Way,Destination,P,Y,,0,Y,0,N,P,0,0,(UnAssigned),N,N,0,,,,,,,,,,,,Use Item Price,i,I,,0,+,,,,,,,,,,N,,0,,(UnAssigned),Y,N,,(UnAssigned),,,E,I,N,Y,N,,,0,0,0,0,0,0,P,,N,E,,N,N,E,,E,,N,E,,17,,8/14/2009 2:44:57 PM,CMS,8/25/2009 1:09:57 PM,JACKIE,N,10229
160002,GOIN POSTAL,1523 CHAFFEE RD #12,,JACKSONVILLE,FL,32221,904-378-8123,904-378-8616,SIMONE,.,,,,,SIMONE,.,,,,,,FLORIDASALES,10,Randy Frontz,0,(UNASSIGNED),DV,Duval County,N,,,(UnAssigned),NET 30,4/30/2009,500,,,0,0,0,0,0,0,0,Best Way,Destination,P,N,26-8013514811-8,0,Y,0,N,P,0,0,(UnAssigned),N,Y,1,2,GOIN POSTAL,6271 ST. AUGUSTINE ROAD,SUITE 24,JACKSONVILLE,FL,32217,904/731-9659,,,,Use Item Price,i,I,,0,+,,,,,,,,,Y,N,,0,,(UnAssigned),Y,N,,(UnAssigned),,,E,I,N,Y,N,,,0,0,0,0,0,0,P,,N,E,,N,N,E,,E,,N,E,,17,,8/14/2009 2:44:58 PM,CMS,8/25/2009 1:10:30 PM,JACKIE,N,10230
160003,WESTSIDE FAMILY WORSHIP,CENTER,9717 103RD STREET,JACKSONVILLE,FL,32210,904-771-6424,904-771-8031,THELMA,.,,,,,THELMA,.,,,,,,FLORIDASALES,10,Randy Frontz,0,(UNASSIGNED),DV,Duval County,N,,,(UnAssigned),NET 30,5/11/2009,2000,,,0,0,0,0,0,0,0,Best Way,Destination,P,N,85-8012692896C-8,0,Y,0,N,P,0,0,(UnAssigned),N,N,0,,,,,,,,,,,,Use Item Price,i,I,,0,+,,,,,,,,,,N,,0,,(UnAssigned),Y,N,,(UnAssigned),,,E,I,N,Y,N,,,0,0,0,0,0,0,P,,N,E,,N,N,E,,E,,N,E,,17,,8/14/2009 2:44:58 PM,CMS,8/25/2009 1:11:09 PM,JACKIE,N,10231
160004,FLEET PRIDE,150 N. ELLIS ROAD,,JACKSONVILLE,FL,32254,904-786-5310,904-786-4469,BUD,.,,,,,BUD,.,,,,,,FLORIDASALES,78,RANDY FRONTZ,0,(UNASSIGNED),DV,Duval County,N,,,(UnAssigned),NET 30,10/21/2011,500,,,0,0,0,0,0,0,0,Best Way,Destination,P,Y,,0,Y,0,N,P,0,0,(UnAssigned),N,N,0,,,,,,,,,,,,Use Item Price,i,I,,0,+,,,,,,,,,,N,,0,,(UnAssigned),Y,N,,(UnAssigned),,,E,I,N,Y,N,,,0,0,0,0,0,0,P,,N,E,,N,N,E,,E,,N,E,,53,,8/14/2009 2:44:58 PM,CMS,8/20/2010 10:02:26 AM,RANDY,N,10232
160006,REXEL CORPORATION-DENNIS,ATTN: HEATHER KARNEOL,2365 DENNIS STREET,JACKSONVILLE,FL,32204,904-356-9000,904-356-9600,WILL,.,,,,,WILL,.,,,,,,FLORIDASALES,52,RANDY FRONTZ,0,(UNASSIGNED),DV,Duval County,N,,,(UnAssigned),NET 30,1/11/2011,2000,,,0,0,0,0,0,0,0,Best Way,Destination,P,Y,,0,Y,0,N,P,0,0,(UnAssigned),N,N,0,,,,,,,,,,,,Use Item Price,i,I,,0,+,,,,,,,,,,Y,,0,,(UnAssigned),Y,N,,(UnAssigned),,C,E,I,N,Y,N,,,0,0,0,0,0,0,M,HEATHER,N,E,,N,N,E,,E,,N,E,,53,,8/14/2009 2:44:58 PM,CMS,11/8/2012 2:43:17 PM,JACKIE,N,10233
160008,AFFINITY LOGISTICS,12740 KENAN DRIVE,"BLDG 200,SUITE 150",JACKSONVILLE,FL,32258,904-880-8750,904-880-6989,DAVE,.,,,,,DAVE,.,,,,,,FLORIDASALES,10,Randy Frontz,0,(UNASSIGNED),DV,Duval County,N,,,(UnAssigned),NET 30,8/1/2007,2000,,,0,0,0,0,0,0,0,Best Way,Destination,P,Y,,0,Y,0,N,P,0,0,(UnAssigned),N,N,0,,,,,,,,,,,,Use Item Price,i,I,,0,+,,,,,,,,,,N,,0,,(UnAssigned),Y,N,,(UnAssigned),,,E,I,N,Y,N,,,0,0,0,0,0,0,P,,N,E,,N,N,E,,E,,N,E,,17,,8/14/2009 2:44:59 PM,CMS,10/1/2009 11:00:09 AM,BEVERLY,N,10234
160009,GRAYBAR,1563 JESSIE STREET,,JACKSONVILLE,FL,32206,904-356-7611,904-356-9199,FRANK,SUAU,,,,,FRANK,SUAU,,,,,,FLORIDASALES,10,Randy Frontz,0,(UNASSIGNED),DV,Duval County,N,,,(UnAssigned),NET 30,,1000,,,0,0,0,0,0,0,0,Best Way,Destination,P,Y,,0,Y,0,N,P,0,0,(UnAssigned),N,N,0,,,,,,,,,,,,Use Item Price,i,I,,0,+,,,,,,,,,,N,,0,,(UnAssigned),Y,N,,(UnAssigned),,,E,I,N,Y,N,,,0,0,0,0,0,0,P,,N,E,,N,N,E,,E,,N,E,,17,,8/14/2009 2:44:59 PM,CMS,8/25/2009 1:10:40 PM,JACKIE,N,10235
160010,ANIMAL ER,11512 LAKE MEAD AVE,SUITE 601,JACKSONVILLE,FL,32256,904-642-4357,904-642-0868,MARY,LYNN,,,,,MARY,LYNN,,,,,,FLORIDASALES,10,Randy Frontz,0,(UNASSIGNED),DV,Duval County,N,,,(UnAssigned),NET 30,3/20/2012,2000,,,0,0,0,0,0,0,0,Best Way,Destination,P,Y,,0,Y,0,N,P,0,0,(UnAssigned),N,Y,1,1,ANIMAL ER,11512 LAKE MEAD AVENUE,SUITE 603,JACKSONVILLE,FL,32256,,,,,Use Item Price,i,I,,0,+,,,,,,,,,,N,,0,,(UnAssigned),Y,N,,(UnAssigned),,C,E,I,N,Y,N,,,0,0,0,0,0,0,F,amy,N,E,,N,N,E,,E,,N,E,,17,,8/14/2009 2:44:59 PM,CMS,5/10/2012 4:54:20 PM,JACKIE,N,10236
160012,MCEWEN LUMBER,C/O HOOD DISTRIBUTION,405 NORTH LANE AVENUE,JACKSONVILLE,FL,32254,904-783-0170,904-783-1577,LACY,.,,,,,LACY,.,,,,,,FLORIDASALES,10,Randy Frontz,0,(UNASSIGNED),DV,Duval County,N,,,(UnAssigned),NET 30,9/24/2007,2000,,,0,0,0,0,0,0,0,Best Way,Destination,P,Y,,0,Y,0,N,P,0,0,(UnAssigned),N,N,0,,,,,,,,,,,,Use Item Price,i,I,,0,+,,,,,,,,,,N,,0,,(UnAssigned),Y,N,,(UnAssigned),,,E,I,N,Y,N,,,0,0,0,0,0,0,P,,N,E,,N,N,E,,E,,N,E,,17,,8/14/2009 2:44:59 PM,CMS,8/25/2009 1:10:51 PM,JACKIE,N,10237
200001,ABC CHRISTIAN ACADEMY,,2360 KINGS ROAD,JACKSONVILLE,FL,32209,904-353-4471,904-355-0567,MARY,BATTLES,ANNBATTLE1@ATT.NET,,,,MARY,BATTLES,ANNBATTLE1@ATT.NET,,,,,FLORIDASALES,59,RONNIE BURKE,0,(UNASSIGNED),DV,Duval County,N,,,(UnAssigned),1%10 NET 30,2/8/2013,1000,,,0,0,0,0,0,0,0,Best Way,Destination,P,N,85-8012665674C-4,0,Y,0,N,P,2,0,Northside,N,N,0,,,,,,,,,,,,Use Item Price,i,I,,0,+,,,,,,,,,,N,,0,,(UnAssigned),Y,N,,(UnAssigned),,X,X,I,N,Y,N,,,0,0,0,0,0,0,M,MARY,N,E,,Y,N,E,,E,,N,E,,21,,8/14/2009 2:45:00 PM,CMS,5/24/2017 8:44:35 AM,RANDY,N,10239
200002,APARTMENT FIRE,EXTINGUISHER SERVICES,5200 BEACH BLVD,JACKSONVILLE,FL,32207,904-398-2030,904-398-2065,LELAND,.,,,,,LELAND,.,,,,,,FLORIDASALES,59,RONNIE BURKE,0,(UNASSIGNED),DV,Duval County,N,,,(UnAssigned),NET 30,2/14/2011,500,,,0,0,0,0,0,0,0,Best Way,Destination,P,Y,,0,Y,0,N,P,0,0,(UnAssigned),N,N,0,,,,,,,,,,,,Use Item Price,i,I,,0,+,,,,,,,,,,N,,0,,(UnAssigned),Y,N,,(UnAssigned),,,E,I,N,Y,N,,,0,0,0,0,0,0,P,,N,E,,N,N,E,,E,,N,E,,21,,8/14/2009 2:45:00 PM,CMS,5/24/2017 8:45:03 AM,RANDY,N,10240
200003,ASHLEY FURNITURE,12740 KENAN DRIVE,BLDG 200 SUITE 150,JACKSONVILLE,FL,32258,904-880-5860,904-880-5864,JAN,POZIN,PAYABLES@ASHLEYJAX.COM,,,,JAN,POZIN,PAYABLES@ASHLEYJAX.COM,,,,,FLORIDASALES,10,Randy Frontz,0,(UNASSIGNED),DV,Duval County,N,,,(UnAssigned),NET 30,7/31/2018,500,,,0,0,0,0,0,0,0,Best Way,Destination,P,Y,,0,Y,0,N,P,0,0,(UnAssigned),N,Y,5,13,ASHLEY FURNITURE STORE,4621 RIVER CITY DRIVE,"JACKSONVILLE, FL 32246",,,,CHARLES--642-2347,,,,Use Item Price,i,I,,0,+,,,,,,,,,,N,,0,,(UnAssigned),Y,N,,(UnAssigned),,,E,I,N,Y,N,,,0,0,0,0,0,0,M,JAN,N,E,,N,N,E,,E,,N,E,,21,,8/14/2009 2:45:01 PM,CMS,7/26/2018 12:01:00 PM,BRITTANY,N,10241
200004,AMERICAN TECHNICAL,CERAMICS,1 NORDEN LANE,HUNTING STATIO,NY,11746,904-726-3400,904-726-3438,DERRICK,.,,,,,DERRICK,.,,,,,,FLORIDASALES,20,RANDY FRONTZ,0,(UNASSIGNED),DV,Duval County,N,,,(UnAssigned),NET 30,2/4/2008,500,,,0,0,0,0,0,0,0,Best Way,Destination,P,Y,,0,Y,0,N,P,0,0,(UnAssigned),N,Y,1,4,AMERICAN TECHNICAL,CERAMICS,2201 CORPORATE SQ BLVD,"JACKSONVILLE,",FL,32216,,,,,Use Item Price,i,I,,0,+,,,,,,,,,,N,,0,,(UnAssigned),Y,N,,(UnAssigned),,,E,I,N,Y,N,,,0,0,0,0,0,0,P,,N,E,,N,N,E,,E,,N,E,,20,,8/14/2009 2:45:01 PM,CMS,,,N,10242
200140,LAKESHORE BAPTIST CHURCH,,2363 BLANDING BOULEVARD,JACKSONVILLE,FL,32210,904-388-6578,904-388-4746,MR.,PARKER,,,,,MR.,PARKER,,,,,,FLORIDASALES,51,RANDY FRONTZ,0,(UNASSIGNED),DV,Duval County,N,,,(UnAssigned),NET 30,7/21/2010,200,,,0,0,0,0,0,0,0,Best Way,Destination,P,N,85-8012647212C-0,0,Y,0,N,P,7,0,Westside,N,N,0,,,,,,,,,,,,Use Item Price,i,I,,0,+,,,,,,,,,,N,,0,,(UnAssigned),Y,N,,(UnAssigned),,C,E,I,N,Y,N,,,0,0,0,0,0,0,M,BETSY,N,E,,N,N,E,,E,,N,E,,21,,8/14/2009 2:45:01 PM,CMS,10/13/2014 4:54:38 PM,RANDY,N,10243
200151,ANIMAL HEALTHCARE LABS,1096 E 18th st,,JACKSONVILLE,FL,32206,904-355-6019,904-355-3669,GREG,GHIOTO,,,,,GREG,GHIOTO,,,,,,FLORIDASALES,20,RANDY FRONTZ,0,(UNASSIGNED),DV,Duval County,N,,,(UnAssigned),NET 30,1/27/2025,1000,,,0,0,0,0,0,0,0,Best Way,Destination,P,Y,,0,Y,0,N,P,0,0,(UnAssigned),N,Y,2,151,ANIMAL HEALTHCARE LABS,1855 IONIA STREET,,JACKSONVILLE,FL,32206,,,,,Use Item Price,i,I,,0,+,,,,,,,,,,N,,0,,(UnAssigned),Y,N,,(UnAssigned),,,E,I,N,Y,N,,,0,0,0,0,0,0,P,,N,E,,N,N,E,,E,,N,E,,21,,8/14/2009 2:45:01 PM,CMS,6/13/2024 11:20:51 AM,NATE,N,10244
200152,ANIMAL CLINIC OF MANDARIN,9776 SAN JOSE BLVD,SUITE #5,JACKSONVILLE,FL,32257,904-262-2953,904-260-8560,,,,,,,,,,,,,,FLORIDASALES,20,RANDY FRONTZ,0,(UNASSIGNED),DV,Duval County,N,,,(UnAssigned),NET 30,,500,,,0,0,0,0,0,0,0,Best Way,Destination,P,Y,,0,Y,0,N,P,0,0,(UnAssigned),N,N,0,,,,,,,,,,,,Use Item Price,i,I,,0,+,,,,,,,,,,N,,0,,(UnAssigned),Y,N,,(UnAssigned),,,E,I,N,Y,N,,,0,0,0,0,0,0,P,,N,E,,N,N,E,,E,,N,E,,21,,8/14/2009 2:45:02 PM,CMS,,,N,10245
200155,ANIMAL MEDICAL CLINIC,AT SAWGRASS,8000 SAWGRASS VILLAGE CIR,PONTE VEDRA BC,FL,32082,904-273-9560,904-273-8199,JAIME,.,,,,,JAIME,.,,,,,,FLORIDASALES,20,RANDY FRONTZ,0,(UNASSIGNED),SJ,St. Johns County,N,,,(UnAssigned),NET 30,6/16/2023,250,,,0,0,0,0,0,0,0,Best Way,Destination,P,Y,,0,Y,0,N,P,0,0,(UnAssigned),N,Y,1,6,ANIMAL MEDICAL CLINIC,8000 SAWGRASS VILLAGE CIR,,,,,,,,,Use Item Price,i,I,,0,+,,,,,,,,,,N,,0,,(UnAssigned),Y,N,,(UnAssigned),,,E,I,N,Y,N,,,0,0,0,0,0,0,P,,N,E,,N,N,E,,E,,N,E,,21,,8/14/2009 2:45:02 PM,CMS,6/13/2024 11:21:22 AM,NATE,N,10246
200156,ANIMAL MEDICAL CLINIC,,2245 102 COUNTY RD 210 W.,JACKSONVILLE,FL,32259,904-827-1401,904-827-1403,SHANNON,.,,,,,SHANNON,.,,,,,,FLORIDASALES,20,RANDY FRONTZ,0,(UNASSIGNED),DV,Duval County,N,,,(UnAssigned),NET 30,,500,,,0,0,0,0,0,0,0,Best Way,Destination,P,Y,,0,Y,0,N,P,0,0,(UnAssigned),N,N,0,,,,,,,,,,,,Use Item Price,i,I,,0,+,,,,,,,,,,N,,0,,(UnAssigned),Y,N,,(UnAssigned),,,E,I,N,Y,N,,,0,0,0,0,0,0,P,,N,E,,N,N,E,,E,,N,E,,21,,8/14/2009 2:45:02 PM,CMS,,,N,10247
200180,ARROW SIGNS/STEPHENS ADVERTISING,C/O STEPHENS ADVERTISING,6635 HIGHWAY AVENUE,JACKSONVILLE,FL,32254,904-354-7004,904-354-1777,ANN,.,ANNH@STEPHENSJAX.COM,,,,ANN,.,ANNH@STEPHENSJAX.COM,,,,,FLORIDASALES,59,RONNIE BURKE,0,(UNASSIGNED),DV,Duval County,N,,,(UnAssigned),NET 30,10/19/2017,500,,,0,0,0,0,0,0,0,Best Way,Destination,P,N,26-8012206460-3*17,0,Y,0,N,P,7,0,Westside,N,Y,1,180,"STEPHENS ADVERTISING, INC",6635 HIGHWAY AVE,"JACKSONVILLE, FL 32254",,,,,,,,Use Item Price,i,I,,0,+,,,,,,,,,,N,,0,,(UnAssigned),Y,N,,(UnAssigned),,,E,I,N,Y,N,,,0,0,0,0,0,0,M,MARGIE,N,E,,N,N,E,,E,,N,E,,21,,8/14/2009 2:45:02 PM,CMS,12/26/2017 11:49:30 AM,PETE,N,10248
ADALE,AVONDALE UMC  CHURCH,,1651 TALBOT AVENUE,JACKSONVILLE,FL,32205,904-389-1175,904-387-1176,KAREN,NORTH,OFFICE@AUMCJAX.ORG,,,,KAREN,NORTH,OFFICE@AUMCJAX.ORG,,,,,FLORIDASALES,51,RANDY FRONTZ,0,(UNASSIGNED),DV,Duval County,N,,,(UnAssigned),NET 30,12/2/2014,500,,,0,0,0,0,0,0,0,Best Way,Destination,P,N,65-8012647506c-8,0,Y,0,N,P,7,0,Westside,N,N,0,,,,,,,,,,,,Use Item Price,i,I,,0,+,,,,,,,,,,N,,0,,(UnAssigned),Y,N,,(UnAssigned),,,E,I,N,Y,N,,,0,0,0,0,0,0,P,,N,E,,N,N,E,,E,,N,E,,21,,8/14/2009 2:45:03 PM,CMS,2/18/2016 12:02:32 PM,STEVE,N,10249
200220,BAYMEADOWS BAPTIST,,4826 BAYMEADOWS ROAD,JACKSONVILLE,FL,32217,904-733-3400,904-733-5003,KAYE,SANDERS.,KAYE.SANDERS@LIGHTINGTHEWAY.ORG,,,,KAYE,SANDERS.,KAYE.SANDERS@LIGHTINGTHEWAY.ORG,,,,,FLORIDASALES,59,RONNIE BURKE,0,(UNASSIGNED),EX,Tax Exempt,N,,,(UnAssigned),NET 30,,1000,,,0,0,0,0,0,0,0,Best Way,Destination,P,N,2600111740-55C,0,Y,0,N,P,0,0,(UnAssigned),N,N,0,,,,,,,,,,,,Use Item Price,i,I,,0,+,,,,,,,,,,N,,0,,(UnAssigned),Y,N,,(UnAssigned),,,E,I,N,Y,N,,,0,0,0,0,0,0,P,,N,E,,N,N,E,,E,,N,E,,21,,8/14/2009 2:45:03 PM,CMS,5/24/2017 8:49:27 AM,RANDY,N,10250
200240,GRACE CHURCH OF AVONDALE,,3519 HERSCHEL STREET,JACKSONVILLE,FL,32205,904-699-3033,904-384-7055,ERIKA,MOORE,ERIKA@GCAJAX.COM,,,,ERIKA,MOORE,ERIKA@GCAJAX.COM,,,,,FLORIDASALES,50,RANDY FRONTZ,0,(UNASSIGNED),DV,Duval County,N,,,(UnAssigned),NET 30,1/19/2023,500,,,0,0,0,0,0,0,0,Best Way,Destination,P,N,85-8012673084C-0,0,Y,0,N,P,7,0,Westside,N,Y,1,750,GRACE CHURCH OG AVONDALE,3519 HERSCHEL ST.,"JACKSONVILLE, FL",32205,,,,,,,Use Item Price,i,I,,0,+,,,,,,DELIVERY ON MON AND WED,9:00-12:00 AND 1:00-4:00 ONLY,ROLANDO - 904-400-1318,,N,,0,,(UnAssigned),Y,N,,(UnAssigned),,C,E,I,N,Y,N,,,0,0,0,0,0,0,M,BLAIR,N,E,,Y,N,E,,E,,N,E,,21,,8/14/2009 2:45:03 PM,CMS,3/16/2023 10:17:54 AM,NATE,N,10251
200248,B&M BAIT AND TACKLE,,2789 STATE ROAD A1A,JACKSONVILLE,FL,32233,904-249-3933,904-249-5518,PATSY,.,,,,,PATSY,.,,,,,,FLORIDASALES,20,RANDY FRONTZ,0,(UNASSIGNED),DV,Duval County,N,,,(UnAssigned),NET 30,11/26/2025,400,,,0,0,0,0,0,0,0,Best Way,Destination,P,N,26-8012311500-9,0,Y,0,N,P,3,0,Beaches,N,Y,1,6,B&M BAIT AND TACKLE,2789 STATE ROAD A1A,,,,,,,,,30% Profit Margin,p30,P,,30,+,Cust wants paper inv,,,,,,,,,N,,0,,(UnAssigned),Y,N,,(UnAssigned),,,D,A,N,Y,N,,,0,0,0,0,0,0,P,,N,E,,N,N,E,,E,,N,E,,21,,8/14/2009 2:45:03 PM,CMS,12/2/2025 1:25:45 PM,NATE,N,10252
200250,BEACHES ANIMAL CLINIC,,937 BEACH BLVD.,JAX BEACH,FL,32250,904-246-2045,904-246-8577,kristie,toloudis,kristie.toloudis@svp.vet,,,,kristie,toloudis,kristie.toloudis@svp.vet,,,,,FLORIDASALES,20,RANDY FRONTZ,0,(UNASSIGNED),EX,Tax Exempt,N,,,(UnAssigned),NET 30,6/21/2022,200,,,-95.82,-95.82,0,0,0,0,0,Best Way,Destination,P,N,26-8011972916-4 *16,0,Y,0,N,P,3,0,Beaches,N,Y,1,7,BEACHES ANIMAL CLINIC,937 BEACH BLVD.,,,,,,,,,30% Profit Margin,p30,P,,30,+,,,,,,,,,,N,,0,,(UnAssigned),Y,N,,(UnAssigned),,C,E,I,N,Y,N,,,0,0,0,0,0,0,M,kristie,N,E,,N,N,E,,E,,N,E,,21,,8/14/2009 2:45:04 PM,CMS,6/13/2024 11:23:43 AM,NATE,N,10253
200330,BETHESDA FAITH ASSEMBLY,601 EAST 4TH STREET,,JACKSONVILLE,FL,32206,904-710-5434,,RON,COHEN,,,,,RON,COHEN,,,,,,FLORIDASALES,20,RANDY FRONTZ,0,(UNASSIGNED),EX,Tax Exempt,N,,,(UnAssigned),NET 10,7/26/2019,500,,,0,0,0,0,0,0,0,Best Way,Destination,P,Y,,0,Y,0,N,P,0,0,(UnAssigned),N,N,0,,,,,,,,,,,,Use Item Price,i,I,,0,+,,,,,,,,,,N,,0,,(UnAssigned),Y,N,,(UnAssigned),,,E,I,N,Y,N,,,0,0,0,0,0,0,P,,N,E,,N,N,E,,E,,N,E,,21,,8/14/2009 2:45:04 PM,CMS,,,N,10254
200386,NEW LIFE INT'L SEVENTH DAY ADVENTIS,6429 Atlantic Blvd,,JACKSONVILLE,FL,32211,904-354-1284,904-356-1284,BARBARA,SMOOT,,,,,BARBARA,SMOOT,,,,,,FLORIDASALES,20,RANDY FRONTZ,0,(UNASSIGNED),DV,Duval County,N,,,(UnAssigned),NET 30,11/18/2022,500,,,0,0,0,0,0,0,0,PICKUP,Destination,P,N,85-8012597168C-6  *1,0,Y,0,N,P,1,0,Downtown,N,N,0,,,,,,,,,,,,Use Item Price,i,I,,0,+,,,,,,,,,,N,,0,,(UnAssigned),N,N,,(UnAssigned),,,E,A,N,Y,N,,,0,0,0,0,0,0,P,CARL,N,E,,N,N,E,,E,,N,E,,21,,8/14/2009 2:45:04 PM,CMS,9/30/2021 1:10:26 PM,NATE,N,10255
200395,CALICO CORNERS,,2434 N.E. MYRTLE ST.,JENSEN BEACH,FL,34957,904-737-6930,904-737-7548,SUE,.,,,,,SUE,.,,,,,,FLORIDASALES,20,RANDY FRONTZ,0,(UNASSIGNED),DV,Duval County,N,,,(UnAssigned),NET 30,9/21/2007,500,,,0,0,0,0,0,0,0,Best Way,Destination,P,N,26-8012473194-7,0,Y,0,N,N,5,0,Southside,N,Y,1,395,CALICO CORNERS,4725 SAN JOSE BLVD.,"JACKSONVILLE, FLORIDA",32207,,,SUE,,,,Use Item Price,i,I,,0,+,,,,,,,,,,N,,0,,(UnAssigned),Y,N,,(UnAssigned),,,E,I,N,Y,N,,,0,0,0,0,0,0,P,,N,E,,N,N,E,,E,,N,E,,21,,8/14/2009 2:45:04 PM,CMS,10/28/2009 2:13:25 PM,BEVERLY,N,10256
200420,ARTHUR BURNS DDS- RETIRED 06,"2328 MILLER OAKS DRIVE,N",,JACKSONVILLE,FL,32217,,904-387-3334,,,,,,,,,,,,,,FLORIDASALES,20,RANDY FRONTZ,0,(UNASSIGNED),DV,Duval County,N,,,(UnAssigned),NET 30,1/31/2007,500,,,0,0,0,0,0,0,0,Best Way,Destination,P,Y,,0,Y,0,N,P,5,0,Southside,N,Y,1,550,ARTHUR BURNS DDS,2328 MILLER OAKS DRIVE,"JACKSONVILLE, FL",32217,,,,RETIRED IN O6,,,Use Item Price,i,I,,0,+,RETIRED IN 06. GAVE YOU THIS,,,,,,,,,N,,0,,(UnAssigned),Y,N,,(UnAssigned),,,E,I,N,Y,N,,,0,0,0,0,0,0,P,,N,E,,N,N,E,,E,,N,E,,21,,8/14/2009 2:45:05 PM,CMS,10/28/2014 8:38:29 AM,BEVERLY,N,10258
*200500,CASH 2 ACCOUNT,,,,,,,,,,,,,,,,,,,,,FLORIDASALES,20,RANDY FRONTZ,0,(UNASSIGNED),DV,Duval County,N,,,(UnAssigned),C.O.D,12/12/2017,200,,,0,0,0,0,0,0,0,PICKUP,Destination,P,Y,,0,Y,0,N,P,13,0,Miscellaneous,Y,Y,6,2001,,,,,,,,,,,Use Item Price,i,I,,0,+,,,,,,,,,,N,,0,,(UnAssigned),N,N,,(UnAssigned),,,E,I,N,Y,N,,,0,0,0,0,0,0,P,,N,E,,Y,N,E,,E,,N,E,,21,,8/14/2009 2:45:05 PM,CMS,12/19/2013 9:26:07 AM,JACKIE,N,10259
200501,BEVERLY ALLEN,3824 MARTHA STREET,,JACKSONVILLE,FL,32209,904-356-1782,,,,,,,,,,,,,,,FLORIDASALES,20,RANDY FRONTZ,0,(UNASSIGNED),DV,Duval County,N,,,(UnAssigned),C.O.D,9/23/2015,0,,,0,0,0,0,0,0,0,PICKUP,Destination,P,Y,,0,Y,0,N,P,0,0,(UnAssigned),N,N,0,,,,,,,,,,,,Use Item Price,i,I,,0,+,,,,,,,,,,N,,0,,(UnAssigned),N,N,,(UnAssigned),,,E,I,N,Y,N,,,0,0,0,0,0,0,P,,N,E,,N,N,E,,E,,N,E,,21,,8/14/2009 2:45:05 PM,CMS,10/8/2014 9:29:19 AM,JOHN,N,10260
200508,FLORIDIAN PROPERT MGMT,ATTN: SHIRLEY SMITH,414 OLD HARD ROAD,ORANGE PARK,FL,32003,904-592-4090,,SHIRLEY/KEVIN,.,,,,,SHIRLEY/KEVIN,.,,,,,,FLORIDASALES,20,RANDY FRONTZ,0,(UNASSIGNED),DV,Duval County,N,,,(UnAssigned),NET 15,,500,,,0,0,0,0,0,0,0,Best Way,Destination,P,Y,,0,Y,0,N,P,0,0,(UnAssigned),N,N,0,,,,,,,,,,,,Use Item Price,i,I,,0,+,,,,,,,,,,N,,0,,(UnAssigned),Y,N,,(UnAssigned),,,E,I,N,Y,N,,,0,0,0,0,0,0,P,,N,E,,N,N,E,,E,,N,E,,21,,8/14/2009 2:45:06 PM,CMS,,,N,10261
200509,WATERMILL MASTER ASSOC.,LELAND MANAGEMENT,10175 FORTUNE PARKWAY SUITE 906,JACKSONVILLE,FL,32256,904-646-2626,904-645-3966,MOSES,.,moses@watermilljax.com,MOSES,.,moses@watermilljax.com,LYDIA,DOMINIQUE,LDOMINIQUE@lelandmanagement.com,,,,,FLORIDASALES,20,RANDY FRONTZ,0,(UNASSIGNED),DV,Duval County,N,,,(UnAssigned),NET 15,3/26/2026,500,,,0,0,0,0,0,0,0,Best Way,Destination,P,Y,,0,Y,0,N,P,0,0,(UnAssigned),Y,Y,1,509,WATERMILL AMENITIES CENTR,8400 WATERMILL BLVD,"JACKSONVILLE, FL 32244",573-6164,,,MOSES CELL 904-738-5051,DELIVER AFTER 10AM,CALL MOSES 15 MIN BEFORE,904-738-5051,Use Item Price,i,I,,0,+,MINIMUM ORDER $100.00,,,,,PLEASE DELIVER AFTER 10:00 AM,,,,N,,0,,(UnAssigned),Y,N,,(UnAssigned),,,D,A,N,Y,N,,,0,0,0,0,0,0,M,LYDIA,N,E,,Y,N,E,,E,,N,E,,21,,8/14/2009 2:45:06 PM,CMS,3/20/2026 10:01:43 AM,JEFF,N,10262
200520,CENTRAL METROPOLITAN CME CHURCH,,4611 N. PEARL STREET,JACKSONVILLE,FL.,32206,904-354-7426,904-354-0934,CHELSEY,WASHINGTON,Centralcme@comcast.net,CHELSEY,WASHINGTON,Centralcme@comcast.net,CHELSEY,WASHINGTON,Centralcme@comcast.net,,,,,FLORIDASALES,20,RANDY FRONTZ,0,(UNASSIGNED),DV,Duval County,N,,,(UnAssigned),NET 30,7/22/2024,400,,,7,0,0,0,0,0,7,Best Way,Destination,P,N,85-8012582003C-0 *18,0,Y,0,N,P,2,0,Northside,N,N,0,,,,,,,,,,,,Use Item Price,i,I,,0,+,,,,,,call Estelle before delivery,307-5241,,Y,N,,0,,(UnAssigned),Y,N,,(UnAssigned),,C,E,I,N,Y,N,,,0,0,0,0,0,0,P,,N,E,,N,N,E,,E,,N,E,,21,,8/14/2009 2:45:06 PM,CMS,10/17/2019 2:52:40 PM,NATE,N,10263
200560,CHIMNEY LAKES OWNER'S,ASSOCIATION,P.O. BOX 1987,YULEE,FL,32041,904-225-9070,904-778-4402,FRAN,.,,,,,FRAN,.,,,,,,FLORIDASALES,20,RANDY FRONTZ,0,(UNASSIGNED),DV,Duval County,N,,,(UnAssigned),NET 30,6/22/2009,500,,,0,0,0,0,0,0,0,Best Way,Destination,P,Y,,0,Y,0,N,P,0,0,(UnAssigned),N,Y,1,560,CHIMNEY LAKES,840 CHESWICK OAKS AVE,"JACKSONVILLE, FL 32244",,,,904/778-7000,,,,Use Item Price,i,I,,0,+,,,,,,HOURS M-F  9:30-2:30 P.M.,,,,N,,0,,(UnAssigned),Y,N,,(UnAssigned),,,E,I,N,Y,N,,,0,0,0,0,0,0,P,,N,E,,N,N,E,,E,,N,E,,21,,8/14/2009 2:45:06 PM,CMS,9/16/2009 3:39:06 PM,JACKIE,N,10264
200750,CLEAN GREENS MART,MR JACKSON/MR JOHNSON,1807-1 W.45TH ST.,JACKSONVILLE,FL,32209,904-514-6777,904-768-1566,MR.,JOHNSON,,MR.,JOHNSON,,MR.,JOHNSON,,,,,,FLORIDASALES,20,RANDY FRONTZ,0,(UNASSIGNED),DV,Duval County,N,,,(UnAssigned),C.O.D. BY REQUEST,4/1/2026,250,,,2178.54,31.83,1149.17,147.63,0,0,825.05,PICKUP,Destination,P,Y,,0,Y,0,N,P,2,0,Northside,Y,Y,1,20,CLEAN GREENS MART,1807-1 W.45TH ST.,,,,,,,,,30% Profit Margin,p30,P,,30,+,,,,,,,,,,N,,0,,(UnAssigned),N,N,,(UnAssigned),,C,C,A,N,Y,N,,,0,0,0,0,0,0,P,,N,E,,Y,N,E,,E,,N,E,,21,,8/14/2009 2:45:07 PM,CMS,3/24/2025 11:14:29 AM,NATE,N,10266
200880,CLEARWATER CREEK,COMMUNITY ASSOCIATION,4237 WEATHERWOOD ESTATES,JACKSONVILLE,FL,32233,904-260-5044,,PAM,JOHNS,,,,,PAM,JOHNS,,,,,,FLORIDASALES,20,RANDY FRONTZ,0,(UNASSIGNED),DV,Duval County,N,,,(UnAssigned),NET 30,,300,,,0,0,0,0,0,0,0,Best Way,Destination,P,Y,,0,Y,0,N,P,13,0,Miscellaneous,N,N,0,,,,,,,,,,,,Use Item Price,i,I,,0,+,,,,,,,,,,N,,0,,(UnAssigned),Y,N,,(UnAssigned),,,E,I,N,Y,N,,,0,0,0,0,0,0,P,,N,E,,N,N,E,,E,,N,E,,21,,8/14/2009 2:45:07 PM,CMS,9/4/2009 10:39:31 AM,DAWN,N,10267
200927,BRENDA CHRISTIAN COSMETIC,,1518 ROBERTS DRIVE,JAX BEACH,FL,32250,904-249-0102,904-249-7008,PATTY,.,,,,,PATTY,.,,,,,,FLORIDASALES,20,RANDY FRONTZ,0,(UNASSIGNED),DV,Duval County,N,,,(UnAssigned),NET 30,1/27/2017,200,,,0,0,0,0,0,0,0,DIRECT,Destination,P,N,26-8012378706-0 *16,0,Y,0,N,P,15,0,Drop Ship,N,Y,1,927,BRENDA CHRISTIAN COSMETIC,1518 ROBERTS DRIVE,"JAX BEACH, FL  32250",,,,,,,,Use Item Price,i,I,,0,+,,,,,,,,,,N,,0,,(UnAssigned),Y,N,,(UnAssigned),,,E,I,N,Y,N,,,0,0,0,0,0,0,F,PATTY,N,E,,N,N,E,,E,,N,E,,21,,8/14/2009 2:45:07 PM,CMS,2/3/2016 8:51:39 AM,STEVE,N,10268
200990,COLONIAL MANAGEMENT GROUP,8529 SOUTHPARK CIRCLE,SUITE 270,ORLANDO,FL,32819-9017,904-398-7015,904-346-0837,DeANNA,BUTLER,,,,,DeANNA,BUTLER,,,,,,FLORIDASALES,20,RANDY FRONTZ,0,(UNASSIGNED),DV,Duval County,N,,,(UnAssigned),NET 30,4/15/2011,250,,,0,0,0,0,0,0,0,Best Way,Destination,P,Y,,0,Y,0,N,P,5,0,Southside,N,Y,1,990,JAX METRO,3609 EMERSON STREET,"JACKSONVILLE, FL",32207,,,AMANDA,,,,Use Item Price,i,I,,0,+,,,,,,,,,,N,,0,,(UnAssigned),N,N,,(UnAssigned),Y,A,E,I,N,Y,N,,,0,0,0,0,0,0,F,CAROL,N,E,,Y,N,E,,E,,N,E,,21,,8/14/2009 2:45:08 PM,CMS,3/11/2011 12:15:02 PM,JACKIE,N,10269
200992,"CORNERSTONE SUPPLY, INC.",5860 OLD TIMUQUANA RD,SUITE 1,JACKSONVILLE,FL,32210,904-777-2299,904-777-0599,,,,,,,,,,,,,,FLORIDASALES,20,RANDY FRONTZ,0,(UNASSIGNED),DV,Duval County,N,,,(UnAssigned),NET 30,11/7/2018,1000,,,0,0,0,0,0,0,0,WILL CALL,Destination,P,N,26-8012039081-8 *16,0,Y,0,N,P,17,0,Customer Pickup,N,Y,1,992,"CORNERSTONE SUPPLY, INC",5860 OLD TIMUQUANA RD.,SUITE 1,"JACKSONVILLE,",FL,32210,,,,,Use Item Price,i,I,,0,+,,,,,,,,,,N,,0,,(UnAssigned),N,N,,(UnAssigned),,,E,I,N,Y,N,,,0,0,0,0,0,0,P,,N,E,,N,N,E,,E,,N,E,,21,,8/14/2009 2:45:08 PM,CMS,2/3/2016 8:55:17 AM,STEVE,N,10270
200994,CITY OF JACKSONVILLE,117 W. DUVAL STREET,SUITE 375,JACKSONVILLE,FL,32202,904-630-3500,904-632-5566,SHERYL,KUTZ,,,,,SHERYL,KUTZ,,,,,,FLORIDASALES,7,Eugene Aman,0,(UNASSIGNED),DV,Duval County,N,,,(UnAssigned),2% 10 NET 30,4/16/2026,1500,,,4364.27,4358.31,0,0,0,0,5.96,Best Way,Destination,P,N,26-08-107377-54C,0,Y,0,N,P,1,0,Downtown,N,Y,5,994,SPECIAL EVENTS,117 WEST DUVAL STREET,SUITE 280,"JACKSONVILLE,FL",,32202,SUZIE CHAPMAN,,,,Use Item Price,i,I,,0,+,1809 Art Museum Drive,Suite 100 32207,,,,,,,,N,,0,,(UnAssigned),N,N,,(UnAssigned),,,B,I,N,Y,N,,,0,0,0,0,0,0,P,ZANE,N,E,,N,N,E,,E,,N,E,,21,,8/14/2009 2:45:08 PM,CMS,1/30/2026 2:21:31 PM,JEFF,N,10271
200996,CLUB SAVOY,6354 ARLINGTON ROAD,,JACKSONVILLE,FL,32211,904-745-7725,,RON,WHITEARD,,,,,RON,WHITEARD,,,,,,FLORIDASALES,20,RANDY FRONTZ,0,(UNASSIGNED),DV,Duval County,N,,,(UnAssigned),NET 10,9/3/2015,200,,,0,0,0,0,0,0,0,PICKUP,Destination,P,Y,,0,Y,0,N,P,12,0,Arlington,N,Y,1,996,"FLORIDA BOPPERS, INC.",6354 ARLINGTON ROAD,"JACKSONVILLE, FL",,,,,,,,Use Item Price,i,I,,0,+,,,,,,,,,,N,,0,,(UnAssigned),N,N,,(UnAssigned),,C,E,I,N,Y,N,,,0,0,0,0,0,0,P,,N,E,,Y,N,E,,E,,N,E,,23,,8/14/2009 2:45:09 PM,CMS,5/29/2015 9:36:59 AM,STEVE,N,10272
201188,"DLC-NURSE AND LEARN,INC",CENTER,4101 COLLEGE STREET,JACKSONVILLE,FL,32205,904-387-0370,904-387-1816,DLC,AC,info@dlcnl.org,,,,DLC,AC,info@dlcnl.org,,,,,FLORIDASALES,20,RANDY FRONTZ,0,(UNASSIGNED),DV,Duval County,N,,,(UnAssigned),NET 30,6/27/2023,0,,,0,0,0,0,0,0,0,Best Way,Destination,P,N,85-8012603931C-8 *20,0,Y,0,N,P,7,0,Westside,N,Y,1,28,"DLC-NURSE AND LEARN,INC",4101 COLLEGE STREET,,,,,,,,,30% Profit Margin,p30,P,,30,+,"JUST SEND BILL, DO NOT NEED",FAXED COPY,,mail only,,,,,,N,,0,,(UnAssigned),Y,N,,(UnAssigned),Y,B,E,A,N,Y,N,,,0,0,0,0,0,0,M,Heather,N,E,,Y,N,E,,E,,N,E,,21,,8/14/2009 2:45:09 PM,CMS,6/13/2024 11:37:07 AM,NATE,N,10273
201189,DEWEY'S BAR-B-QUE,,1733 EAST 21 ST,"JACKSONVILLE,",FL,32206,904-356-5040,904-00000000,ESSIE,.,,,,,ESSIE,.,,,,,,FLORIDASALES,20,RANDY FRONTZ,0,(UNASSIGNED),DV,Duval County,N,,,(UnAssigned),C.O.D. BY REQUEST,10/19/2012,200,,,0,0,0,0,0,0,0,Best Way,Destination,P,Y,,0,Y,0,N,P,1,0,Downtown,N,N,0,,,,,,,,,,,,Use Item Price,i,I,,0,+,,,,,,,,,,N,,0,,(UnAssigned),Y,N,,(UnAssigned),,,E,I,N,Y,N,,,0,0,0,0,0,0,P,,N,E,,Y,N,E,,E,,N,E,,21,,8/14/2009 2:45:09 PM,CMS,9/4/2009 10:00:24 AM,DAWN,N,10274
201205,DON'S SPORTSMEN BARBER,SHOP,2760 BELFORT RD.,JACKSONVILLE,FL,32216,904-928-0007,904-928-9587,DON,REDMAN,,,,,DON,REDMAN,,,,,,FLORIDASALES,20,RANDY FRONTZ,0,(UNASSIGNED),DV,Duval County,N,,,(UnAssigned),C.O.D,6/9/2014,250,,,0,0,0,0,0,0,0,Best Way,Destination,P,Y,,0,Y,0,N,P,5,0,Southside,Y,N,0,,,,,,,,,,,,Use Item Price,i,I,,0,+,,,,,,,,,,N,,0,,(UnAssigned),Y,N,,(UnAssigned),,,E,I,N,Y,N,,,0,0,0,0,0,0,P,,N,E,,Y,N,E,,E,,N,E,,21,,8/14/2009 2:45:09 PM,CMS,8/14/2014 5:50:09 PM,RANDY,N,10275
201320,J.R. DENTAL,"DR. DEAN, ANTHONY T.",945 SOUTH LANE AVENUE,JACKSONVILLE,FL,32205,904-781-4011,904-781-1726,JEANNIE,SWANN,deananthonytdds@bellsouth.net,,,,JEANNIE,SWANN,deananthonytdds@bellsouth.net,,,,,FLORIDASALES,20,RANDY FRONTZ,0,(UNASSIGNED),DV,Duval County,N,,,(UnAssigned),NET 30,3/4/2016,200,,,0,0,0,0,0,0,0,Best Way,Destination,P,Y,,0,Y,0,N,P,7,0,Westside,N,N,0,,,,,,,,,,,,Use Item Price,i,I,,0,+,,,,,,CLOSED AFTER 12:00 ON WEDNESDA,CLOSED ON THURSDAYS,,,N,,0,,(UnAssigned),Y,N,,(UnAssigned),,,E,I,N,Y,N,,,0,0,0,0,0,0,M,JEANNIE,N,E,,N,N,E,,E,,N,E,,21,,8/14/2009 2:45:10 PM,CMS,11/3/2016 12:40:22 PM,BRITTANY,N,10277
201430,DR. HARRIS RITTENBERG,,5417 ORTEGA BLVD,JACKSONVILLE,FL,32210,904-384-4391,904-389-0806,LINDA,.,,,,,LINDA,.,,,,,,FLORIDASALES,20,RANDY FRONTZ,0,(UNASSIGNED),DV,Duval County,N,,,(UnAssigned),NET 30,8/11/2020,200,,,0,0,0,0,0,0,0,Best Way,Destination,P,Y,,0,Y,0,N,P,7,0,Westside,N,N,0,,,,,,,,,,,,Use Item Price,i,I,,0,+,,,,,,,,,,N,,0,,(UnAssigned),Y,N,,(UnAssigned),,,E,I,N,Y,N,,,0,0,0,0,0,0,M,ACCOUNTS,N,E,,N,N,E,,E,,N,E,,21,,8/14/2009 2:45:10 PM,CMS,11/26/2014 9:09:48 AM,STEVE,N,10278
201465,"DR. SEARS, DON T. DDS",35 EXECUTIVE WAY,SUITE 100,PONTE VEDRA BC,FL,32082,904-285-3128,904-285-3128,ANNIE,.,,,,,ANNIE,.,,,,,,FLORIDASALES,20,RANDY FRONTZ,0,(UNASSIGNED),DV,Duval County,N,,,(UnAssigned),NET 30,,250,,,0,0,0,0,0,0,0,Best Way,Destination,P,Y,,0,Y,0,N,P,3,0,Beaches,N,N,0,,,,,,,,,,,,Use Item Price,i,I,,0,+,,,,,,,,,,N,,0,,(UnAssigned),Y,N,,(UnAssigned),,,E,I,N,Y,N,,,0,0,0,0,0,0,P,,N,E,,N,N,E,,E,,N,E,,21,,8/14/2009 2:45:10 PM,CMS,3/26/2010 10:31:05 AM,RANDY,N,10279
201470,DUCOTE FEDERAL CREDIT,UNION,2212 NORTH MYRTLE AVENUE,JACKSONVILLE,FL,32209,904-354-0874,904-354-0131,BARBRA,.,,,,,BARBRA,.,,,,,,FLORIDASALES,20,RANDY FRONTZ,0,(UNASSIGNED),DV,Duval County,N,,,(UnAssigned),NET 30,,500,,,0,0,0,0,0,0,0,Best Way,Destination,P,Y,,0,Y,0,N,P,0,0,(UnAssigned),N,N,0,,,,,,,,,,,,Use Item Price,i,I,,0,+,,,,,,,,,,N,,0,,(UnAssigned),Y,N,,(UnAssigned),,,E,I,N,Y,N,,,0,0,0,0,0,0,P,,N,E,,N,N,E,,E,,N,E,,21,,8/14/2009 2:45:11 PM,CMS,,,N,10280
201650,BAYMEADOWS FAMILY DENTISTRY,,9471 BAYMEADOWS ROAD #101,JACKSONVILLE,FL,32256,904-739-3939,904-739-1381,RENAE,.,Baymeadowsfamilydentistry@comcast.net,,,,RENAE,.,Baymeadowsfamilydentistry@comcast.net,,,,,FLORIDASALES,20,RANDY FRONTZ,0,(UNASSIGNED),DV,Duval County,N,,,(UnAssigned),NET 30,6/13/2024,200,,,0,0,0,0,0,0,0,Best Way,Destination,P,Y,,0,Y,0,N,F,5,0,Southside,N,Y,1,1651,DR. JOSEPH CHIAFAIR,9471 BAYMEADOWS ROAD #101,,JACKSONVILLE,FL,32256,,,,,Use Item Price,i,I,,0,+,,,,,,Closed between 1 - 2; Closed,Friday at noon.,CLOSED ON TUESDAYS,,N,,0,,(UnAssigned),Y,N,,(UnAssigned),,C,E,A,N,Y,N,,,0,0,0,0,0,0,M,RENAE,N,E,,N,N,E,,E,,N,E,,21,,8/14/2009 2:45:12 PM,CMS,6/6/2024 10:51:08 AM,JEFF,N,10284
201760,DR. W.T. WOODWARD,,2425 UNIVERSITY BLVD. W.,JACKSONVILLE,FL,32217,904-733-7030,904-733-7038,DANA,.,,,,,DANA,.,,,,,,FLORIDASALES,20,RANDY FRONTZ,0,(UNASSIGNED),DV,Duval County,N,,,(UnAssigned),NET 30,8/28/2009,200,,,0,0,0,0,0,0,0,Best Way,Destination,P,Y,,0,Y,0,N,P,12,0,Arlington,N,N,0,,,,,,,,,,,,Use Item Price,i,I,,0,+,,,,,,,,,,N,,0,,(UnAssigned),Y,N,,(UnAssigned),,,E,I,N,Y,N,,,0,0,0,0,0,0,P,,N,E,,N,N,E,,E,,N,E,,21,,8/14/2009 2:45:12 PM,CMS,9/27/2010 11:28:40 AM,JACKIE,N,10285
201870,FIRST COAST DENTISTRY,320 3RD STREET,SUITE A,NEPTUNE BEACH,FL,32266,904-249-3739,904-249-7811,"BARBARA,TINA",.,,,,,"BARBARA,TINA",.,,,,,,FLORIDASALES,20,RANDY FRONTZ,0,(UNASSIGNED),DV,Duval County,N,,,(UnAssigned),CREDIT CARD,6/7/2016,200,,,0,0,0,0,0,0,0,Best Way,Destination,P,Y,,0,Y,0,N,P,3,0,Beaches,N,N,0,,,,,,,,,,,,Use Item Price,i,I,,0,+,,,,,,LUNCH 12-1:30-CLOSE WED.AFT/12,CLOSED FRIDAYS,,,N,,0,,(UnAssigned),Y,N,,(UnAssigned),,C,E,I,N,Y,N,,,0,0,0,0,0,0,P,ACCOUNTS,N,E,,N,N,E,,E,,N,E,,21,,8/14/2009 2:45:12 PM,CMS,4/14/2016 3:09:31 PM,PETE,N,10286
202330,EDISON AVE VETERINARIAN,,2893 EDISON AVENUE,JACKSONVILLE,FL,32254,904-387-4641,904-389-1683,DIANE,KERR,DIANEK44@HOTMAIL.COM,,,,DIANE,KERR,DIANEK44@HOTMAIL.COM,,,,,FLORIDASALES,20,RANDY FRONTZ,0,(UNASSIGNED),DV,Duval County,N,,,(UnAssigned),NET 30,7/19/2012,200,,,-154.74,-154.74,0,0,0,0,0,Best Way,Destination,P,Y,,0,Y,0,N,P,7,0,Westside,N,N,0,,,,,,,,,,,,Use Item Price,i,I,,0,+,,,,,,CLOSED/LUNCH BET 12:00-1:00,CLOSED AFTER 12:00 ON WED.,,,N,,0,,(UnAssigned),Y,N,,(UnAssigned),,X,X,I,N,Y,N,,,0,0,0,0,0,0,F,DIANE,N,E,,N,N,E,,E,,N,E,,21,,8/14/2009 2:45:13 PM,CMS,3/1/2013 1:57:06 PM,RANDY,N,10290
202475,DUVAL COUNTY HEALTH DEPT.,"FINANCE &ACCOUNTING,MC-32",900 UNIVERSITY BLVD N,JACKSONVILLE,FL,32211,904-253-2131,904-253-2477,MICHAEL,AUSTIN,Michael_Austin@doh.state.fl.us,,,,RONALD,WEEKS,Ronald_Weeks@doh.state.fl.us,,,,,FLORIDASALES,20,RANDY FRONTZ,0,(UNASSIGNED),EX,Tax Exempt,N,,,(UnAssigned),NET 30,11/3/2016,1000,,,0,0,0,0,0,0,0,Best Way,Destination,P,N,47-04-040325-52C,0,Y,0,N,P,0,0,(UnAssigned),N,Y,25,2461,SOUTE OFFICE MC-75,COMMUNITY HEALTH SERVICES,DUVAL COUNTY HEALTH DEPT,5656 DUNMIRE AV,JAX,FL,32209,,,,Use Item Price,i,I,,0,+,,,,,,,,,,N,,0,,(UnAssigned),N,N,,(UnAssigned),Y,C,E,I,N,Y,N,,,0,0,0,0,0,0,P,,N,E,,N,N,E,,E,,N,E,,21,,8/14/2009 2:45:14 PM,CMS,9/19/2013 3:26:00 PM,JOHN,N,10292
202480,"CHUGACH EDUCATION SERVICES, INC.",DBA: JACKSONVILLE JOB CORPS CENTER,4811 PAYNE STEWART DRIVE,JACKSONVILLE,FL,32209,904-360-8200,904-632-5498,ANNETTE,SANDERS,Sanders.annette@jobcorps.org,,,,JAMIE,LOWERY,,,,,,FLORIDASALES,20,RANDY FRONTZ,0,(UNASSIGNED),EX,Tax Exempt,N,,,(UnAssigned),NET 30,5/24/2013,5000,,,0,0,0,0,0,0,0,Best Way,Destination,P,N,85-8012533357C-4 *18,0,Y,0,N,P,2,0,Northside,N,Y,1,4802,CHUGACH EDUCATION SERVICES,DBA: JACKSONVILLE JOB CORPS CENTER,4811 PAYNE STEWART DRIVE,JACKSONVILLE,FL,32209,,,,,Use Item Price,i,I,,0,+,,,,,,LUNCH BETWEEN 12-1 DAILY,,,,N,,0,,(UnAssigned),N,N,,(UnAssigned),Y,A,E,I,N,Y,N,,,0,0,0,0,0,0,P,,N,E,,N,N,E,,E,,N,E,,21,,8/14/2009 2:45:14 PM,CMS,5/16/2013 3:27:46 PM,JOHN,N,10293
202520,FAITH MEMORIAL BAPTIST,CHURCH,6731 RAMONA BLVD.,JACKSONVILLE,FL,32210,904-781-5844,904-N,JUDY,.,,,,,JUDY,.,,,,,,FLORIDASALES,20,RANDY FRONTZ,0,(UNASSIGNED),DV,Duval County,N,,,(UnAssigned),NET 10,,350,,,0,0,0,0,0,0,0,Best Way,Destination,P,N,26-00-107763-55C,0,Y,0,N,P,7,0,Westside,N,N,0,,,,,,,,,,,,Use Item Price,i,I,,0,+,,,,,,,,,,N,,0,,(UnAssigned),Y,N,,(UnAssigned),,,E,I,N,Y,N,,,0,0,0,0,0,0,P,,N,E,,N,N,E,,E,,N,E,,21,,8/14/2009 2:45:15 PM,CMS,9/4/2009 9:28:56 AM,DAWN,N,10295
202530,CROSSWATER CHRISTIAN,ACADEMY,211 DAVIS PARK ROAD,PONTE VEDRA BEACH,FL,32081,904-824-0086,904-824-0087,VICTORIA,FLOWERS,VFLOWERS@CROSSWATERCHURCH.NET,,,,VICTORIA,FLOWERS,VFLOWERS@CROSSWATERCHURCH.NET,,,,,FLORIDASALES,20,RANDY FRONTZ,0,(UNASSIGNED),DV,Duval County,N,,,(UnAssigned),NET 30,1/10/2017,500,,,0,0,0,0,0,0,0,Best Way,Destination,P,N,85-8012572623C-7,0,Y,0,N,P,3,0,Beaches,N,Y,1,2531,CROSS WATER CHRISTIAN ACD,211 DAVIS PARK ROAD,"PONTE VEDRA BEACH, FL",32082,,,DEBBY,,,,Use Item Price,i,I,,0,+,,,,,,,,,,N,,0,,(UnAssigned),Y,N,,(UnAssigned),,,E,I,N,Y,N,,,0,0,0,0,0,0,M,SHELLEY,N,E,,N,N,E,,E,,N,E,,21,,8/14/2009 2:45:15 PM,CMS,11/17/2015 11:39:40 AM,STEVE,N,10296
202560,SOUTHWIND MANUFACTURING,,4133 N Canal St,JACKSONVILLE,FL,32209,904-389-4536,904-388-7564,Rhonda,Dealing,rdealing@charlesaperry.com,,,,Rhonda,Dealing,rdealing@charlesaperry.com,,,,,FLORIDASALES,20,RANDY FRONTZ,0,(UNASSIGNED),DV,Duval County,N,,,(UnAssigned),NET 30,3/13/2026,500,,,148,0,148,0,0,0,0,Best Way,Destination,P,N,52-8012108588-4,0,Y,0,N,P,7,0,Westside,N,N,0,,,,,,,,,,,,30% Profit Margin,p30,P,,30,+,,,,,,,,,,N,,0,,(UnAssigned),Y,N,,(UnAssigned),,C,D,A,N,Y,N,,,0,0,0,0,0,0,M,Trina,N,E,,N,N,E,,E,,N,E,,21,,8/14/2009 2:45:15 PM,CMS,12/2/2024 8:16:43 AM,NATE,N,10297
202590,CROSS ROADS ASSEMBLY OF GOD,P.O. BOX 5026,,CALLAHAN,FL,32011,904-879-1833,904-879-2460,PATTY,.,,,,,PATTY,.,,,,,,FLORIDASALES,20,RANDY FRONTZ,0,(UNASSIGNED),DV,Duval County,N,,,(UnAssigned),NET 30,,500,,,0,0,0,0,0,0,0,Best Way,Destination,P,N,55-03-005848-55C,0,Y,0,N,P,0,0,(UnAssigned),N,Y,1,2590,"FIRST ASSEMBLY OF GOD,INC",1912 S. KINGS ROAD,"CALLAHAN, FL 32011",,,,CYNTHIA KEITH,,,,Use Item Price,i,I,,0,+,,,,,,,,,,N,,0,,(UnAssigned),Y,N,,(UnAssigned),,,E,I,N,Y,N,,,0,0,0,0,0,0,P,,N,E,,N,N,E,,E,,N,E,,23,,8/14/2009 2:45:15 PM,CMS,2/22/2011 11:50:22 AM,RANDY,N,10298
202600,FIRST BAPTIST CHURCH,,97 SOUTH CENTER DRIVE,BALDWIN,FL,32234,904-266-4222,904-00000000,ACCOUNTS,PAYABLE,,,,,ACCOUNTS,PAYABLE,,,,,,FLORIDASALES,20,RANDY FRONTZ,0,(UNASSIGNED),EX,Tax Exempt,N,,,(UnAssigned),NET 30,,500,,,0,0,0,0,0,0,0,Best Way,Destination,P,N,,0,Y,0,N,P,10,0,Baldwin,N,N,0,,,,,,,,,,,,Use Item Price,i,I,,0,+,,,,,,,,,,N,,0,,(UnAssigned),Y,N,,(UnAssigned),,,E,I,N,Y,N,,,0,0,0,0,0,0,P,,N,E,,N,N,E,,E,,N,E,,21,,8/14/2009 2:45:16 PM,CMS,9/4/2009 9:11:59 AM,DAWN,N,10299
202640,CHURCH OF OAKLAND,,1025 JESSIE STREET,JACKSONVILLE,FL,32206,904-354-5295,904-354-0630,Mrs.,Gray,j.gray@theoak.org,Claude,Chavis,,Mrs.,Gray,j.gray@theoak.org,,,,,FLORIDASALES,20,RANDY FRONTZ,0,(UNASSIGNED),DV,Duval County,N,,,(UnAssigned),NET 30,4/3/2026,500,,,65,-0.78,0,0,50,0,15.78,Best Way,Destination,P,N,85-8012668912C-6 *18,0,Y,0,N,P,1,0,Downtown,N,Y,2,2640,FIRST BAPTIST CHURCH OF,OAKLAND,1025 JESSIE STREET,JACKSONVILLE,FL,32206,,,,,Use Item Price,i,I,,0,+,Claude cell # 904-945-1179,,,,,,,,,N,,0,,(UnAssigned),Y,N,,(UnAssigned),Y,A,B,A,N,Y,N,,,0,0,0,0,0,0,P,Mrs.,N,E,,N,N,E,,E,,N,E,,21,,8/14/2009 2:45:16 PM,CMS,4/3/2026 9:19:54 AM,NATE,N,10300
202644,FLORIDA CYPRESS WOOD,PRODUCTS INC.,1226 WIGMORE ST.,JACKSONVILLE,FL,32206,904-353-3001,904-354-7764,ANDREW,.,,,,,ANDREW,.,,,,,,FLORIDASALES,20,RANDY FRONTZ,0,(UNASSIGNED),DV,Duval County,N,,,(UnAssigned),NET 30,8/13/2025,500,,,0,0,0,0,0,0,0,Best Way,Destination,P,N,26-8012285798-0 *10,0,Y,0,N,P,0,0,(UnAssigned),Y,N,0,,,,,,,,,,,,Use Item Price,i,I,,0,+,,,,,,,,,,N,,0,,(UnAssigned),Y,N,,(UnAssigned),,,D,A,N,Y,N,,,0,0,0,0,0,0,M,A/P,N,E,,N,N,E,,E,,N,E,,21,,8/14/2009 2:45:16 PM,CMS,6/16/2015 11:31:27 AM,STEVE,N,10301
202970,FOREST DISCOUNT STORE,,3360 FOREST BOULEVARD,JACKSONVILLE,FL,32246,904-642-5825,904-642-5824,ISMET,.,,,,,ISMET,.,,,,,,FLORIDASALES,20,RANDY FRONTZ,0,(UNASSIGNED),DV,Duval County,N,,,(UnAssigned),C.O.D,1/13/2014,200,,,0,0,0,0,0,0,0,Best Way,Destination,P,N,26-00-157863-01-6,0,Y,0,N,P,5,0,Southside,Y,N,0,,,,,,,,,,,,Use Item Price,i,I,,0,+,,,,,,,,,,N,,0,,(UnAssigned),Y,N,,(UnAssigned),,,E,I,N,Y,N,,,0,0,0,0,0,0,P,,N,E,,Y,N,E,,E,,N,E,,21,,8/14/2009 2:45:16 PM,CMS,7/30/2010 1:29:52 PM,JACKIE,N,10302
203000,FARAH & FARAH  PA,10 WEST ADAMS STREET,3RD FLOOR,JACKSONVILLE,FL,32202,904-807-3148,904-358-2424,CAMERON,.,CABBOTT@FARAHANDFARAH.COM,,,,LINDA,.,,,,,,FLORIDASALES,51,RANDY FRONTZ,0,(UNASSIGNED),DV,Duval County,N,,,(UnAssigned),NET 30,1/13/2011,500,,,0,0,0,0,0,0,0,Best Way,Destination,P,Y,,0,Y,0,N,P,0,0,(UnAssigned),N,Y,2,2,FARAH & FARAH  PA,1534 KINGLSEY AVENUE,,ORANGE PARK,FL,32073,LISA,904-264-0701,,,Use Item Price,i,I,,0,+,,,,,,,,,,N,,0,,(UnAssigned),Y,N,,(UnAssigned),,,E,I,N,Y,N,,,0,0,0,0,0,0,P,,N,E,,N,N,E,,E,,N,E,,21,,8/14/2009 2:45:17 PM,CMS,10/13/2014 4:33:14 PM,RANDY,N,10303
203001,KLEAR-VUE COMPLETE,CLEANING & MAINTENANCE,1687 DONNA DRIVE,ORANGE PARK,FL,32068,904-732-2949,904-732-2950,JAMIE/JIM,.,,,,,JAMIE/JIM,.,,,,,,FLORIDASALES,20,RANDY FRONTZ,0,(UNASSIGNED),DV,Duval County,N,,,(UnAssigned),C.O.D,,1000,,,0,0,0,0,0,0,0,Best Way,Destination,P,Y,,0,Y,0,N,P,0,0,(UnAssigned),N,N,0,,,,,,,,,,,,Use Item Price,i,I,,0,+,,,,,,,,,,N,,0,,(UnAssigned),Y,N,,(UnAssigned),,,E,I,N,Y,N,,,0,0,0,0,0,0,P,,N,E,,Y,N,E,,E,,N,E,,21,,8/14/2009 2:45:17 PM,CMS,,,N,10304
203070,GARDEN CITY UNITED,METHODIST CHURCH,3057 DUNN AVENUE,JACKSONVILLE,FL,32218,904-764-4627,904-764-4627,FRED,FOREMAN,,,,,FRED,FOREMAN,,,,,,FLORIDASALES,20,RANDY FRONTZ,0,(UNASSIGNED),EX,Tax Exempt,N,,,(UnAssigned),NET 30,1/23/2006,1000,,,0,0,0,0,0,0,0,Best Way,Destination,P,N,26-00-107438-55C,0,Y,0,N,P,0,0,(UnAssigned),N,N,0,,,,,,,,,,,,Use Item Price,i,I,,0,+,,,,,,,,,,N,,0,,(UnAssigned),Y,N,,(UnAssigned),,,E,I,N,Y,N,,,0,0,0,0,0,0,P,,N,E,,N,N,E,,E,,N,E,,21,,8/14/2009 2:45:17 PM,CMS,,,N,10306
203080,GATEWAY ANIMAL HOSPITAL,,6909 NORWOOD AVENUE,JACKSONVILLE,FL,32208,904-764-9559,904-764-5049,DR.ROY,.,,,,,DR.ROY,.,,,,,,FLORIDASALES,20,RANDY FRONTZ,0,(UNASSIGNED),DV,Duval County,N,,,(UnAssigned),NET 30,3/23/2020,200,,,0,0,0,0,0,0,0,Best Way,Destination,P,Y,,0,Y,0,N,P,5,0,Southside,N,N,0,,,,,,,,,,,,Use Item Price,i,I,,0,+,Cust wants paper invs.,,,,,,,,,N,,0,,(UnAssigned),Y,N,,(UnAssigned),,,E,I,N,Y,N,,,0,0,0,0,0,0,P,,N,E,,N,N,E,,E,,N,E,,21,,8/14/2009 2:45:18 PM,CMS,12/19/2014 9:28:09 AM,STEVE,N,10307
203091,GORDONS GLASS,1035 PARK AVENUE,,ORANGE PARK,FL,32073,904-269-1941,904-269-1730,JIM,.,,,,,JIM,.,,,,,,FLORIDASALES,20,RANDY FRONTZ,0,(UNASSIGNED),DV,Duval County,N,,,(UnAssigned),C.O.D,9/8/2021,200,,,0,0,0,0,0,0,0,Best Way,Destination,P,Y,,0,Y,0,N,P,0,0,(UnAssigned),Y,N,0,,,,,,,,,,,,Use Item Price,i,I,,0,+,,,,,,,,,,N,,0,,(UnAssigned),Y,N,,(UnAssigned),,,E,I,N,Y,N,,,0,0,0,0,0,0,P,,N,E,,N,N,E,,E,,N,E,,21,,8/14/2009 2:45:18 PM,CMS,3/21/2011 2:43:39 PM,JACKIE,N,10308
203092,GULF MARINE,1726 EAST CHURCH ST,,JACKSONVILLE,FL,32202,904-358-2792,904-358-2800,BRENDA,.,,,,,BRENDA,.,,,,,,FLORIDASALES,20,RANDY FRONTZ,0,(UNASSIGNED),DV,Duval County,N,,,(UnAssigned),NET 30,8/7/2006,500,,,0,0,0,0,0,0,0,Best Way,Destination,P,N,26-8012952841-2,0,Y,0,N,P,0,0,(UnAssigned),N,N,0,,,,,,,,,,,,Use Item Price,i,I,,0,+,,,,,,,,,,N,,0,,(UnAssigned),Y,N,,(UnAssigned),,,E,I,N,Y,N,,,0,0,0,0,0,0,P,,N,E,,N,N,E,,E,,N,E,,21,,8/14/2009 2:45:18 PM,CMS,,,N,10309
203100,HOLMES-GLOVER-SOLOMON,"FUNERAL DIRECTORS, INC",4334 BRENTWOOD AVE,JACKSONVILLE,FL,32208,904-768-5215,904-766-5652,MS.,WALKER,,,,,MS.,WALKER,,,,,,FLORIDASALES,20,RANDY FRONTZ,0,(UNASSIGNED),DV,Duval County,N,,,(UnAssigned),C.O.D,3/10/2016,500,,,0,0,0,0,0,0,0,Best Way,Destination,P,Y,,0,Y,0,N,P,2,0,Northside,Y,N,0,,,,,,,,,,,,Use Item Price,i,I,,0,+,,,,,,,,,,N,,0,,(UnAssigned),Y,N,,(UnAssigned),,,E,I,N,Y,N,,,0,0,0,0,0,0,P,,N,E,,Y,N,E,,E,,N,E,,21,,8/14/2009 2:45:18 PM,CMS,11/20/2014 12:30:15 PM,STEVE,N,10310
203350,ENVIRO-COMP,,P.O. BOX 56110,JACKSONVILLE,FL,32241,904-766-3337,904-766-1255,TOM,.,,,,,TOM,.,,,,,,FLORIDASALES,20,RANDY FRONTZ,0,(UNASSIGNED),DV,Duval County,N,,,(UnAssigned),NET 30,,250,,,0,0,0,0,0,0,0,Best Way,Destination,P,Y,,0,Y,0,N,P,0,0,(UnAssigned),N,Y,2,3350,ENVIRO-COMP,7000 IMESON RD.,,JACKSONVILLE,FL,32219,TOM,,,,Use Item Price,i,I,,0,+,,,,,,,,,,N,,0,,(UnAssigned),Y,N,,(UnAssigned),,,E,I,N,Y,N,,,0,0,0,0,0,0,P,,N,E,,N,N,E,,E,,N,E,,21,,8/14/2009 2:45:19 PM,CMS,,,N,10311
203405,GRACE BAPTIST CHURCH OF,EAST SPRINGFIELD,1553 E.21ST STREET,JACKSONVILLE,FL,32206,904-354-2941,,MR.JAMES,.,,,,,MR.JAMES,.,,,,,,FLORIDASALES,20,RANDY FRONTZ,0,(UNASSIGNED),DV,Duval County,N,,,(UnAssigned),1%10 NET 30,1/13/2026,1000,,,-402.74,-402.74,0,0,0,0,0,Best Way,Destination,P,N,26-08-121951-55C,0,Y,0,N,P,0,0,(UnAssigned),N,N,0,,,,,,,,,,,,Use Item Price,i,I,,0,+,,,,,,,,,,N,,0,,(UnAssigned),Y,N,,(UnAssigned),,,E,I,N,Y,N,,,0,0,0,0,0,0,M,Office,N,E,,N,N,E,,E,,N,E,,21,,8/14/2009 2:45:19 PM,CMS,11/3/2025 2:41:02 PM,JEFF,N,10312
203411,CHURCH OF GOD BY FAITH,,2434 OLD MIDDLEBURG RD.,JACKSONVILLE,FL,32210,904-771-4941,904-771-4972,TAMMY,.,,,,,TAMMY,.,,,,,,FLORIDASALES,20,RANDY FRONTZ,0,(UNASSIGNED),DV,Duval County,N,,,(UnAssigned),NET 30,8/7/2009,500,,,0,0,0,0,0,0,0,Best Way,Destination,P,N,85-8012531163C-5 *12,0,Y,0,N,P,7,0,Westside,N,N,0,,,,,,,,,,,,Use Item Price,i,I,,0,+,,,,,,,,,,N,,0,,(UnAssigned),Y,N,,(UnAssigned),,,E,I,N,Y,N,,,0,0,0,0,0,0,P,,N,E,,Y,N,E,,E,,N,E,,21,,8/14/2009 2:45:19 PM,CMS,6/21/2017 9:42:55 AM,DAVID,N,10313
203414,GREATER JAX CHURCH OF GOD,4510 SOUTEL DRIVE,,JACKSONVILLE,FL,32208,904-764-4561,904-764-5301,LOVIE,POWELL,,,,,LOVIE,POWELL,,,,,,FLORIDASALES,20,RANDY FRONTZ,0,(UNASSIGNED),DV,Duval County,N,,,(UnAssigned),NET 30,1/18/2007,2000,,,0,0,0,0,0,0,0,Best Way,Destination,P,Y,,0,Y,0,N,P,0,0,(UnAssigned),N,N,0,,,,,,,,,,,,Use Item Price,i,I,,0,+,,,,,,,,,,N,,0,,(UnAssigned),Y,N,,(UnAssigned),,,E,I,N,Y,N,,,0,0,0,0,0,0,P,,N,E,,N,N,E,,E,,N,E,,20,,8/14/2009 2:45:19 PM,CMS,,,N,10314
203415,GREATER GRANT MEMORIAL,AME CHURCH,5533 GILCHRIST ROAD,JACKSONVILLE,FL,32219,904-764-5992,904-764-4882,NAZERENE,.,,,,,NAZERENE,.,,,,,,FLORIDASALES,20,RANDY FRONTZ,0,(UNASSIGNED),DV,Duval County,N,,,(UnAssigned),NET 30,9/29/2006,300,,,0,0,0,0,0,0,0,Best Way,Destination,P,N,26-08-109466-55C,0,Y,0,N,P,2,0,Northside,N,N,0,,,,,,,,,,,,Use Item Price,i,I,,0,+,,,,,,,,,,N,,0,,(UnAssigned),Y,N,,(UnAssigned),,,E,I,N,Y,N,,,0,0,0,0,0,0,P,,N,E,,N,N,E,,E,,N,E,,21,,8/14/2009 2:45:20 PM,CMS,9/4/2009 9:35:36 AM,DAWN,N,10315
203669,HIGHLANDS UNITED,METHODIST CHURCH,1955 BROWARD ROAD,JACKSONVILLE,FL,32218,904-757-7909,904-751-5082,ANITA,.,,,,,ANITA,.,,,,,,FLORIDASALES,51,RANDY FRONTZ,0,(UNASSIGNED),DV,Duval County,N,,,(UnAssigned),NET 30,4/19/2017,1000,,,0,0,0,0,0,0,0,Best Way,Destination,P,N,85-8012529226C-0,0,Y,0,N,P,2,0,Northside,N,N,0,,,,,,,,,,,,Use Item Price,i,I,,0,+,,,,,,,,,,N,,0,,(UnAssigned),Y,N,,(UnAssigned),,,E,I,N,Y,N,,,0,0,0,0,0,0,P,,N,E,,N,N,E,,E,,N,E,,23,,8/14/2009 2:45:20 PM,CMS,6/1/2015 3:47:10 PM,STEVE,N,10317
203670,HIDDEN HILLS ANIMAL,HOSPITAL,12134 FORT CAROLINE ROAD,JACKSONVILLE,FL,32225,904-641-3384,904-641-9516,DR.,GLENN DAVIS,,,,,DR.,GLENN DAVIS,,,,,,FLORIDASALES,20,RANDY FRONTZ,0,(UNASSIGNED),DV,Duval County,N,,,(UnAssigned),NET 30,3/20/2024,200,,,119.22,0,0,0,0,0,119.22,Best Way,Destination,P,Y,,0,Y,0,N,P,12,0,Arlington,N,N,0,,,,,,,,,,,,Use Item Price,i,I,,0,+,,,,,,,,,,N,,0,,(UnAssigned),Y,N,,(UnAssigned),,C,E,A,N,Y,N,,,0,0,0,0,0,0,M,Dania,N,E,,N,N,E,,E,,N,E,,21,,8/14/2009 2:45:21 PM,CMS,5/3/2021 3:18:13 PM,NATE,N,10318
203740,Redemption Church  (Hinernia HB),,2000 LANE AVENUE SOUTH,JACKSONVILLE,FL,32210,904-781-7574,904-781-7577,ACCOUNTS,PAYABLE,HIBERNIAHYDEPARK@GMAIL.COM,,,,ACCOUNTS,PAYABLE,HIBERNIAHYDEPARK@GMAIL.COM,,,,,FLORIDASALES,50,RANDY FRONTZ,0,(UNASSIGNED),DV,Duval County,N,,,(UnAssigned),NET 30,11/30/2017,500,,,0,0,0,0,0,0,0,Best Way,Destination,P,N,85-8016439978C-4,0,Y,0,N,P,7,0,Westside,N,N,0,,,,,,,,,,,,Use Item Price,i,I,,0,+,,,,,,HOURS ARE 8:00-1:00 PM MON-THU,,,,N,,0,,(UnAssigned),Y,N,,(UnAssigned),,C,E,I,N,Y,N,,,0,0,0,0,0,0,M,ACCOUNTS,N,E,,N,N,E,,E,,N,E,,21,,8/14/2009 2:45:21 PM,CMS,5/9/2017 12:39:13 PM,PETE,N,10319
203800,JACKSONVILLE URBAN LEAGUE,HEAD START PROGRAM,903 WEST UNION ST.,JACKSONVILLE,FL,32204,904-356-8336,904-356-8369,ERNESTO,PEREZ,,CHRIS,WILLIAMS,c.williams@jaxul.org,ERNESTO,PEREZ,,,,,,FLORIDASALES,20,RANDY FRONTZ,0,(UNASSIGNED),EX,Tax Exempt,N,,,(UnAssigned),NET 30,12/16/2009,10000,,,0,0,0,0,0,0,0,Best Way,Destination,P,N,85-8012621075C-9,0,Y,0,N,P,1,0,Downtown,N,Y,28,1,HEAD START,ANDERS PARK,10770 ANDERS BLVD.,JACKSONVILLE,FL,32246,645-3838,,,,Use Item Price,i,I,,0,+,,,,,,,,,,N,,0,,(UnAssigned),Y,N,,(UnAssigned),Y,A,E,I,N,Y,N,,,0,0,0,0,0,0,P,,N,E,,Y,N,E,,E,,N,E,,21,,8/14/2009 2:45:21 PM,CMS,10/6/2011 3:55:00 PM,RANDY,N,10320
203801,JUL ECONOMIC & COMMUNITY,DEV. FOUNDATION INC.,903 WEST UNION STREET,JACKSONVILLE,FL,32204,904-356-8336,904-356-8369,MR,PEREZ,,,,,MR,PEREZ,,,,,,FLORIDASALES,20,RANDY FRONTZ,0,(UNASSIGNED),DV,Duval County,N,,,(UnAssigned),NET 30,11/13/2009,5000,,,0,0,0,0,0,0,0,Best Way,Destination,P,N,85-8012621075C-9,0,Y,0,N,P,0,0,(UnAssigned),N,N,0,,,,,,,,,,,,Use Item Price,i,I,,0,+,,,,,,,,,,N,,0,,(UnAssigned),Y,N,,(UnAssigned),,C,E,I,N,Y,N,,,0,0,0,0,0,0,P,,N,E,,Y,N,E,,E,,N,E,,21,,8/14/2009 2:45:21 PM,CMS,11/10/2009 12:18:25 PM,RANDY,N,10321
203810,U. S. INSURANCE SERVICES,FORMELY JACK WEST & ASSO.,2000 ART MUSEUM DRIVE,JACKSONVILLE,FL,32207,904-398-8533,904-396/5920,CAROL,.,,,,,CAROL,.,,,,,,FLORIDASALES,20,RANDY FRONTZ,0,(UNASSIGNED),DV,Duval County,N,,,(UnAssigned),NET 30,6/29/2006,200,,,0,0,0,0,0,0,0,Best Way,Destination,P,Y,,0,Y,0,N,P,5,0,Southside,N,N,0,,,,,,,,,,,,Use Item Price,i,I,,0,+,,,,,,,,,,N,,0,,(UnAssigned),Y,N,,(UnAssigned),,,E,I,N,Y,N,,,0,0,0,0,0,0,P,,N,E,,N,N,E,,E,,N,E,,21,,8/14/2009 2:45:22 PM,CMS,9/4/2009 11:50:47 AM,DAWN,N,10322
203815,JACK BECKER DISTRIBUTORS,INC.,P. O. BOX 41086,JACKSONVILLE,FL,32203--108,800-488-8411,800-488-8411,DON,HUDSON,,,,,DON,HUDSON,,,,,,FLORIDASALES,20,RANDY FRONTZ,0,(UNASSIGNED),DV,Duval County,N,,,(UnAssigned),NET 30,,500,,,0,0,0,0,0,0,0,Best Way,Destination,P,Y,,0,Y,0,N,N,0,0,(UnAssigned),N,Y,1,3816,JACK BECKER DIST. INC.,1645 JESSIE ST,"JACKSONVILLE, FL   32206",ATTN DON H.,,,,,,,Use Item Price,i,I,,0,+,,,,,,,,,,N,,0,,(UnAssigned),Y,N,,(UnAssigned),,,E,I,N,Y,N,,,0,0,0,0,0,0,P,,N,E,,N,N,E,,E,,N,E,,21,,8/14/2009 2:45:22 PM,CMS,5/31/2012 9:48:30 AM,NEAL,N,10323
203850,JACKSONVILLE GOLF AND,COUNTRY CLUB,4060 JEBB ISLAND CIRCLE W,JACKSONVILLE,FL,32224,904-223-5555,,,,,SUSAN,MORRIS,,KIM,SHEPPARD,,,,,,FLORIDASALES,20,RANDY FRONTZ,0,(UNASSIGNED),DV,Duval County,N,,,(UnAssigned),NET 30,12/1/2014,500,,,0,0,0,0,0,0,0,Best Way,Destination,P,Y,,0,Y,0,N,P,12,0,Arlington,N,Y,4,3851,ALYSON STEWART,3824 MICHAELS LANDING,CIRCLE E.,JAX. FL 32224,,,223-3592,,,,Use Item Price,i,I,,0,+,KIM SHEPPARD A/P,,,,,,,,,N,,0,,(UnAssigned),Y,N,,(UnAssigned),,,E,I,N,Y,N,,,0,0,0,0,0,0,P,,N,E,,N,N,E,,E,,N,E,,21,,8/14/2009 2:45:22 PM,CMS,2/14/2014 12:43:47 PM,RANDY,N,10324
203880,JAX BARGAIN PLYWOOD,455 Cassat avenue,,JACKSONVILLE,FL,32254,904-384-4677,904-389-6614,CHERYL,.,accounting@jaxbargaincabinets.com,,,,CHERYL,.,accounting@jaxbargaincabinets.com,,,,,FLORIDASALES,20,RANDY FRONTZ,0,(UNASSIGNED),DV,Duval County,N,,,(UnAssigned),C.O.D,8/29/2024,1000,,,0,0,0,0,0,0,0,Best Way,Destination,P,N,26-8012047146-5 *16,0,Y,0,N,P,7,0,Westside,Y,Y,1,8802,JAX BARGAIN CARPET,455 CASSAT AVENUE,,JACKSONVILLE,FL,32254,,904-387-0009,,,Use Item Price,i,I,,0,+,,,,,,,,,,N,,0,,(UnAssigned),Y,N,,(UnAssigned),,X,X,I,N,Y,N,,,0,0,0,0,0,0,P,,N,E,,N,N,E,,E,,N,E,,23,,8/14/2009 2:45:22 PM,CMS,7/28/2016 11:29:37 AM,PETE,N,10325
203959,Riverton Sr.Ctr. (jones College),ARLINGTON CAMPUS,5353 ARLINGTON EXPRESSWAY,JACKSONVILLE,FL,32211,904-743-1122,904-743-4446,lillian,young,lyoung@jones.edu,KATHY,.,,JIM,DAVIS @ 114,,,,,,FLORIDASALES,10,Randy Frontz,0,(UNASSIGNED),DV,Duval County,N,,,(UnAssigned),2% 10 NET 30,7/28/2023,750,,,0,0,0,0,0,0,0,Best Way,Destination,P,N,85-8012620669C-9 *21,0,Y,0,N,P,12,0,Arlington,N,Y,1,1,JONES COLLEGE,5353 ARLINGTON EXPRESSWAY,,JACKSONVILLE,FL,32211,,,,,30% Profit Margin,p30,P,,30,+,,,,MAIL ONLY,,PLEASE CALL LILLIAN WHEN,DELIVERING 904-923-9473,,,N,,0,,(UnAssigned),Y,N,,(UnAssigned),Y,C,E,A,N,Y,N,,,0,0,0,0,0,0,M,Greg,N,E,,N,N,E,,E,,N,E,,21,,8/14/2009 2:45:23 PM,CMS,1/20/2023 11:27:43 AM,JEFF,N,10326
203960,JONES ROAD BAPTIST CHURCH,,2506 JONES ROAD,JACKSONVILLE,FL,32220,904-786-0646,904-786-1227,MELINDA,.,,,,,MELINDA,.,,,,,,FLORIDASALES,51,RANDY FRONTZ,0,(UNASSIGNED),DV,Duval County,N,,,(UnAssigned),NET 30,9/12/2023,500,,,0,0,0,0,0,0,0,Best Way,Destination,P,N,26-08-107559-55C,0,Y,0,N,P,7,0,Westside,N,N,0,,,,,,,,,,,,Use Item Price,i,I,,0,+,,,,,,,,,,N,,0,,(UnAssigned),Y,N,,(UnAssigned),,,E,I,N,Y,N,,,0,0,0,0,0,0,P,,N,E,,N,N,E,,E,,N,E,,21,,8/14/2009 2:45:23 PM,CMS,9/1/2015 9:37:43 AM,STEVE,N,10327
204250,MILLERS PRODUCE,7303 PEARL STREET,,JACKSONVILLE,FL,32209,904-553-3741,,CLAYTONIA,.,,,,,CLAYTONIA,.,,,,,,FLORIDASALES,20,RANDY FRONTZ,0,(UNASSIGNED),DV,Duval County,N,,,(UnAssigned),C.O.D,3/11/2021,500,,,0,0,0,0,0,0,0,Best Way,Destination,P,N,26-8014877904-4,0,Y,0,N,P,1,0,Downtown,Y,Y,1,4250,MILLERS PRODUCE KITCHEN,,,,,,,,,,Use Item Price,i,I,,0,+,,,,,,,,,,N,,0,,(UnAssigned),N,N,,(UnAssigned),,,E,I,N,Y,N,,,0,0,0,0,0,0,P,,N,E,,N,N,E,,E,,N,E,,21,,8/14/2009 2:45:23 PM,CMS,7/20/2012 2:37:40 PM,JACKIE,N,10328
204251,JEFFREY CLEMONS,5927 N.W. 211TH ST,,STARKE,FL,32094,904-813-1529,,JEFFREY,CLEMONS,,,,,JEFFREY,CLEMONS,,,,,,FLORIDASALES,20,RANDY FRONTZ,0,(UNASSIGNED),DV,Duval County,N,,,(UnAssigned),C.O.D,4/10/2023,500,,,0,0,0,0,0,0,0,PICKUP,Destination,P,Y,,0,Y,0,N,P,17,0,Customer Pickup,Y,Y,1,4251,JEFFREY CLEMONS,904/813-1529,,,,,,,,,Use Item Price,i,I,,0,+,,,,,,,,,,N,,0,,(UnAssigned),N,N,,(UnAssigned),Y,B,E,A,N,Y,N,,,0,0,0,0,0,0,P,,N,E,,Y,N,E,,E,,N,E,,21,,8/14/2009 2:45:23 PM,CMS,8/3/2015 12:31:06 PM,STEVE,N,10329
204291,JACKSONVILLE AVIATION AUTHORITY,ATTN: ACCOUNTS PAYABLE,14201 PECAN PARK ROAD,JACKSONVILLE,FL,32218,904-741-2209,904-741-2350,JUANITA,HENDERSON,JHENDERSON@JAA.AERO,,,,JUANITA,HENDERSON,JHENDERSON@JAA.AERO,,,,,FLORIDASALES,20,RANDY FRONTZ,0,(UNASSIGNED),DV,Duval County,N,,,(UnAssigned),NET 30,10/31/2016,1000,,,0,0,0,0,0,0,0,Best Way,Destination,P,N,85-8013518288C-9,0,Y,0,N,P,2,0,Northside,N,Y,2,4291,JACKSONVILLE PORT AUTH.,13810 THOMAS IMESON AVE,"JACKSONVILLE, FL",32218,,,JUANITA,,,,Use Item Price,i,I,,0,+,,,,,,,,,,N,,0,,(UnAssigned),Y,N,,(UnAssigned),,C,E,I,N,Y,N,,,0,0,0,0,0,0,P,,N,E,,N,N,E,,E,,N,E,,21,,8/14/2009 2:45:24 PM,CMS,8/10/2015 2:16:34 PM,STEVE,N,10330
204400,LITTLE ROCK BAPTIST,CHURCH,1418 VAN BUREN STREET,JACKSONVILLE,FL,32206,904-356-2525,904-356-0454,PAT,GRAHAM,,,,,PAT,GRAHAM,,,,,,FLORIDASALES,20,RANDY FRONTZ,0,(UNASSIGNED),DV,Duval County,N,,,(UnAssigned),NET 30,2/22/2012,500,,,0,0,0,0,0,0,0,Best Way,Destination,P,N,26-08-107537-55 C,0,Y,0,N,P,1,0,Downtown,N,N,0,,,,,,,,,,,,Use Item Price,i,I,,0,+,,,,,,,,,,N,,0,,(UnAssigned),Y,N,,(UnAssigned),,,E,I,N,Y,N,,,0,0,0,0,0,0,P,,N,E,,N,N,E,,E,,N,E,,21,,8/14/2009 2:45:24 PM,CMS,2/23/2011 2:15:25 PM,JACKIE,N,10331
204840,MOUNT VERNON BAPTIST,CHURCH,1462 PRINCE STREET,JACKSONVILLE,FL,32209,904-355-0140,904-355-3543,MRS,ATWATER,atwatere@bellsouth.net,MRS,ATWATER,atwatere@bellsouth.net,MRS,ATWATER,atwatere@bellsouth.net,,,,,FLORIDASALES,20,RANDY FRONTZ,0,(UNASSIGNED),DV,Duval County,N,,,(UnAssigned),NET 30,7/11/2025,500,,,0,0,0,0,0,0,0,Best Way,Destination,P,N,85-8013757206C-8,0,Y,0,N,P,1,0,Downtown,N,N,0,,,,,,,,,,,,Use Item Price,i,I,,0,+,,,,,,call Mrs Atwater #504-2833 or,765-3340,,,N,,0,,(UnAssigned),Y,N,,(UnAssigned),,C,D,I,N,Y,N,,,0,0,0,0,0,0,P,MRS,N,E,,N,N,E,,E,,N,E,,21,,8/14/2009 2:45:24 PM,CMS,7/24/2018 10:38:15 AM,RANDY,N,10332
205070,NEW BEGINNING DAYCARE,CENTER & KINDERGARTEN,2804 W. EDGEWOOD AVE.,JACKSONVILLE,FL,32209,904-765-2845,904-765-2845,ALFREDA,REDDING,,,,,ALFREDA,REDDING,,,,,,FLORIDASALES,20,RANDY FRONTZ,0,(UNASSIGNED),DV,Duval County,N,,,(UnAssigned),NET 30,8/12/2019,300,,,0,0,0,0,0,0,0,Best Way,Destination,P,N,85-8015837083C-2,0,Y,0,N,P,1,0,Downtown,N,Y,1,5071,NEW BEGINNING DAYCARE,CENTER & KINDERGARTEN,2804 WEST EDGEWOOD AVE,"JACKSONVILLE,",FL,32209,,,,,Use Item Price,i,I,,0,+,Cust wants paper invoice,,,,,,,,,N,,0,,(UnAssigned),Y,N,,(UnAssigned),,,E,I,N,Y,N,,,0,0,0,0,0,0,P,alfreda,N,E,,N,N,E,,E,,N,E,,21,,8/14/2009 2:45:24 PM,CMS,9/30/2019 10:50:20 AM,NATE,N,10333
205071,EPHESUS SEVENTH DAY ADVENTIST CHURC,ADVENTIST CHURCH,P.O. BOX 9235,JACKSONVILLE,FL,32208,904-765-3225,904-924-2045,NANCY,JAMES,,,,,NANCY,JAMES,,,,,,FLORIDASALES,20,RANDY FRONTZ,0,(UNASSIGNED),DV,Duval County,N,,,(UnAssigned),NET 30,5/10/2012,500,,,0,0,0,0,0,0,0,Best Way,Destination,P,N,85-8015837083c-2 *17,0,Y,0,N,P,0,0,(UnAssigned),N,Y,1,5071,EPHESUS SEVENTH DAY,ADVENTIST CHURCH,2750 W. EDGEWOOD AVENUE,"JACKSONVILLE,",FL,32209,,,,,Use Item Price,i,I,,0,+,,,,,,,,,,N,,0,,(UnAssigned),Y,N,,(UnAssigned),,,E,I,N,Y,N,,,0,0,0,0,0,0,P,,N,E,,N,N,E,,E,,N,E,,21,,8/14/2009 2:45:25 PM,CMS,6/21/2017 11:24:10 AM,DAVID,N,10334
205072,EPHESUS JR ACADEMY,2760 W. EDGEWOOD AVENUE,,JACKSONVILLE,FL,32209,904-765-3225,904-924-2045,NANCY,JAMES,,,,,NANCY,JAMES,,,,,,FLORIDASALES,20,RANDY FRONTZ,0,(UNASSIGNED),DV,Duval County,N,,,(UnAssigned),NET 30,10/14/2016,2000,,,0,0,0,0,0,0,0,Best Way,Destination,P,N,85-8015837084C-9,0,Y,0,N,P,2,0,Northside,N,Y,1,5072,EPHESUS JR ACADEMY,2760 W. EDGEWOOD AVENUE,,JACKSONVILLE,FL,32209,,,,,Use Item Price,i,I,,0,+,,,,,,,,,Y,N,,0,,(UnAssigned),Y,N,,(UnAssigned),,C,E,I,N,Y,N,,,0,0,0,0,0,0,F,MRS,N,E,,N,N,E,,E,,N,E,,21,,8/14/2009 2:45:25 PM,CMS,3/6/2017 2:55:08 PM,PETE,N,10335
205077,NEW BETHLEHEM MISSIONARY,BAPTIST CHURCH,1824 PROSPECT STREET,JACKSONVILLE,FL,32208,904-226-3544,,,,,,,,,,,,,,,FLORIDASALES,20,RANDY FRONTZ,0,(UNASSIGNED),DV,Duval County,N,,,(UnAssigned),NET 30,2/29/2012,500,,,0,0,0,0,0,0,0,Best Way,Destination,P,N,26-00-113887-55C,0,Y,0,N,P,0,0,(UnAssigned),N,Y,1,5078,EDISON AVE. BARBER SHOP,2594 EDISON AVENUE,"JACKSONVILLE, FLORIDA",32205,,,MR. L THOMAS,,,,Use Item Price,i,I,,0,+,,,,,,,,,,N,,0,,(UnAssigned),Y,N,,(UnAssigned),,,E,I,N,Y,N,,,0,0,0,0,0,0,P,,N,E,,N,N,E,,E,,N,E,,21,,8/14/2009 2:45:25 PM,CMS,5/26/2011 12:20:40 PM,RANDY,N,10336
205080,NORTHSIDE CHURCH OF CHRIST,,P. O. BOX 12319,JACKSONVILLE,FL,32209,904-765-9830,904-764-8048,PD,Brown,pdbrown795@yahoo.com,,,,PD,Brown,pdbrown795@yahoo.com,,,,,FLORIDASALES,20,RANDY FRONTZ,0,(UNASSIGNED),EX,Tax Exempt,N,,,(UnAssigned),NET 30,4/15/2026,500,,,1079.42,758.53,0,0,0,0,320.89,Best Way,Destination,P,N,85-8012644382C-5 *20,0,Y,0,N,P,2,0,Northside,N,Y,1,5081,NORTHSIDE CHURCH OF,CHRIST,4736 AVENUE B,"JACKSONVILLE,",FL,32209,PURCHASING,,,,30% Profit Margin,p30,P,,30,+,,,,,,,,,,N,,0,,(UnAssigned),N,N,,(UnAssigned),Y,A,C,A,N,Y,N,,,0,0,0,0,0,0,M,TIFFANY,N,E,,N,N,E,,E,,N,E,,21,,8/14/2009 2:45:25 PM,CMS,10/29/2025 5:06:35 PM,JEFF,N,10337
205081,NORTHSIDE CHURCH OF CHRIST-CHILD DV,ATTN: CHILD DEVELOPMENT CENTER,P.O. BOX 12319,JACKSONVILLE,FL,32209,904-768-1344,904-764-8048,PAT,BROWN,PDBROWN795@YAHOO.COM,,,,PAT,BROWN,PDBROWN795@YAHOO.COM,,,,,FLORIDASALES,20,RANDY FRONTZ,0,(UNASSIGNED),EX,Tax Exempt,N,,,(UnAssigned),NET 30,11/14/2025,1000,,,50.7,0,0,0,0,0,50.7,Best Way,Destination,P,N,85-8012644382C-5,0,Y,0,N,E,2,0,Northside,Y,Y,1,5081,CHILD DEVELOPMENT CENTER,N/S CHURCH OF CHRIST,4736 AVENUE B,JACKSONVILLE,FL,32209,PAT BROWN,,,,30% Profit Margin,p30,P,,30,+,,,,,,*** NO MONDAY DELIVERY!! **,,,,N,,0,,(UnAssigned),Y,N,,(UnAssigned),Y,C,D,A,N,Y,N,,,0,0,0,0,0,0,M,PAT,N,E,,N,N,E,,E,,N,E,,21,,8/14/2009 2:45:26 PM,CMS,11/5/2025 3:29:28 PM,JEFF,N,10338
205085,NORTHSIDE CHURCH OF GOD,,5252 DUNN AVENUE,JACKSONVILLE,FL,32218,904-764-6040,904-764-6077,FRED,FOREMAN,,,,,FRED,FOREMAN,,,,,,FLORIDASALES,20,RANDY FRONTZ,0,(UNASSIGNED),DV,Duval County,N,,,(UnAssigned),NET 30,4/3/2012,500,,,0,0,0,0,0,0,0,Best Way,Destination,P,N,26-00-110962-55C,0,Y,0,N,P,2,0,Northside,N,N,0,,,,,,,,,,,,Use Item Price,i,I,,0,+,,,,,,,,,,N,,0,,(UnAssigned),Y,N,,(UnAssigned),,,E,I,N,Y,N,,,0,0,0,0,0,0,P,,N,E,,N,N,E,,E,,N,E,,21,,8/14/2009 2:45:26 PM,CMS,7/7/2011 11:23:55 AM,JACKIE,N,10339
205350,OAK HARBOR BAPTIST,CHURCH,2765 STATE ROAD A1A,ATLANTIC BEACH,FL,32233,904-246-6922,904-00000000,LOUIS,REESE,,,,,JULIE,CREWS,,,,,,FLORIDASALES,20,RANDY FRONTZ,0,(UNASSIGNED),EX,Tax Exempt,N,,,(UnAssigned),NET 30,6/5/2015,350,,,0,0,0,0,0,0,0,Best Way,Destination,P,N,85-8012557188C-8,0,Y,0,N,F,3,0,Beaches,N,N,0,,,,,,,,,,,,Use Item Price,i,I,,0,+,,,,,,,,,,N,,0,,(UnAssigned),Y,N,,(UnAssigned),,C,E,I,N,Y,N,,,0,0,0,0,0,0,M,JULIE,N,E,,N,N,E,,E,,N,E,,21,,8/14/2009 2:45:26 PM,CMS,2/26/2015 11:28:36 AM,STEVE,N,10340
205690,PARK LANE BAPTIST CHURCH,,1480 LAKESHORE BOULEVARD,JACKSONVILLE,FL,32205,904-387-5331,904-389-3227,DEBBIE,.,,,,,DEBBIE,.,,,,,,FLORIDASALES,25,ARTIE HARDIE,0,(UNASSIGNED),DV,Duval County,N,,,(UnAssigned),NET 30,9/21/2015,200,,,0,0,0,0,0,0,0,Best Way,Destination,P,N,85-8012529699C-6,0,Y,0,N,P,7,0,Westside,N,N,0,,,,,,,,,,,,Use Item Price,i,I,,0,+,,,,,,,,,,N,,0,,(UnAssigned),Y,N,,(UnAssigned),,,E,I,N,Y,N,,,0,0,0,0,0,0,M,CHRISTINA,N,E,,N,N,E,,E,,N,E,,21,,8/14/2009 2:45:26 PM,CMS,2/3/2016 9:20:32 AM,STEVE,N,10341
205695,PETERS CREEK CIVIC ASSOC.,,423 SAN CLEMENTI DR,ORANGE PARK,FL,32003,904-264-5127,,ALLEN,BERRY,,,,,ALLEN,BERRY,,,,,,FLORIDASALES,20,RANDY FRONTZ,0,(UNASSIGNED),DV,Duval County,N,,,(UnAssigned),NET 30,12/2/2011,500,,,0,0,0,0,0,0,0,Best Way,Destination,P,N,,0,Y,0,N,P,6,0,Orange Park,N,N,0,,,,,,,,,,,,Use Item Price,i,I,,0,+,,,,,,,,,,N,,0,,(UnAssigned),Y,N,,(UnAssigned),,,E,I,N,Y,N,,,0,0,0,0,0,0,P,,N,E,,N,N,E,,E,,N,E,,21,,8/14/2009 2:45:27 PM,CMS,9/16/2009 4:12:11 PM,JACKIE,N,10342
205721,"OFFICE IMAGES - OES, LLC",,1524 SAN MARCO BLVD,JACKSONVILLE,FL,32207,904-398-9761,904-398-5095,AP,AP,apjax@officeimagesinc.com,,,,AP,AP,apjax@officeimagesinc.com,,,,,FLORIDASALES,52,RANDY FRONTZ,0,(UNASSIGNED),DV,Duval County,N,,,(UnAssigned),NET 30,10/21/2025,500,,,0,0,0,0,0,0,0,Best Way,Destination,P,Y,26-8012369632-4,0,Y,0,N,P,5,0,Southside,N,Y,2,5720,OFFICE EQUIPMENT & SUPPLY,155 EDGEWOOD AVENUE,"JACKSONVILLE, FL 32254",,,,JOSEPH  356-6870,,,,Use Item Price,i,I,,0,+,LM 3/14 re past due balance,EMAIL THERESA INVOICES,,,,,,,,N,,0,,(UnAssigned),Y,N,,(UnAssigned),Y,B,D,A,N,Y,N,,,0,0,0,0,0,0,M,AP,N,E,,N,N,E,,E,,N,E,,53,,8/14/2009 2:45:27 PM,CMS,4/25/2025 7:51:47 AM,NATE,N,10343
205950,PET CREATIONS,11819 NORTH MAIN STREET,,JACKSONVILLE,FL,32218,904-757-4685,904-00000000,KIMBERLY,.,kimberlybattistic@gmail.com,,,,KIMBERLY,.,kimberlybattistic@gmail.com,,,,,FLORIDASALES,20,RANDY FRONTZ,0,(UNASSIGNED),DV,Duval County,N,,,(UnAssigned),C.O.D,3/24/2026,200,,,161.3,161.3,0,0,0,0,0,Best Way,Destination,P,N,26-8016309924-2*17,0,Y,0,N,P,2,0,Northside,N,N,0,,,,,,,,,,,,Use Item Price,i,I,,0,+,,,,,,,,,,N,,0,,(UnAssigned),Y,N,,(UnAssigned),,,D,A,N,Y,N,,,0,0,0,0,0,0,P,,N,E,,N,N,E,,E,,N,E,,21,,8/14/2009 2:45:27 PM,CMS,1/19/2017 2:24:29 PM,PETE,N,10344
205954,PET WORLD,10400-13 SAN JOSE BLVD,,JACKSONVILLE,FL,32257,904-262-4646,904-262-6839,JEANNE,.,,,,,JEANNE,.,,,,,,FLORIDASALES,20,RANDY FRONTZ,0,(UNASSIGNED),DV,Duval County,N,,,(UnAssigned),CREDIT CARD,9/6/2013,500,,,0,0,0,0,0,0,0,Best Way,Destination,P,Y,,0,Y,0,N,P,5,0,Southside,N,N,0,,,,,,,,,,,,Use Item Price,i,I,,0,+,,,,,,,,,,N,,0,,(UnAssigned),Y,N,,(UnAssigned),,,E,I,N,Y,N,,,0,0,0,0,0,0,P,,N,E,,N,N,E,,E,,N,E,,21,,8/14/2009 2:45:28 PM,CMS,12/22/2010 12:46:57 PM,JACKIE,N,10345
205970,"POWER AND PUMPS, INC.",803 N. MYRTLE AVE,,JACKSONVILLE,FL,32204-1033,904-356-5881,904-356-8717,ANNETTE,TURNER,Aturner@POWERANDPUMPS.COM,,,,ANNETTE,TURNER,Aturner@POWERANDPUMPS.COM,,,,,FLORIDASALES,20,RANDY FRONTZ,0,(UNASSIGNED),DV,Duval County,N,,,(UnAssigned),NET 30,3/25/2026,500,,,1331.96,441.93,0,352.28,78.93,0,458.82,Best Way,Destination,P,Y,80-8012025015-0,0,Y,0,N,P,1,0,Downtown,N,Y,1,5970,"POWER AND PUMPS, INC.",803 NORTH MYRTLE AVENUE,"JACKSONVILLE, FL 32204",,,,,,,,Use Item Price,i,I,,0,+,,,,,,,,,,N,,0,,(UnAssigned),N,N,,(UnAssigned),,C,D,A,N,Y,N,,,0,0,0,0,0,0,M,ANNETTE,N,E,,N,N,E,,E,,N,E,,21,,8/14/2009 2:45:28 PM,CMS,6/30/2017 1:30:15 PM,PETE,N,10346
206010,RABIA TEMPLE #8,,3707 N. LIBERTY ST.,JACKSONVILLE,FL.,32206,904-634-1164,,EDDIE,TAYLOR,,,,,EDDIE,TAYLOR,,,,,,FLORIDASALES,20,RANDY FRONTZ,0,(UNASSIGNED),DV,Duval County,N,,,(UnAssigned),C.O.D,1/18/2008,0,,,0,0,0,0,0,0,0,Best Way,Destination,P,Y,,0,Y,0,N,P,0,0,(UnAssigned),N,N,0,,,,,,,,,,,,Use Item Price,i,I,,0,+,,,,,,,,,,N,,0,,(UnAssigned),Y,N,,(UnAssigned),,,E,I,N,Y,N,,,0,0,0,0,0,0,P,,N,E,,N,N,E,,E,,N,E,,21,,8/14/2009 2:45:28 PM,CMS,,,N,10348
206210,PHILADELPHIA BAPTIST,CHURCH,5577 MONCRIEF ROAD,JACKSONVILLE,FL,32209,904-768-0161,,Mrs.,English,,,,,Mrs.,English,,,,,,FLORIDASALES,20,RANDY FRONTZ,0,(UNASSIGNED),DV,Duval County,N,,,(UnAssigned),NET 30,2/13/2026,500,,,61.98,0,0,0,0,0,61.98,Best Way,Destination,P,N,85-8012508415C-5,0,Y,0,N,P,1,0,Downtown,N,N,0,,,,,,,,,,,,Use Item Price,i,I,,0,+,,,,,,CALL MRS ENGLISH 904-655-8785,,WHEN DELIVERING!!!,,N,,0,,(UnAssigned),Y,N,,(UnAssigned),,C,D,I,N,Y,N,,,0,0,0,0,0,0,P,,N,E,,N,N,E,,E,,N,E,,21,,8/14/2009 2:45:29 PM,CMS,9/13/2021 8:52:19 AM,NATE,N,10349
206250,PLANT RANCH NURSERY,,14108 BEACH BOULEVARD,JACKSONVILLE,FL,32250,904-223-4546,904-223-5475,BARBARA,BAKER,plantranchnursery@msn.com,,,,BARBARA,BAKER,plantranchnursery@msn.com,,,,,FLORIDASALES,20,RANDY FRONTZ,0,(UNASSIGNED),DV,Duval County,N,,,(UnAssigned),NET 30,4/15/2026,500,,,373.97,373.97,0,0,0,0,0,Best Way,Destination,P,Y,,0,Y,0,N,P,5,0,Southside,N,N,0,,,,,,,,,,,,Use Item Price,i,I,,0,+,,,,,,,,,,N,,0,,(UnAssigned),Y,N,,(UnAssigned),,C,D,A,N,Y,N,,,0,0,0,0,0,0,P,BARBARA,N,E,,N,N,E,,E,,N,E,,21,,8/14/2009 2:45:29 PM,CMS,8/8/2017 10:42:32 AM,PETE,N,10350
206490,REGIONAL OBSTETRICS,CONSULTANTS,836 PRUDENTIAL DR ST#1800,JACKSONVILLE,FL,32207,904-398-7684,904-398-4998,DIANE,.,,,,,DIANE,.,,,,,,FLORIDASALES,20,RANDY FRONTZ,0,(UNASSIGNED),DV,Duval County,N,,,(UnAssigned),NET 30,9/9/2015,500,,,0,0,0,0,0,0,0,Best Way,Destination,P,Y,,0,Y,0,N,P,0,0,(UnAssigned),N,N,0,,,,,,,,,,,,Use Item Price,i,I,,0,+,,,,,,,,,,N,,0,,(UnAssigned),Y,N,,(UnAssigned),,,E,I,N,Y,N,,,0,0,0,0,0,0,M,REBECCA,N,E,,N,N,E,,E,,N,E,,21,,8/14/2009 2:45:29 PM,CMS,5/4/2015 10:37:29 AM,STEVE,N,10352
206520,RENFROE J. C & SONS,1926 SPEARING STREET,,JACKSONVILLE,FL,32206,904-356-4181,904-354-7865,LEROY,SMITH,,,,,LEROY,SMITH,,,,,,FLORIDASALES,51,RANDY FRONTZ,0,(UNASSIGNED),DV,Duval County,N,,,(UnAssigned),NET 30,9/4/2008,1000,,,0,0,0,0,0,0,0,Best Way,Destination,P,Y,,0,Y,0,N,P,1,0,Downtown,N,N,0,,,,,,,,,,,,Use Item Price,i,I,,0,+,,,,,,,,,,N,,0,,(UnAssigned),Y,N,,(UnAssigned),,,E,I,N,Y,N,,,0,0,0,0,0,0,P,,N,E,,N,N,E,,E,,N,E,,21,,8/14/2009 2:45:30 PM,CMS,1/26/2015 11:19:45 AM,BRITTANY,N,10353
206600,RITE-WAY LAUNDRY,,2210 PHOENIX AVENUE,JACKSONVILLE,FL,32206,904-353-7487,,ROMANA/GREG,.,,,,,ROMANA/GREG,.,,,,,,FLORIDASALES,20,RANDY FRONTZ,0,(UNASSIGNED),DV,Duval County,N,,,(UnAssigned),NET 30,5/21/2014,200,,,0,0,0,0,0,0,0,Best Way,Destination,P,Y,,0,Y,0,N,P,0,0,(UnAssigned),N,N,0,,,,,,,,,,,,Use Item Price,i,I,,0,+,,,,,,,,,,N,,0,,(UnAssigned),Y,N,,(UnAssigned),,,E,I,N,Y,N,,,0,0,0,0,0,0,P,,N,E,,N,N,E,,E,,N,E,,21,,8/14/2009 2:45:30 PM,CMS,4/23/2012 2:43:31 PM,JACKIE,N,10354
206709,REGIONS BANK,ATTN: SHERRI JOHNSON,51 WEST BAY STREET,JACKSONVILLE,FL,32202,904-281-7654,,SHERRI,JOHNSON,,,,,SHERRI,JOHNSON,,,,,,FLORIDASALES,20,RANDY FRONTZ,0,(UNASSIGNED),DV,Duval County,N,,,(UnAssigned),NET 30,11/15/2007,5000,,,0,0,0,0,0,0,0,Best Way,Destination,P,Y,,0,Y,0,N,P,0,0,(UnAssigned),N,Y,1,6710,RIVERSIDE AVONDALE PRES.,2623 HERSCHEL STREET,"JACKSONVILLE, FL 32204",,,,BONNIE GRISSETT,,,,Use Item Price,i,I,,0,+,,,,,,,,,,N,,0,,(UnAssigned),Y,N,,(UnAssigned),,,E,I,N,Y,N,,,0,0,0,0,0,0,P,,N,E,,N,N,E,,E,,N,E,,21,,8/14/2009 2:45:30 PM,CMS,,,N,10355
206710,RIVERSIDE AVONDALE PRES.,KEVIN QUZELL    EXE. DIR.,2623 HERSCHEL STREET,JACKSONVILLE,FL,32204,904-389-2449,904-389-0431,KEVIN,KUZEL,CKUZEL@AOL.COM,,,,KEVIN,KUZEL,CKUZEL@AOL.COM,,,,,FLORIDASALES,20,RANDY FRONTZ,0,(UNASSIGNED),DV,Duval County,N,,,(UnAssigned),NET 30,11/7/2017,2000,,,0,0,0,0,0,0,0,Best Way,Destination,P,N,85-8012669068C-3,0,Y,0,N,P,7,0,Westside,N,Y,3,6711,RIVERSIDE AVONDALE PRESERVATION,2623 HERSCHEL STREET,,JACKSONVILLE,FL,32204,KEITH HOLT 904-318-8750,,,,Use Item Price,i,I,,0,+,,,,,,,,,,N,,0,,(UnAssigned),Y,N,,(UnAssigned),,,E,I,N,Y,N,,,0,0,0,0,0,0,M,CRYSTAL,N,E,,N,N,E,,E,,N,E,,21,,8/14/2009 2:45:30 PM,CMS,12/1/2015 9:30:44 AM,STEVE,N,10356
206715,ROBINSON TAPE AND LABEL,4818 VICTOR STREET,,JACKSONVILLE,FL,32207,904-731-2001,904-737-4416,,,,,,,,,,,,,,FLORIDASALES,20,RANDY FRONTZ,0,(UNASSIGNED),DV,Duval County,N,,,(UnAssigned),CREDIT CARD,2/6/2007,500,,,0,0,0,0,0,0,0,Best Way,Destination,P,N,26-8011932556-2,0,Y,0,N,P,0,0,(UnAssigned),N,N,0,,,,,,,,,,,,Use Item Price,i,I,,0,+,,,,,,,,,,N,,0,,(UnAssigned),Y,N,,(UnAssigned),,,E,I,N,Y,N,,,0,0,0,0,0,0,P,,N,E,,N,N,E,,E,,N,E,,22,,8/14/2009 2:45:31 PM,CMS,8/25/2009 1:25:44 PM,JACKIE,N,10357
206765,SECOND BAPTIST  CHURCH,954 KING ROAD,,JACKSONVILLE,FL,32204,904-354-8268,904-354-4966,JOHN,KNIGHT,,,,,JOHN,KNIGHT,,,,,,FLORIDASALES,50,RANDY FRONTZ,0,(UNASSIGNED),DV,Duval County,N,,,(UnAssigned),NET 10,9/28/2022,500,,,0,0,0,0,0,0,0,Best Way,Destination,P,N,85-8012530652C-7,0,Y,0,N,P,1,0,Downtown,N,N,0,,,,,,,,,,,,Use Item Price,i,I,,0,+,"DELIVER TU,WED THU",,,,,,,,,N,,0,,(UnAssigned),Y,N,,(UnAssigned),,C,E,A,N,Y,N,,,0,0,0,0,0,0,P,FREDDIE,N,E,,N,Y,E,SOPHONIA,E,,N,E,,21,,8/14/2009 2:45:31 PM,CMS,10/2/2017 2:26:01 PM,PETE,N,10358
206820,SHILOH METROPOLITAN,BAPTIST CHURCH,1118 WEST BEAVER STREET,JACKSONVILLE,FL,32209,904-353-8829,904-353-2015,BOBBY,CRUMBLY,,,,,BOBBY,CRUMBLY,,,,,,FLORIDASALES,20,RANDY FRONTZ,0,(UNASSIGNED),DV,Duval County,N,,,(UnAssigned),C.O.D,12/5/2008,1000,,,0,0,0,0,0,0,0,Best Way,Destination,P,N,26-08-107470-55C,0,Y,0,N,P,1,0,Downtown,N,N,0,,,,,,,,,,,,Use Item Price,i,I,,0,+,,,,,,,,,,N,,0,,(UnAssigned),Y,N,,(UnAssigned),,,E,I,N,Y,N,,,0,0,0,0,0,0,M,AR,N,E,,N,N,E,,E,,N,E,,21,,8/14/2009 2:45:31 PM,CMS,9/28/2009 2:19:52 PM,JOHN,N,10359
207038,ST. LUKE'S BAPTIST CHURCH,MRS. E. WESLEY,742 FRANKLIN STREET,JACKSONVILLE,FL,32202,904-355-9258,,FINANCE,DEPT.,,,,,FINANCE,DEPT.,,,,,,FLORIDASALES,20,RANDY FRONTZ,0,(UNASSIGNED),DV,Duval County,N,,,(UnAssigned),NET 30,10/30/2025,200,,,21.66,0,0,0,0,0,21.66,Best Way,Destination,P,N,85-8012580856C-6 *16,0,Y,0,N,P,1,0,Downtown,N,Y,2,7039,ST. LUKE'S BAPTIST CHURCH,,742 FRANKLIN STREET,JACKSONVILLE,FL,32202,,,,,Use Item Price,i,I,,0,+,,,,,,,,,,N,,0,,(UnAssigned),Y,N,,(UnAssigned),,C,D,I,N,Y,N,,,0,0,0,0,0,0,P,,N,E,,N,N,E,,E,,N,E,,21,,8/14/2009 2:45:31 PM,CMS,11/15/2019 8:50:21 AM,RANDY,N,10360
207040,ST. PAUL AME CHURCH,6910 NEW KINGS ROAD,,JACKSONVILLE,FL,32219,904-764-2755,904-768-8552,DEBORAH,HARRIS,dharris@stpaulamejax.com,DEBORAH,HARRIS,dharris@stpaulamejax.com,DEBORAH,HARRIS,dharris@stpaulamejax.com,,,,,FLORIDASALES,20,RANDY FRONTZ,0,(UNASSIGNED),DV,Duval County,N,,,(UnAssigned),NET 30,2/3/2026,500,,,-202.74,-202.74,0,0,0,0,0,Best Way,Destination,P,N,85-8012669020C-1,0,Y,0,N,F,2,0,Northside,N,N,0,,,,,,,,,,,,Use Item Price,i,I,,0,+,,,,paper invoice to be mailed,,,,,,N,,0,,(UnAssigned),Y,N,,(UnAssigned),Y,B,C,A,N,Y,N,,,0,0,0,0,0,0,P,DEBORAH,Y,E,DEBORAH,N,Y,E,ACCOUNTS,E,,N,E,,21,,8/14/2009 2:45:32 PM,CMS,5/8/2025 9:27:05 AM,NATE,N,10361
207160,ST. STEPHENS AME CHURCH,,913 WEST 5TH STREET,JACKSONVILLE,FL,32209,904-358-2399,904-359-0055,MR.,MAJOR,,,,,MR.,MAJOR,,,,,,FLORIDASALES,20,RANDY FRONTZ,0,(UNASSIGNED),DV,Duval County,N,,,(UnAssigned),NET 30,4/10/2013,500,,,0,0,0,0,0,0,0,Best Way,Destination,P,N,85-8012668786C-1,0,Y,0,N,P,1,0,Downtown,N,N,0,,,,,,,,,,,,Use Item Price,i,I,,0,+,,,,,,,,,,N,,0,,(UnAssigned),N,N,,(UnAssigned),Y,B,E,I,N,Y,N,,,0,0,0,0,0,0,P,,N,E,,N,N,E,,E,,N,E,,21,,8/14/2009 2:45:32 PM,CMS,12/1/2011 1:54:37 PM,JACKIE,N,10362
207170,THE CHILD LEARNING CENTER,C/O ST STEPHEN AME CHURCH,913 WEST 5TH STREET,JACKSONVILLE,FL,32209,904-358-2799,904-359-0055,GLORIA,.,,,,,GLORIA,.,,,,,,FLORIDASALES,20,RANDY FRONTZ,0,(UNASSIGNED),DV,Duval County,N,,,(UnAssigned),NET 30,7/27/2012,500,,,0,0,0,0,0,0,0,Best Way,Destination,P,N,85-8012668786C-1,0,Y,0,N,P,1,0,Downtown,N,Y,1,7170,THE CHILD CARE LEARNING,CENTER,1525 NORTH DAVIS STREET,"JACKSONVILLE,FL",,32209,,,,,Use Item Price,i,I,,0,+,,,,,,,,,,N,,0,,(UnAssigned),N,N,,(UnAssigned),Y,B,E,I,N,Y,N,,,0,0,0,0,0,0,P,,N,E,,N,N,E,,E,,N,E,,23,,8/14/2009 2:45:32 PM,CMS,8/12/2011 3:58:22 PM,JACKIE,N,10363
207260,SURFSIDE POOLS,,545 10th Street S,JAX BEACH,FL,32250,904-246-2666,904-249-8801,BETH,.,,,,,email/accounting,bills,susan@surfsidepools.net,,,,,FLORIDASALES,20,RANDY FRONTZ,0,(UNASSIGNED),DV,Duval County,N,,,(UnAssigned),NET 30,4/7/2026,200,,,186.31,186.31,0,0,0,0,0,Best Way,Destination,P,Y,,0,Y,0,N,P,3,0,Beaches,N,Y,1,7261,SURFSIDE POOLS,545 10th Street S,"JACKSONVILLE BEACH,",FL 32250,,,DENNY,,,,Use Item Price,i,I,,0,+,Customer wants hardcopy inv.,,,,,,,,,N,,0,,(UnAssigned),Y,N,,(UnAssigned),,,D,A,N,Y,N,,,0,0,0,0,0,0,M,email/accounting,N,E,,N,N,E,,E,,N,E,,21,,8/14/2009 2:45:32 PM,CMS,7/8/2021 11:04:41 AM,NATE,N,10364
207290,SWEETFIELD BAPTIST,CHURCH,1365 HARRISON STREET,JACKSONVILLE,FL,32206,904-355-4909 / 355-7220 LADY,904-355-7465,PASTOR,RUSS,,,,,PASTOR,RUSS,,,,,,FLORIDASALES,20,RANDY FRONTZ,0,(UNASSIGNED),DV,Duval County,N,,,(UnAssigned),NET 30,8/4/2022,350,,,60.1,0,0,0,0,0,60.1,Best Way,Destination,P,N,85-8012674500C-2 *16,0,Y,0,N,P,1,0,Downtown,N,N,0,,,,,,,,,,,,Use Item Price,i,I,,0,+,,,,,,LADY NEXT DOOR 355-7220,,,,N,,0,,(UnAssigned),Y,N,,(UnAssigned),,C,E,I,N,Y,N,,,0,0,0,0,0,0,P,,N,E,,N,N,E,,E,,N,E,,21,,8/14/2009 2:45:33 PM,CMS,4/10/2017 1:01:54 PM,DAVID,N,10365
207500,"RES-CARE, INC.",,1110 NORTHWEST 8TH AVENUE,GAINESVILLE,FL,32601,352-372-0130,904-372-8830,DEBBIE/IVY/ROSE,.,,,,,DEBBIE/IVY/ROSE,.,,,,,,FLORIDASALES,20,RANDY FRONTZ,0,(UNASSIGNED),AL,Alachua County,N,,,(UnAssigned),NET 30,,300,,,0,0,0,0,0,0,0,Best Way,Destination,P,Y,,0,Y,0,N,P,9,0,Macclenny,N,Y,3,6541,HIGH DESERT,11818 HIGH DESERT COURT,"JACKSONVILLE, FL",32218,,,,,,,Use Item Price,i,I,,0,+,,,,,,,,,,N,,0,,(UnAssigned),Y,N,,(UnAssigned),,,E,I,N,Y,N,,,0,0,0,0,0,0,P,,N,E,,Y,N,E,,E,,N,E,,21,,8/14/2009 2:45:33 PM,CMS,9/4/2009 12:48:35 PM,DAWN,N,10366
207630,THE GLASS BLOWER,C/O COASTAL GLASS,614 PECAN PARK ROAD,JACKSONVILLE,FL,32218,904-757-0017,CELL434-2367,LOIS,LAIDLAW,,,,,LOIS,LAIDLAW,,,,,,FLORIDASALES,20,RANDY FRONTZ,0,(UNASSIGNED),DV,Duval County,N,,,(UnAssigned),C.O.D,6/28/2011,0,,,0,0,0,0,0,0,0,Best Way,Destination,P,N,26-8012367642-9,0,Y,0,N,P,2,0,Northside,Y,N,0,,,,,,,,,,,,Use Item Price,i,I,,0,+,,,,,,,,,,N,,0,,(UnAssigned),Y,N,,(UnAssigned),,X,X,I,N,Y,N,,,0,0,0,0,0,0,P,,N,E,,N,N,E,,E,,N,E,,21,,8/14/2009 2:45:33 PM,CMS,1/4/2013 4:59:08 PM,RANDY,N,10367
207650,TOTAL PETS,,880 STATE RD A1A  #21,PONTE VEDRA BC,FL,32082,904-223-5700,904-00000000,DEBBIE,.,,,,,DEBBIE,.,,,,,,FLORIDASALES,20,RANDY FRONTZ,0,(UNASSIGNED),DV,Duval County,N,,,(UnAssigned),NET 30,,0,,,0,0,0,0,0,0,0,Best Way,Destination,P,Y,,0,Y,0,N,P,3,0,Beaches,N,Y,1,2082,TOTAL PET,,880 STATE ROAD A1A,PONTE VEDRA BCH,FL,32082,,,,,Use Item Price,i,I,,0,+,,,,,,,,,,N,,0,,(UnAssigned),Y,N,,(UnAssigned),,,E,I,N,Y,N,,,0,0,0,0,0,0,P,,N,E,,N,N,E,,E,,N,E,,21,,8/14/2009 2:45:34 PM,CMS,3/19/2010 9:39:29 AM,BEVERLY,N,10369
207680,THE LAKES CONDOMINIUMS,,6137 LAKE TAHOE DRIVE,JACKSONVILLE,FL,32256,904-278-9999,904-278-3171,MR.,PERRY,,,,,MR.,PERRY,,,,,,FLORIDASALES,20,RANDY FRONTZ,0,(UNASSIGNED),DV,Duval County,N,,,(UnAssigned),NET 30,,500,,,0,0,0,0,0,0,0,Best Way,Destination,P,Y,,0,Y,0,N,P,5,0,Southside,N,N,0,,,,,,,,,,,,Use Item Price,i,I,,0,+,,,,,,,,,,N,,0,,(UnAssigned),Y,N,,(UnAssigned),,,E,I,N,Y,N,,,0,0,0,0,0,0,P,,N,E,,N,N,E,,E,,N,E,,21,,8/14/2009 2:45:34 PM,CMS,9/4/2009 10:53:43 AM,DAWN,N,10370
207750,TIFFANY LAMPS,,3227 ATLANTIC BLVD,JACKSONVILLE,FL,32207,904-399-5606,904-396-8039,CLOSED  07,BILL,,,,,CLOSED  07,BILL,,,,,,FLORIDASALES,20,RANDY FRONTZ,0,(UNASSIGNED),DV,Duval County,N,,,(UnAssigned),C.O.D,5/21/2010,150,,,0,0,0,0,0,0,0,Best Way,Destination,P,N,26-8012248152-9,0,Y,0,N,P,5,0,Southside,N,N,0,,,,,,,,,,,,Use Item Price,i,I,,0,+,,,,,,,,,,N,,0,,(UnAssigned),Y,N,,(UnAssigned),,,E,I,N,Y,N,,,0,0,0,0,0,0,P,,N,E,,Y,N,E,,E,,N,E,,21,,8/14/2009 2:45:34 PM,CMS,10/24/2014 9:40:13 AM,BEVERLY,N,10371
207760,TRAILER LEASING INC,2733 PICKETVILLE ROAD,,JACKSONVILLE,FL,32220,904-389-6504,904-384-4578,ED,HUTCHINSON,ed@trailerleasingcompany.com,,,,ED,HUTCHINSON,ed@trailerleasingcompany.com,,,,,FLORIDASALES,100,RANDY FRONTZ,0,(UNASSIGNED),DV,Duval County,N,,,(UnAssigned),NET 30,4/6/2026,1000,,,570.59,570.59,0,0,0,0,0,Best Way,Destination,P,Y,26-8011968769-717,0,Y,0,N,E,7,0,Westside,Y,N,0,,,,,,,,,,,,Use Item Price,i,I,,0,+,,,,,,,,,,Y,,*MAIN,,(UnAssigned),Y,N,,(UnAssigned),,,D,A,N,Y,N,,,0,0,0,0,0,0,M,ED,N,E,,N,N,E,,E,,N,E,,21,,8/14/2009 2:45:35 PM,CMS,9/9/2025 12:12:35 PM,NATE,N,10372
207800,LEARNING TIME ACADEMY,,5301 RICKER ROAD,JACKSONVILLE,FL,32210,904-777-6201,904-777-6204,JEANIE,TEBBE,,,,,JEANIE,TEBBE,,,,,,FLORIDASALES,20,RANDY FRONTZ,0,(UNASSIGNED),DV,Duval County,N,,,(UnAssigned),NET 30,5/2/2007,500,,,0,0,0,0,0,0,0,Best Way,Destination,P,Y,,0,Y,0,N,P,0,0,(UnAssigned),N,N,0,,,,,,,,,,,,Use Item Price,i,I,,0,+,,,,,,,,,,N,,0,,(UnAssigned),Y,N,,(UnAssigned),,,E,I,N,Y,N,,,0,0,0,0,0,0,P,,N,E,,N,N,E,,E,,N,E,,21,,8/14/2009 2:45:35 PM,CMS,,,N,10373
207810,"VCM  SALES, INC.",1435 WEST CHURCH ST. #3,,JACKSONVILLE,FL,32204,904-475-1477,904-475-1475,STEVEN,HARTKEMEYER,,,,,STEVEN,HARTKEMEYER,,,,,,FLORIDASALES,20,RANDY FRONTZ,0,(UNASSIGNED),DV,Duval County,N,,,(UnAssigned),NET 30,8/9/2010,500,,,0,0,0,0,0,0,0,Best Way,Destination,P,Y,,0,Y,0,N,P,0,0,(UnAssigned),N,N,0,,,,,,,,,,,,Use Item Price,i,I,,0,+,,,,,,,,,,N,,0,,(UnAssigned),Y,N,,(UnAssigned),,,E,I,N,Y,N,,,0,0,0,0,0,0,P,,N,E,,N,N,E,,E,,N,E,,21,,8/14/2009 2:45:35 PM,CMS,,,N,10374
207820,VENETIA TERRACE BAPTIST,CHURCH,5284 118TH STREET,JACKSONVILLE,FL,32210,904-779-0171,904-00000000,LIBBY,STRICKLAND,,,,,LIBBY,STRICKLAND,,,,,,FLORIDASALES,20,RANDY FRONTZ,0,(UNASSIGNED),DV,Duval County,N,,,(UnAssigned),NET 30,1/14/2011,300,,,0,0,0,0,0,0,0,Best Way,Destination,P,N,85-8012530815C-8,0,Y,0,N,P,7,0,Westside,N,N,0,,,,,,,,,,,,Use Item Price,i,I,,0,+,,,,,,,,,,N,,0,,(UnAssigned),Y,N,,(UnAssigned),,,E,I,N,Y,N,,,0,0,0,0,0,0,P,,N,E,,N,N,E,,E,,N,E,,21,,8/14/2009 2:45:35 PM,CMS,11/19/2009 11:09:24 AM,BEVERLY,N,10375
208020,WESCONNETT BAPTIST,CHURCH,5711 WESCONNETT BLVD.,JACKSONVILLE,FL,32244,904-771-6068,904-772-8381,CHERYL,COHEN,,,,,CHERYL,COHEN,,,,,,FLORIDASALES,20,RANDY FRONTZ,0,(UNASSIGNED),EX,Tax Exempt,N,,,(UnAssigned),NET 30,4/13/2009,500,,,0,0,0,0,0,0,0,Best Way,Destination,P,N,85-8012503772C-2,0,Y,0,N,P,0,0,(UnAssigned),N,N,0,,,,,,,,,,,,Use Item Price,i,I,,0,+,,,,,,,,,,N,,0,,(UnAssigned),Y,N,,(UnAssigned),,,E,I,N,Y,N,,,0,0,0,0,0,0,P,,N,E,,N,N,E,,E,,N,E,,21,,8/14/2009 2:45:36 PM,CMS,,,N,10376
208027,WESLEY CHILD DEVELOPMENT,CENTER,1955 BROWARD ROAD,JACKSONVILLE,FL,32218,904-751-5324,904-751-5082,SELINA,.,,,,,SELINA,.,,,,,,FLORIDASALES,20,RANDY FRONTZ,0,(UNASSIGNED),DV,Duval County,N,,,(UnAssigned),NET 30,6/17/2011,1000,,,0,0,0,0,0,0,0,Best Way,Destination,P,N,26-00-107643-55C,0,Y,0,N,P,0,0,(UnAssigned),N,N,0,,,,,,,,,,,,Use Item Price,i,I,,0,+,,,,,,,,,,N,,0,,(UnAssigned),Y,N,,(UnAssigned),,,E,I,N,Y,N,,,0,0,0,0,0,0,P,,N,E,,N,N,E,,E,,N,E,,21,,8/14/2009 2:45:36 PM,CMS,7/22/2010 10:39:19 AM,RANDY,N,10377
208063,WESTMINSTER,PRESBYTERIAN CHURCH,3722 BELFORT ROAD,JACKSONVILLE,FL,32216,904-737-5133,904 619-9149,MARGO,.,wpcajax@gmail.com,MARGO,.,wpcajax@gmail.com,MARGO,.,wpcajax@gmail.com,,,,,FLORIDASALES,20,RANDY FRONTZ,0,(UNASSIGNED),DV,Duval County,N,,,(UnAssigned),NET 30,6/2/2022,200,,,0,0,0,0,0,0,0,Best Way,Destination,P,N,85-8012614394C-1,0,Y,0,N,P,5,0,Southside,N,N,0,,,,,,,,,,,,Use Item Price,i,I,,0,+,,,,,,HOURS ARE 8:00-3:00 M-F,,,,N,,0,,(UnAssigned),Y,N,,(UnAssigned),,,E,I,N,Y,N,,,0,0,0,0,0,0,M,MARGO,N,E,,N,N,E,,E,,N,E,,21,,8/14/2009 2:45:36 PM,CMS,4/12/2021 7:59:14 AM,NATE,N,10378
208087,WESTSIDE CHURCH OF CHRIST,,23 WEST 8TH STREET,JACKSONVILLE,FL,32206,904-353-5063,904-355-5504,TINA,LOGAN,,,,,TINA,LOGAN,,,,,,FLORIDASALES,20,RANDY FRONTZ,0,(UNASSIGNED),DV,Duval County,N,,,(UnAssigned),NET 30,9/19/2014,350,,,0,0,0,0,0,0,0,Best Way,Destination,P,N,85-8012613969C-0,0,Y,0,N,P,0,0,(UnAssigned),N,Y,1,8087,WESTSIDE CHURCH OF CHRIST,,,,,,,,,,Use Item Price,i,I,,0,+,"DELIVER IN THE AFTERNOON, DO",NOT DELIVER TO DAYCARE,,,,,,,,N,,0,,(UnAssigned),Y,N,,(UnAssigned),,C,E,I,N,Y,N,,,0,0,0,0,0,0,P,LINDA,N,E,,N,N,E,,E,,N,E,,21,,8/14/2009 2:45:37 PM,CMS,11/11/2014 10:40:10 AM,STEVE,N,10379
208088,WESTSIDE MINISTRIES CORP.,EARLY LEARNING CENTER,20 WEST 8TH STREET,JACKSONVILLE,FL,32206,904-350-1126,904-350-1181,CATHERINE,GRIFFIN,,OUT OF BUSINESS,.,,CATHERINE,GRIFFIN,,,,,,FLORIDASALES,20,RANDY FRONTZ,0,(UNASSIGNED),DV,Duval County,N,,,(UnAssigned),NET 30,11/23/2009,2000,,,0,0,0,0,0,0,0,Best Way,Destination,P,N,,0,Y,0,N,P,1,0,Downtown,N,N,0,,,,,,,,,,,,Use Item Price,i,I,,0,+,,,,,,,,,,N,,0,,(UnAssigned),Y,N,,(UnAssigned),,C,E,I,N,Y,N,,,0,0,0,0,0,0,P,,N,E,,N,N,E,,E,,N,E,,21,,8/14/2009 2:45:37 PM,CMS,3/27/2014 12:17:44 PM,JOHN,N,10380
208100,WOODSTOCK BAPTIST CHURCH,,9120 CRYSTAL SPRINGS ROAD,JACKSONVILLE,FL,32221,904-781-2991,904-781-3647,CHERYL,WILLIS,,,,,CHERYL,WILLIS,,,,,,FLORIDASALES,77,ROBIN FRONTZ-new,0,(UNASSIGNED),EX,Tax Exempt,N,,,(UnAssigned),NET 10,10/13/2011,1000,,,0,0,0,0,0,0,0,Best Way,Destination,P,N,26-00-107439-55C,0,Y,0,N,P,7,0,Westside,N,N,0,,,,,,,,,,,,Use Item Price,i,I,,0,+,,,,,,,,,,N,,0,,(UnAssigned),Y,N,,(UnAssigned),,,E,I,N,Y,N,,,0,0,0,0,0,0,F,CHERYL,N,E,,N,N,E,,E,,N,E,,21,,8/14/2009 2:45:37 PM,CMS,11/8/2018 11:03:59 AM,RANDY,N,10381
208375,ZION HOPE BAPTIST,CHURCH,2803 W. EDGEWOOD AVE,JACKSONVILLE,FL.,32209,904-764-9353,904-764-3522,W.,MASON,,,,,W.,MASON,,,,,,FLORIDASALES,20,RANDY FRONTZ,0,(UNASSIGNED),DV,Duval County,N,,,(UnAssigned),NET 30,1/24/2019,750,,,0,0,0,0,0,0,0,Best Way,Destination,P,N,85-8012674177C-2,0,Y,0,N,P,1,0,Downtown,N,N,0,,,,,,,,,,,,Use Item Price,i,I,,0,+,,,,,,,,,,N,,0,,(UnAssigned),Y,N,,(UnAssigned),,,E,I,N,Y,N,,,0,0,0,0,0,0,P,,N,E,,N,N,E,,E,,N,E,,21,,8/14/2009 2:45:37 PM,CMS,11/20/2015 10:00:50 AM,STEVE,N,10382
300170,"ANHEUSER BUSCH,INC.",111 BUSCH DRIVE,,JACKSONVILLE,FL,32218,904-751-8186,904-751-8228,JULIE,ROYAL,,,,,JULIE,ROYAL,,,,,,FLORIDASALES,32,John Russell,0,(UNASSIGNED),DV,Duval County,N,,,(UnAssigned),NET 30,9/4/2018,10000,,,0,0,0,0,0,0,0,Best Way,Destination,P,Y,26-8012444506-2,0,Y,0,N,N,2,0,Northside,N,Y,1,171,ANHEUSER BUSCH INC.,111 BUSCH DRIVE,"JACKSONVILLE,FL  32218",,,,JULIE ROYAL,,,,Use Item Price,i,I,,0,+,,,,,,,,,N,N,,0,,(UnAssigned),Y,N,,(UnAssigned),,,E,I,Y,Y,N,,,0,0,0,0,0,0,P,,N,E,,N,N,E,,E,,N,E,,37,,8/14/2009 2:45:38 PM,CMS,6/21/2017 8:17:42 AM,DAVID,N,10383
300780,BELLINGHAM MARINE,1813 DENNIS STREET,,JACKSONVILLE,FL,32204,904-879-4822,904-879-4131,ASHLI,LEETE,accountspayable@bellingham-marine.com,ASHLI,LEETE,accountspayable@bellingham-marine.com,ASHLI,LEETE,accountspayable@bellingham-marine.com,,,,,FLORIDASALES,100,RANDY FRONTZ,0,(UNASSIGNED),DV,Duval County,N,,,(UnAssigned),NET 30,8/16/2022,1000,,,0,0,0,0,0,0,0,OT,Destination,P,Y,,0,Y,0,N,P,2,0,Northside,N,Y,2,780,BELLINGHAM MARINE,541174 US HWY 1,"CALLAHAN, FL 32011",904-879-4822,,,DALE ZWIERS,,,,30% Profit Margin,p30,P,,30,+,,,,,,,,,,N,,0,,(UnAssigned),N,N,,(UnAssigned),Y,B,E,I,N,Y,N,,,0,0,0,0,0,0,M,ASHLI,N,E,,N,N,E,,E,,N,E,,31,,8/14/2009 2:45:38 PM,CMS,6/13/2024 11:24:31 AM,NATE,N,10384
300798,"BLAIR MACHINE & TOOL, INC",,8665 PHILIPS HIGHWAY,JACKSONVILLE,FL,32256,904-731-4377,904-733-7150,ED,BLAIR,,,,,ED,BLAIR,,,,,,FLORIDASALES,32,John Russell,0,(UNASSIGNED),DV,Duval County,N,,,(UnAssigned),NET 30,10/25/2017,1000,,,0,0,0,0,0,0,0,Best Way,Destination,P,Y,,0,Y,0,N,P,0,0,(UnAssigned),N,N,0,,,,,,,,,,,,Use Item Price,i,I,,0,+,,,,,,CLOSED ON FRIDAY.,MON THRU 730-530,,,N,,0,,(UnAssigned),Y,N,,(UnAssigned),,,E,I,N,Y,N,,,0,0,0,0,0,0,M,JAN,N,E,,N,N,E,,E,,N,E,,33,,8/14/2009 2:45:38 PM,CMS,10/1/2015 9:07:33 AM,STEVE,N,10385
300880,B.F.E./BRAKE-FUNDERBURKE ENTERPRISE,8383 BAYCENTER ROAD,,JACKSONVILLE,FL,32256,904-730-6788,904-730-6775,SCOTT,MAYCOTT,scottmaycott@bfeinc.net,,,,SCOTT,MAYCOTT,scottmaycott@bfeinc.net,,,,,FLORIDASALES,51,RANDY FRONTZ,0,(UNASSIGNED),DV,Duval County,N,,,(UnAssigned),NET 30,2/3/2026,9000,,,270.98,0,0,0,126.81,0,144.17,Best Way,Destination,P,Y,26-8012723897-3 *17,0,Y,0,N,P,5,0,Southside,N,Y,1,7,B.F.E./BRAKE-FUNDERBURKE ENTERPRISE,8383 BAYCENTER ROAD,,,,,,,,,30% Profit Margin,p30,P,,30,+,,,,,,,,,,N,,0,,(UnAssigned),Y,N,,(UnAssigned),,C,D,A,N,Y,N,,,0,0,0,0,0,0,M,PUCHASING,N,E,,Y,N,E,,E,,N,E,,33,,8/14/2009 2:45:38 PM,CMS,6/13/2024 11:23:16 AM,NATE,N,10386
301025,CLEAR IMAGE PRINTING,9105 LEM TURNER RD,,JACKSONVILLE,FL,32208,904-766-1860,904-,LEON,GILBERT,,,,,LEON,GILBERT,,,,,,FLORIDASALES,32,John Russell,0,(UNASSIGNED),DV,Duval County,N,,,(UnAssigned),NET 30,11/9/2009,500,,,0,0,0,0,0,0,0,Best Way,Destination,P,Y,,0,Y,0,N,P,0,0,(UnAssigned),N,N,0,,,,,,,,,,,,Use Item Price,i,I,,0,+,,,,,,,,,,N,,0,,(UnAssigned),Y,N,,(UnAssigned),,,E,I,N,Y,N,,,0,0,0,0,0,0,P,,N,E,,N,N,E,,E,,N,E,,37,,8/14/2009 2:45:39 PM,CMS,2/8/2012 10:15:33 AM,RANDY,N,10387
301175,ANHEUSER BUSCH INC.,1 BUSCH PLACE,,ST. LOUIS,MO,63118,314-589-7904,314-632-5969,,,,,,,,,,,,,,FLORIDASALES,32,John Russell,0,(UNASSIGNED),DV,Duval County,N,,,(UnAssigned),NET 120,4/1/2016,50000,,,0,0,0,0,0,0,0,Best Way,Destination,P,N,26-08-040081-64,0,Y,0,N,N,13,0,Miscellaneous,N,Y,12,1176,ANHEUSER BUSCH INC.,111 BUSCH DRIVE,"JACKSONVILLE,FL 32218",,,,,,,,Use Item Price,i,I,,0,+,,,,DO NOT SEND INVOICE,,,,,N,Y,,0,,(UnAssigned),N,N,,(UnAssigned),Y,A,E,I,Y,Y,N,,,0,0,0,0,0,0,M,steve,N,E,,N,N,E,,E,,N,E,,37,,8/14/2009 2:45:39 PM,CMS,5/1/2015 8:53:19 AM,STEVE,N,10388
301176,METAL CONTAINER CORP.,% ANHEUSER-BUSCH CO.,P.O.BOX 1860,ST. LOUIS,MO,63118,314-589-5652,314-632-5997,GENE,KRUS,,,,,GENE,KRUS,,,,,,FLORIDASALES,32,John Russell,0,(UNASSIGNED),AL,Alachua County,N,,,(UnAssigned),NET 30,8/10/2009,500,,,0,0,0,0,0,0,0,Best Way,Destination,P,Y,,0,Y,0,N,P,9,0,Macclenny,N,Y,4,1176,GAINESVILLE LID PLANT,5909 NORTHWEST 18TH DRIVE,"GAINESVILLE, FL 32653",,,,,,,,Use Item Price,i,I,,0,+,,,,,,,,,,N,,0,,(UnAssigned),Y,N,,(UnAssigned),,,E,I,N,Y,N,,,0,0,0,0,0,0,P,,N,E,,N,N,E,,E,,N,E,,37,,8/14/2009 2:45:39 PM,CMS,2/8/2012 10:15:53 AM,RANDY,N,10389
309000,SHERROD VANS,3151 INDUSTRIAL BLVD.,,WAYCROSS,GA,31503,912-490-1210,912-490-1212,JERRY,SHERROD,,,,,JERRY,SHERROD,,,,,,FLORIDASALES,32,John Russell,0,(UNASSIGNED),DV,Duval County,N,,,(UnAssigned),NET 30,8/25/2008,30000,,,0,0,0,0,0,0,0,Best Way,Destination,P,Y,26-08-126090-26-4,0,Y,0,N,P,13,0,Miscellaneous,N,Y,1,9000,SHERROD VANS,3151 INDUSTRIAL BLVD,"WAYCROSS, GA 31503",,,,,,,,Use Item Price,i,I,,0,+,,,,,,,,,Y,N,,0,,(UnAssigned),Y,N,,(UnAssigned),,X,X,I,N,Y,N,,,0,0,0,0,0,0,P,,N,E,,N,N,E,,E,,N,E,,33,,8/14/2009 2:45:39 PM,CMS,6/18/2018 11:20:28 AM,BRITTANY,N,10390
350100,SHILOH MISSIONARY BAPTIST,1055 COUNTY ROAD 226,,GREEN COVE SPG,FL,32043,904-284-9044,904-387-3449,ROBIN,CARTER,rcarter@coolair.com,,,,ROBIN,CARTER,rcarter@coolair.com,,,,,FLORIDASALES,20,RANDY FRONTZ,0,(UNASSIGNED),DV,Duval County,N,,,(UnAssigned),NET 30,12/14/2010,500,,,0,0,0,0,0,0,0,Best Way,Destination,P,N,20-00-011119-55C,0,Y,0,N,P,0,0,(UnAssigned),N,Y,1,100,AMERICAN COOLAIR,3604 MAYFLOWER ST.,"JACKSONVILLE, FL 32205",,,,,,,,Use Item Price,i,I,,0,+,,,,,,,,,,N,,0,,(UnAssigned),Y,N,,(UnAssigned),,,E,I,N,Y,N,,,0,0,0,0,0,0,P,,N,E,,N,N,E,,E,,N,E,,21,,8/14/2009 2:45:40 PM,CMS,2/23/2011 2:26:39 PM,JACKIE,N,10391
350321,ESCALADE SPORTS/BEAR SPORTS,P.O. BOX 889,,EVANSVILLE,IN,47706,1-352-240-0042,1-352-376-6115,GARY,WILLIAMS,GWILLIAMS@BEARARCHERYPRODUCTS.COM,,,,GARY,WILLIAMS,GWILLIAMS@BEARARCHERYPRODUCTS.COM,,,,,FLORIDASALES,10,Randy Frontz,0,(UNASSIGNED),AL,Alachua County,N,,,(UnAssigned),NET 30,4/27/2015,500,,,0,0,0,0,0,0,0,UPS,Destination,P,N,11-801852432-7 *16,0,Y,0,N,P,14,0,UPS,N,Y,1,321,ESCALADE SPORTS,4600 S.W. 41ST BLVD,,"GAINESVILLE,",FL,32608,,,,,Use Item Price,i,I,,0,+,,,,,,UPS #367524,,,,N,,0,,(UnAssigned),N,N,,(UnAssigned),,,E,I,N,Y,N,,,0,0,0,0,0,0,P,,N,E,,N,N,E,,E,,N,E,,91,,8/14/2009 2:45:40 PM,CMS,6/21/2017 11:24:55 AM,DAVID,N,10392
350865,"BRONZ GLOW TECHNOLOGIES,",INC.,175 BRONZ-GLOW WAY,ST. AUGUSTINE,FL,32095,904-825-0175,904-825-0122,STACI,JENKINS,STACI.JENKINS@BRONZ-GLOW.COM,,,,STACI,JENKINS,STACI.JENKINS@BRONZ-GLOW.COM,,,,,FLORIDASALES,10,Randy Frontz,0,(UNASSIGNED),EX,Tax Exempt,N,,,(UnAssigned),NET 30,8/6/2015,2000,,,0,0,0,0,0,0,0,Best Way,Destination,P,N,65-8011932658-2 *16,0,Y,0,N,P,8,0,St Augustine,N,Y,1,865,BRONZ GLOW TECHNOLOGIES,1850 WAMBOLT STREET,"JACKSONVILLE, FL 32202",,,,,,,,Use Item Price,i,I,,0,+,,,,,,,,,,N,,0,,(UnAssigned),Y,N,,(UnAssigned),,C,E,I,N,Y,N,,,0,0,0,0,0,0,M,STACI,N,E,,N,N,E,,E,,N,E,,11,,8/14/2009 2:45:40 PM,CMS,1/13/2016 11:33:52 AM,STEVE,N,10393
351470,DEPARTMENT OF THE ARMY &,AIR FORCE NGB,189 MARINE STREET,ST AUGUSTINE,FL,32084,904-682-3341,904-682-3339,NADINE,TANNER,,,,,NADINE,TANNER,,,,,,FLORIDASALES,10,Randy Frontz,0,(UNASSIGNED),BR,Bradford County,N,,,(UnAssigned),NET 30,1/11/2007,1000,,,0,0,0,0,0,0,0,Best Way,Destination,P,N,65-00-012027-51C,0,Y,0,N,P,11,0,Starke,N,Y,1,1470,COMBINED SUPPORT MTC SHOP,5629 STATE ROAD 16 WEST,BLDG 4100,STARKE,FL,32091,,,,,Use Item Price,i,I,,0,+,,,,,,,,,,N,,0,,(UnAssigned),Y,N,,(UnAssigned),,,E,I,N,Y,N,,,0,0,0,0,0,0,P,,N,E,,N,N,E,,E,,N,E,,11,,8/14/2009 2:45:41 PM,CMS,,,N,10394
351471,CAMP BLANDING JOINT T.C.,5629 STATE ROAD 16 WEST,BUILDING 2300,STARKE,FL,32091,904-682-3294,904-682-2125,MARVIN,EVANS,Marvin.Evans@fl.ngb.army.mil,,,,MARVIN,EVANS,Marvin.Evans@fl.ngb.army.mil,,,,,FLORIDASALES,10,Randy Frontz,0,(UNASSIGNED),BR,Bradford County,N,,,(UnAssigned),NET 30,8/13/2012,500,,,0,0,0,0,0,0,0,Best Way,Destination,P,N,65-06-011649-52C,0,Y,0,N,P,11,0,Starke,N,Y,5,1472,CAMP BLANDING JOINT T.C.,5629 STATE ROAD 16 WEST,BUILDING 3002,"STARKE,",FL,32091,MERI NORMAN,,,,Use Item Price,i,I,,0,+,,,,,,,,,,N,,0,,(UnAssigned),N,N,,(UnAssigned),Y,B,E,I,N,Y,N,,,0,0,0,0,0,0,P,,N,E,,N,N,E,,E,,N,E,,11,,8/14/2009 2:45:41 PM,CMS,3/17/2010 2:04:03 PM,JACKIE,N,10395
351472,CAMP BLANDING-CUSTOD SVC.,5629 STATE ROAD 16 WEST,BUILDING 2067,STARKE,FL,32091,904-682-3455,904-682-3339,GEORGE,BAILEY,,,,,GEORGE,BAILEY,,,,,,FLORIDASALES,10,Randy Frontz,0,(UNASSIGNED),BR,Bradford County,N,,,(UnAssigned),CREDIT CARD,7/3/2007,3000,,,0,0,0,0,0,0,0,Best Way,Destination,P,N,65-06-011649-52C,0,Y,0,N,P,11,0,Starke,N,N,0,,,,,,,,,,,,Use Item Price,i,I,,0,+,,,,,,,,,,N,,0,,(UnAssigned),Y,N,,(UnAssigned),,,E,I,N,Y,N,,,0,0,0,0,0,0,P,,N,E,,N,N,E,,E,,N,E,,11,,8/14/2009 2:45:41 PM,CMS,,,N,10396
355505,ORANGE PARK CHRISTIAN CENTER,530 MADIERA DRIVE,,ORANGE PARK,FL,32073,904-215-2220,904-215-8839,REGINA,PENN,,,,,REGINA,PENN,,,,,,FLORIDASALES,50,RANDY FRONTZ,0,(UNASSIGNED),DV,Duval County,N,,,(UnAssigned),2% 10 NET 30,7/14/2017,1000,,,0,0,0,0,0,0,0,Best Way,Destination,P,N,85-8012623867C-2,0,Y,0,N,P,6,0,Orange Park,N,N,0,,,,,,,,,,,,Use Item Price,i,I,,0,+,,,,,,DELIVERY FOR TUES OR WED,AM USE SMALL PARKING LOT,,Y,N,,0,,(UnAssigned),Y,N,,(UnAssigned),,C,E,I,N,Y,N,,,0,0,0,0,0,0,P,,N,E,,N,N,E,,E,,N,E,,11,,8/14/2009 2:45:41 PM,CMS,11/2/2017 12:38:55 PM,PETE,N,10397
355510,ORANGE PARK CHIROPRACTIC,SUITE #106,784 BLANDING BOULEVARD,ORANGE PARK,FL,32065,904-272-4555,904-276-2521,SHERRY,.,,,,,SHERRY,.,,,,,,FLORIDASALES,10,Randy Frontz,0,(UNASSIGNED),DV,Duval County,N,,,(UnAssigned),NET 30,5/11/2009,500,,,0,0,0,0,0,0,0,Best Way,Destination,P,Y,,0,Y,0,N,P,6,0,Orange Park,N,N,0,,,,,,,,,,,,Use Item Price,i,I,,0,+,,,,,,,,,,N,,0,,(UnAssigned),Y,N,,(UnAssigned),,,E,I,N,Y,N,,,0,0,0,0,0,0,P,,N,E,,N,N,E,,E,,N,E,,11,,8/14/2009 2:45:42 PM,CMS,9/4/2009 12:17:06 PM,DAWN,N,10398
356800,RILEY GEAR,ONE PRECISION DRIVE,,ST. AUGUSTINE,FL,32092,904-829-5652,904-829-5832,FRANK,.,,,,,FRANK,.,,,,,,FLORIDASALES,10,Randy Frontz,0,(UNASSIGNED),DV,Duval County,N,,,(UnAssigned),NET 30,,2000,,,0,0,0,0,0,0,0,Best Way,Destination,P,Y,,0,Y,0,N,P,0,0,(UnAssigned),N,N,0,,,,,,,,,,,,Use Item Price,i,I,,0,+,,,,,,,,,,N,,0,,(UnAssigned),Y,N,,(UnAssigned),,,E,I,N,Y,N,,,0,0,0,0,0,0,P,,N,E,,N,N,E,,E,,N,E,,11,,8/14/2009 2:45:43 PM,CMS,,,N,10401
357330,"LUCAS INVESTMENTS, INC.",DBA STEVE LUCAS HONDA,7801 BLANDING BLVD,JACKSONVILLE,FL,32244,904-269-2277,9047531210,BRAD,@ 128,,,,,Michelle,AP,michelle@lucashonda.com,,,,,FLORIDASALES,10,Randy Frontz,0,(UNASSIGNED),CL,Clay County,N,,,(UnAssigned),NET 30,3/11/2026,1000,,,331.37,0,331.37,0,0,0,0,Best Way,Destination,P,Y,,0,Y,0,N,P,6,0,Orange Park,N,N,0,,,,,,,,,,,,Use Item Price,i,I,,0,+,,,,,,,,,,N,,0,,(UnAssigned),Y,N,,(UnAssigned),,C,D,A,N,Y,N,,,0,0,0,0,0,0,M,Michelle,N,E,,N,N,E,,E,,N,E,,11,,8/14/2009 2:45:43 PM,CMS,3/16/2023 11:22:46 AM,NATE,N,10402
357500,SUGAR N' SPICE,PRE-SCHOOL-CHILD DAY CARE,3211 MOODY ROAD,ORANGE PARK,FL,32065,904-269-7281,904-269-3936,LINDA,LeSAGE,,,,,LINDA,LeSAGE,,,,,,FLORIDASALES,10,Randy Frontz,0,(UNASSIGNED),CL,Clay County,N,,,(UnAssigned),NET 30,4/16/2026,1500,,,1641.91,904.39,737.52,0,0,0,0,Best Way,Destination,P,Y,,0,Y,0,N,P,6,0,Orange Park,N,N,0,,,,,,,,,,,,30% Profit Margin,p30,P,,30,+,,,,,,No deliveries between 12-1 pm,,,,N,,0,,(UnAssigned),N,N,,(UnAssigned),Y,A,C,A,N,Y,N,,,0,0,0,0,0,0,P,ACCOUNTS,Y,E,ACCOUNTS,N,N,E,,E,,N,E,,11,,8/14/2009 2:45:43 PM,CMS,11/23/2022 2:36:53 PM,NATE,N,10403
357550,MEADOW DR FOSTER HOME,1101 MEADOW DRIVE,,ORANGE PARK,FL,32065,904-276-3585,904-276-0613,DEBBIE,LATO,,,,,DEBBIE,LATO,,,,,,FLORIDASALES,10,Randy Frontz,0,(UNASSIGNED),DV,Duval County,N,,,(UnAssigned),C.O.D,3/6/2007,500,,,0,0,0,0,0,0,0,Best Way,Destination,P,Y,,0,Y,0,N,P,6,0,Orange Park,N,N,0,,,,,,,,,,,,Use Item Price,i,I,,0,+,,,,,,,,,,N,,0,,(UnAssigned),Y,N,,(UnAssigned),,,E,I,N,Y,N,,,0,0,0,0,0,0,P,,N,E,,Y,N,E,,E,,N,E,,11,,8/14/2009 2:45:43 PM,CMS,9/4/2009 12:35:56 PM,DAWN,N,10404
400950,BDT CONCEPTS,P.O. BOX 5457,,JACKSONVILLE,FL,32247,904-262-2590,904-262-2565,JASON,.,,,,,JASON,.,,,,,,FLORIDASALES,10,Randy Frontz,0,(UNASSIGNED),DV,Duval County,N,,,(UnAssigned),NET 30,2/12/2009,500,,,0,0,0,0,0,0,0,Best Way,Destination,P,Y,,0,Y,0,N,P,5,0,Southside,N,Y,1,950,BDT CONCEPTS,5105-205 PHILIPS HIGHWAY,"JACKSONVILLE, FL 32207",,,,,,,,Use Item Price,i,I,,0,+,,,,,,,,,,N,,0,,(UnAssigned),Y,N,,(UnAssigned),,,E,I,N,Y,N,,,0,0,0,0,0,0,P,,N,E,,N,N,E,,E,,N,E,,11,,8/14/2009 2:45:44 PM,CMS,9/4/2009 11:51:30 AM,DAWN,N,10405
401006,HAGEMEYER,P.O. BOX 26879,,JACKSONVILLE,FL,32226,904-757-0211,904-575-9022,BUDDY,.,,,,,BUDDY,.,,,,,,FLORIDASALES,24,Artie Hardie - Existing,0,(UNASSIGNED),DV,Duval County,N,,,(UnAssigned),NET 30,9/22/2008,500,,,0,0,0,0,0,0,0,Best Way,Destination,P,N,26-08-03620-35,0,Y,0,N,P,2,0,Northside,N,Y,1,1006,HAGEMEYER,10200 ALTON BOX ROAD,"JACKSONVILLE, FL",32218,,,,,,,Use Item Price,i,I,,0,+,,,,,,,,,,N,,0,,(UnAssigned),Y,N,,(UnAssigned),,,E,I,N,Y,N,,,0,0,0,0,0,0,P,,N,E,,N,N,E,,E,,N,E,,11,,8/14/2009 2:45:44 PM,CMS,12/5/2013 6:37:45 AM,RANDY,N,10406
401505,"GYRX,LLC",10302 DEERWOOD PK.BLVD.,SUITE 209,JACKSONVILLE,FLA,32256,904-641-2599,904-641-2851,LINDA,YEAGER,,,,,LINDA,YEAGER,,,,,,FLORIDASALES,10,Randy Frontz,0,(UNASSIGNED),DV,Duval County,N,,,(UnAssigned),NET 30,5/3/2007,500,,,0,0,0,0,0,0,0,Best Way,Destination,P,Y,26-00-106996-63-5,0,Y,0,N,P,5,0,Southside,N,N,0,,,,,,,,,,,,Use Item Price,i,I,,0,+,,,,,,,,,,N,,0,,(UnAssigned),Y,N,,(UnAssigned),,,E,I,N,Y,N,,,0,0,0,0,0,0,P,,N,E,,N,N,E,,E,,N,E,,41,,8/14/2009 2:45:45 PM,CMS,9/4/2009 10:54:01 AM,DAWN,N,10408
402020,WINDY CREATIONS,830 9TH STREET SOUTH,P. O. BOX 50700,JACKSONVILLE Beach,FL,32250,904-241-8136,904-246-1199,RANDY,BROWN,windyc@bellsouth.net,,,,RANDY,BROWN,windyc@bellsouth.net,,,,,FLORIDASALES,10,Randy Frontz,0,(UNASSIGNED),DV,Duval County,N,,,(UnAssigned),NET 30,5/14/2021,375,,,0,0,0,0,0,0,0,Best Way,Destination,P,N,26-8015222721-4  *16,0,Y,0,N,P,3,0,Beaches,N,N,0,,,,,,,,,,,,Use Item Price,i,I,,0,+,,,,,,,,,Y,N,,0,,(UnAssigned),Y,N,,(UnAssigned),,,E,I,N,Y,N,,,0,0,0,0,0,0,M,RANDY,N,E,,N,N,E,,E,,N,E,,41,,8/14/2009 2:45:45 PM,CMS,4/18/2018 11:57:55 AM,PETE,N,10409
402110,EDWARD WATERS COLLEGE,1658 KINGS ROAD,,JACKSONVILLE,FL,32209,904-355-3030,904-366-6461,DEBRA,PENNICK,,,,,DEBRA,PENNICK,,,,,,FLORIDASALES,10,Randy Frontz,0,(UNASSIGNED),DV,Duval County,N,,,(UnAssigned),NET 30,,1000,,,0,0,0,0,0,0,0,Best Way,Destination,P,Y,,0,Y,0,N,P,0,0,(UnAssigned),N,N,0,,,,,,,,,,,,Use Item Price,i,I,,0,+,,,,,,,,,,N,,0,,(UnAssigned),Y,N,,(UnAssigned),,,E,I,N,Y,N,,,0,0,0,0,0,0,P,,N,E,,N,N,E,,E,,N,E,,41,,8/14/2009 2:45:45 PM,CMS,8/25/2009 1:20:36 PM,JACKIE,N,10410
402485,EAST COAST FIXTURES AND,"MILLWORK CO., INC.",4880 S. CLYDO ROAD,JACKSONVILLE,FL,32207,904-733-9711,904-733-0510,DUANE,KNOWLES,duane@eacoproducts.com,,,,DUANE,KNOWLES,duane@eacoproducts.com,,,,,FLORIDASALES,10,Randy Frontz,0,(UNASSIGNED),DV,Duval County,N,,,(UnAssigned),NET 30,3/14/2024,500,,,0,0,0,0,0,0,0,Best Way,Destination,P,N,26-8012445628-4,0,Y,0,N,P,5,0,Southside,N,N,0,,,,,,,,,,,,Use Item Price,i,I,,0,+,,,,,,,,,,N,,0,,(UnAssigned),Y,N,,(UnAssigned),,,E,I,N,Y,N,,,0,0,0,0,0,0,M,DUANE,N,E,,N,N,E,,E,,N,E,,41,,8/14/2009 2:45:45 PM,CMS,7/12/2016 9:13:22 AM,BRITTANY,N,10411
404100,JAX TRANS SERVICES,1801 ART MUSEUM DRIVE,SUITE 100,JACKSONVILLE,FL,32207,904-725-5600,904-725-5030,LILA,.,,,,,LILA,.,,,,,,FLORIDASALES,10,Randy Frontz,0,(UNASSIGNED),DV,Duval County,N,,,(UnAssigned),C.O.D. BY REQUEST,,500,,,0,0,0,0,0,0,0,Best Way,Destination,P,Y,,0,Y,0,N,P,0,0,(UnAssigned),N,N,0,,,,,,,,,,,,Use Item Price,i,I,,0,+,,,,,,,,,,N,,0,,(UnAssigned),Y,N,,(UnAssigned),,,E,I,N,Y,N,,,0,0,0,0,0,0,P,,N,E,,N,N,E,,E,,N,E,,41,,8/14/2009 2:45:46 PM,CMS,8/25/2009 1:20:59 PM,JACKIE,N,10412
405790,METAL FABRICATORS,,436 WEST 41ST STREET,JACKSONVILLE,FL,32206,904-353-7268,904-353-7863,DEBORAH,.,,,,,DEBORAH,.,,,,,,FLORIDASALES,10,Randy Frontz,0,(UNASSIGNED),DV,Duval County,N,,,(UnAssigned),NET 30,4/19/2011,330,,,0,0,0,0,0,0,0,Best Way,Destination,P,Y,,0,Y,0,N,P,1,0,Downtown,N,N,0,,,,,,,,,,,,Use Item Price,i,I,,0,+,,,,,,,,,,N,,0,,(UnAssigned),Y,N,,(UnAssigned),,,E,I,N,Y,N,,,0,0,0,0,0,0,P,,N,E,,N,N,E,,E,,N,E,,41,,8/14/2009 2:45:46 PM,CMS,10/14/2014 11:04:39 AM,BEVERLY,N,10413
407124,PROLOGIX-LAKE WORTH,2201 4TH AVENUE NORTH,,LAKE WORTH,FL,33461,561-547-3000,561-547-3080,DON,DUNCAN,,,,,DON,DUNCAN,,,,,,FLORIDASALES,10,Randy Frontz,0,(UNASSIGNED),DV,Duval County,N,,,(UnAssigned),NET 30,,2000,,,0,0,0,0,0,0,0,Best Way,Destination,P,Y,,0,Y,0,N,P,0,0,(UnAssigned),N,N,0,,,,,,,,,,,,Use Item Price,i,I,,0,+,,,,,,,,,,N,,0,,(UnAssigned),Y,N,,(UnAssigned),,,E,I,N,Y,N,,,0,0,0,0,0,0,P,,N,E,,N,N,E,,E,,N,E,,91,,8/14/2009 2:45:46 PM,CMS,8/25/2009 1:55:50 PM,JACKIE,N,10414
408000,SUN SURFACES OF,12439 TEAL RUN COURT,,JACKSONVILLE,FL,32258,904-477-1764,904-249-7308,GREG,.,,,,,GREG,.,,,,,,FLORIDASALES,10,Randy Frontz,0,(UNASSIGNED),DV,Duval County,N,,,(UnAssigned),C.O.D,12/5/2024,1000,,,0,0,0,0,0,0,0,Best Way,Destination,P,Y,,0,Y,0,N,P,7,0,Westside,Y,Y,1,8000,SUN SURFACES OF JACKSONVILLE,12349 TEAL RUN COURT,,"JACKSONVILLE,",FL,32258,,,,,Use Item Price,i,I,,0,+,,,,,,,,,,N,,0,,(UnAssigned),Y,N,,(UnAssigned),,,E,I,N,Y,N,,,0,0,0,0,0,0,P,,N,E,,Y,N,E,,E,,N,E,,11,,8/14/2009 2:45:46 PM,CMS,2/24/2016 12:49:54 PM,JACKIE,N,10415
408330,UNIVERSITY OF FLORIDA,,P. O. BOX 44008,JACKSONVILLE,FL,32231,904-751-3800,904-751-0730,TINA,.,,,,,TINA,.,,,,,,FLORIDASALES,10,Randy Frontz,0,(UNASSIGNED),DV,Duval County,N,,,(UnAssigned),NET 30,3/23/2009,200,,,0,0,0,0,0,0,0,Best Way,Destination,P,N,85-8012529460C-0,0,Y,0,N,P,2,0,Northside,N,Y,5,2096,COMMONWEALTH FMLY PRACTCE,761 EDGEWOOD AVENUE NORTH,"JACKSONVILLE,  FL",32254,,,389-0689 SHELLY,,,,Use Item Price,i,I,,0,+,,,,,,,,,,N,,0,,(UnAssigned),Y,N,,(UnAssigned),,,E,I,N,Y,N,,,0,0,0,0,0,0,P,,N,E,,N,N,E,,E,,N,E,,41,,8/14/2009 2:45:47 PM,CMS,9/4/2009 9:41:35 AM,DAWN,N,10416
408380,UNIVERSAL SOUTHERN CORP.,,P.O. BOX 10484,JACKSONVILLE,FL,32207,904-399-1244,904-396-6865,MARTY,SCHEMER,,,,,MELODY,A/P,melody@universalsouthern.com,,,,,FLORIDASALES,10,Randy Frontz,0,(UNASSIGNED),DV,Duval County,N,,,(UnAssigned),NET 30,4/3/2015,500,,,0,0,0,0,0,0,0,Best Way,Destination,P,N,26-8011973210-8 *16,0,Y,0,N,P,5,0,Southside,N,Y,1,730,UNIVERSAL SOUTHERN CORP,3755 GRANT ROAD,"JACKSONVILLE, FL 32207",,,,,,,,Use Item Price,i,I,,0,+,,,,,,,,,,N,,0,,(UnAssigned),Y,N,,(UnAssigned),,,E,I,N,Y,N,,,0,0,0,0,0,0,M,MELODY,N,E,,N,N,E,,E,,N,E,,41,,8/14/2009 2:45:47 PM,CMS,1/15/2016 11:23:05 AM,STEVE,N,10417
410055,"MERCEDES-BENZ USA, LLC(MBUSA)",P.O. BOX 7079,,TROY,MI,48007,904-443-2462,904-443-2471,JUDY,FALCIONI,,,,,JUDY,FALCIONI,,,,,,FLORIDASALES,10,Randy Frontz,0,(UNASSIGNED),DV,Duval County,N,,,(UnAssigned),CREDIT CARD,7/10/2009,500,,,0,0,0,0,0,0,0,Best Way,Destination,P,Y,,0,Y,0,N,P,5,0,Southside,N,Y,1,55,MERCEDES-BENZ,PARTS RETURN,8873 WESTERN WAY,"JACKSONVILLE,",FL,32256,JUDY,,,,Use Item Price,i,I,,0,+,,,,,,,,,,N,,0,,(UnAssigned),Y,N,,(UnAssigned),,,E,I,N,Y,N,,,0,0,0,0,0,0,P,,N,E,,N,N,E,,E,,N,E,,41,,8/14/2009 2:45:47 PM,CMS,3/25/2010 9:45:46 AM,JACKIE,N,10418
420013,IEM Power Systems,3600 PORT JACKSONVILLE,,JACKSONVILLE,FL,32226,904-365-4444,904-365-4445,Rosanna,Villa,rosanna.villa@iemfg.com,,,,,,,,,,,FLORIDASALES,10,Randy Frontz,0,(UNASSIGNED),DV,Duval County,N,,,(UnAssigned),NET 30,8/25/2025,500,,,3910.44,-272.3,0,0,0,0,4182.74,Best Way,Destination,P,N,26-8016452498-7,0,Y,0,N,P,5,0,Southside,N,Y,3,JAX1,IEM JAX 1,3600 Port Jacksonville,,Jacksonville,FL,32226,,,,,30% Profit Margin,p30,P,,30,+,,,,,,,,,,N,,0,,(UnAssigned),N,N,,(UnAssigned),,C,C,A,N,Y,N,,,0,0,0,0,0,0,M,AP,N,E,,N,N,E,,E,,N,E,,43,,8/14/2009 2:45:47 PM,CMS,12/2/2024 8:15:42 AM,NATE,N,10419
420030,CDI,5545 SHAWLAND ROAD,,JACKSONVILLE,FL,32254,904-783-6120,904-783-8620,,,,,,,,,,,,,,FLORIDASALES,51,RANDY FRONTZ,0,(UNASSIGNED),DV,Duval County,N,,,(UnAssigned),NET 30,,1000,,,0,0,0,0,0,0,0,Best Way,Destination,P,Y,,0,Y,0,N,P,0,0,(UnAssigned),N,N,0,,,,,,,,,,,,Use Item Price,i,I,,0,+,,,,,,,,,,N,,0,,(UnAssigned),Y,N,,(UnAssigned),,,E,I,N,Y,N,,,0,0,0,0,0,0,P,,N,E,,N,N,E,,E,,N,E,,53,,8/14/2009 2:45:48 PM,CMS,10/14/2014 3:23:51 PM,RANDY,N,10420
430002,VITALIFE NETWORKS LLC,83 KNIGHT BOX ROAD,,ORANGE PARK,FL,32065,904-272-3444,904-272-3474,PEGGY,FULFER,SERVICE@VITALIF.COM,,,,PEGGY,FULFER,SERVICE@VITALIF.COM,,,,,FLORIDASALES,10,Randy Frontz,0,(UNASSIGNED),DV,Duval County,N,,,(UnAssigned),NET 30,2/3/2012,5000,,,0,0,0,0,0,0,0,Best Way,Destination,P,N,20-8013687944-2,0,Y,0,N,P,6,0,Orange Park,N,N,0,,,,,,,,,,,,Use Item Price,i,I,,0,+,,,,,,,,,,N,,0,,(UnAssigned),Y,N,,(UnAssigned),,C,E,I,N,Y,N,,,0,0,0,0,0,0,M,PEGGY,N,E,,N,N,E,,E,,N,E,,43,,8/14/2009 2:45:48 PM,CMS,4/8/2010 2:04:43 PM,JACKIE,N,10421
440112,ALTERNATE ENERGY TECH. LLC,1345 ENERGY COVE COURT,,GREEN COVE SPRINGS,FL,32043,904-297-9369,904-529-9837,JAY,TAYLOR,JAY@AETSOLAR.COM,,,,JOHN,VILLALVA @123,Jon@aetsolar.com,,,,,FLORIDASALES,24,Artie Hardie - Existing,0,(UNASSIGNED),DV,Duval County,N,,,(UnAssigned),NET 30,6/3/2019,2000,,,0,0,0,0,0,0,0,Best Way,Destination,P,N,26-8016016053-0  *16,0,Y,0,N,P,7,0,Westside,N,N,0,,,,,,,,,,,,Use Item Price,i,I,,0,+,,,,,,,,,,N,,0,,(UnAssigned),N,N,,(UnAssigned),Y,A,E,I,N,Y,N,,,0,0,0,0,0,0,M,CAROL,Y,E,virginia,N,N,E,,E,,N,E,CAROL,53,,8/14/2009 2:45:48 PM,CMS,5/1/2018 3:28:13 PM,PETE,N,10422
440410,FIRST COAST MEDICAL,13453 NORTH MAIN STREET,SUITE 103,JACKSONVILLE,FL,32218,904-854-1004,904-854-1005,MONA,.,,,,,MONA,.,,,,,,FLORIDASALES,10,Randy Frontz,0,(UNASSIGNED),DV,Duval County,N,,,(UnAssigned),NET 30,1/8/2018,1000,,,0,0,0,0,0,0,0,Best Way,Destination,P,Y,,0,Y,0,N,P,1,0,Downtown,N,Y,3,416,FIRST COAST MEDICAL,4211 PEARL STREET,,JACKSONVILLE,FL,32206,904-358-8692,,,,Use Item Price,i,I,,0,+,Customer wants invs sent by,regular mail.,,,,"PEARL OPEN M,W,F",,,,N,,0,,(UnAssigned),Y,N,,(UnAssigned),,C,E,I,N,Y,N,,,0,0,0,0,0,0,M,diane,N,E,,N,N,E,,E,,N,E,,45,,8/14/2009 2:45:48 PM,CMS,3/6/2015 11:48:34 AM,STEVE,N,10423
440601,SAFARILAND,ATTN: ACCOUNTS PAYABLE,13386 INTERNATIONAL PKWY,JACKSONVILLE,FL,32218,904-741-5400,,STACY,STRICKLAND,stacy.strickland@safariland.com,MONMANY,LOUANGKHOTH,MONMANY.LOUANGKHOTH@SAFARILAND.COM,Caitlin,Londa,Apsupport@safariland.com,,,,,FLORIDASALES,58,ROBIN FRONTZ-exist,0,(UNASSIGNED),DV,Duval County,N,,,(UnAssigned),NET 45,8/3/2021,10000,,,0,0,0,0,0,0,0,Best Way,Destination,P,Y,26-8012978456-4*17,0,Y,0,N,P,2,0,Northside,N,Y,1,601,SAFARILAND,13386 INTERNATIONAL PKWY,"JACKSONVILLE, FL 32218",,,,,,,,Use Item Price,i,I,,0,+,,,,,,,,,,N,,0,,(UnAssigned),N,N,,(UnAssigned),Y,A,E,I,N,Y,N,,,0,0,0,0,0,0,M,AP,N,E,,N,N,E,DONNA,E,,N,E,,45,,8/14/2009 2:45:49 PM,CMS,4/12/2021 8:04:53 AM,NATE,N,10424
440730,ATLANTIC EAST COAST BINDERY,1817 FLORIDA AVENUE,,JACKSONVILLE,FL,32206,904-355-3673,904-356-3373,RONNIE,.,,,,,RONNIE,.,,,,,,FLORIDASALES,10,Randy Frontz,0,(UNASSIGNED),DV,Duval County,N,,,(UnAssigned),NET 30,7/10/2017,500,,,0,0,0,0,0,0,0,Best Way,Destination,P,Y,26-8011987780-3  *16,0,Y,0,N,P,1,0,Downtown,N,N,0,,,,,,,,,,,,Use Item Price,i,I,,0,+,,,,,,,,,,N,,0,,(UnAssigned),Y,N,,(UnAssigned),,C,E,I,N,Y,N,,,0,0,0,0,0,0,F,DEBBIE,N,E,,N,N,E,,E,,N,E,,45,,8/14/2009 2:45:49 PM,CMS,1/20/2016 11:01:50 AM,STEVE,N,10425
440740,ATLANTIC FIRE BRICK & SUPPLY,A PLIBRICO COMPANY,550 MARTIN LUTHER KING JR. DRIVE,BALDWIN,FL,32234,904-355-8333,904-266-9970,DOUG,GODDARD,,,,,DOUG,GODDARD,,,,,,FLORIDASALES,10,Randy Frontz,0,(UNASSIGNED),DV,Duval County,N,,,(UnAssigned),NET 30,3/4/2026,200,,,204.51,-0.01,0,204.52,0,0,0,Best Way,Destination,P,Y,20-1626973,0,Y,0,N,P,7,0,Westside,N,Y,1,740,ATLANTIC FIREBRICK,AND SUPPLY COMPANY INC.,550 MARTIN LUTHER KING JR,"BALDWIN,",FL,32234,,,,,30% Profit Margin,p30,P,,30,+,,,,,,,,,,N,,0,,(UnAssigned),Y,N,,(UnAssigned),,C,D,A,N,Y,N,,,0,0,0,0,0,0,M,AP,N,E,,N,N,E,,E,,N,E,,45,,8/14/2009 2:45:49 PM,CMS,3/3/2026 10:36:24 AM,NATE,N,10426
441001,BRADDOCK METALLURGICAL,400 FENTRESS BLVD,,DAYTONA BEACH,FL,32114,904-741-4777,904-741-4813,DIANE,SEELEY,dseeley@braddockmt.com,DIANE,SEELEY,dseeley@braddockmt.com,Tina,Pinkham,TPinkham@braddockmt.com,,,,,FLORIDASALES,50,RANDY FRONTZ,0,(UNASSIGNED),DV,Duval County,N,,,(UnAssigned),NET 30,3/30/2026,500,,,0,0,0,0,0,0,0,Best Way,Destination,P,Y,,0,Y,0,N,P,2,0,Northside,N,Y,2,1002,BRADDOCK METALLURGICAL,14600 DUVAL PLACE WEST,,JACKSONVILLE,FL,32218,,,,,Use Item Price,i,I,,0,+,,,,,,,,,,N,,0,,(UnAssigned),Y,N,,(UnAssigned),Y,B,D,A,N,Y,N,,,0,0,0,0,0,0,M,AP,N,E,,N,N,E,,E,,N,E,,45,,8/14/2009 2:45:50 PM,CMS,10/30/2025 8:02:45 AM,NATE,N,10427
441140,COACH COMPANY,,1 COACH WAY,JACKSONVILLE,FL,32218,904-741-5635,904-741-5606,REINA,MOYETTE,,,,,REINA,MOYETTE,,,,,,FLORIDASALES,10,Randy Frontz,0,(UNASSIGNED),DV,Duval County,N,,,(UnAssigned),NET 30,3/13/2009,5000,,,0,0,0,0,0,0,0,Best Way,Destination,P,Y,,0,Y,0,N,P,2,0,Northside,N,Y,10,1140,ATTN: ROBIN MANIGAULT,,,,,,,,,,Use Item Price,i,I,,0,+,,,,,,,,,,N,,0,,(UnAssigned),Y,N,,(UnAssigned),Y,A,E,I,N,Y,N,,,0,0,0,0,0,0,P,,N,E,,N,N,E,,E,,N,E,,45,,8/14/2009 2:45:50 PM,CMS,11/10/2009 11:45:01 AM,RANDY,N,10428
441530,COM-PAC FILTRATION,P.O. BOX 40071,,JACKSONVILLE,FL,32203,904-356-4003,904-354-1624,Yareiny,,yareiny@com-pac.net,,,,Lindsay,Solomon,lindsay@com-pac.net,,,,,FLORIDASALES,10,Randy Frontz,0,(UNASSIGNED),DV,Duval County,N,,,(UnAssigned),NET 30,4/8/2026,500,,,1767.6,429,0,0,0,0,1338.6,Best Way,Destination,P,N,26-8012169954-9 *18,0,Y,0,N,P,1,0,Downtown,N,Y,2,1531,COM-PAC FILTRATION,2020 WEST BEAVER ST.,JACKSONVILLE FL,32209,,,,,,,20% Profit Margin,p20,P,,20,+,,,,,,,,,,N,,0,,(UnAssigned),Y,N,,(UnAssigned),,C,C,A,N,Y,N,,,0,0,0,0,0,0,M,Yareiny,N,E,,N,N,E,,E,,N,E,,45,,8/14/2009 2:45:50 PM,CMS,3/31/2026 10:04:56 AM,NATE,N,10429
442085,DANDEE FOODS,2178 WEST 21ST STREET,,JACKSONVILLE,FL,32209,904-353-0025,904-354-3846,STEVE,THOMPSON,seasnake@dandeefoods.com,,,,Michelle,Lucas,Acctspayable@dandeefoods.com,,,,,FLORIDASALES,64,Pat DeRita,0,(UNASSIGNED),EX,Tax Exempt,N,,,(UnAssigned),NET 30,4/15/2026,500,,,100168.12,56026.4,30541.68,12283.99,0,526.83,789.22,Best Way,Destination,P,N,26-8012473130-5  21,0,Y,0,N,P,2,0,Northside,N,Y,1,25,DANDEE FOODS,2178 WEST 21ST STREET,,,,,,,,,Use Item Price,i,I,,0,+,,,,,,,,,,Y,STEVE THOMPSON,0,,(UnAssigned),N,N,,(UnAssigned),Y,B,A,A,N,Y,N,,,0,0,0,0,0,0,M,KRYSTA,N,E,,N,Y,E,STEVE,E,,N,E,,45,,8/14/2009 2:45:50 PM,CMS,9/29/2025 9:23:08 AM,NATE,N,10430
442130,EJCON CORPORATION,P.O. BOX 61266,,JACKSONVILLE,FL,32254,904-786-0622,904-786-0625,FRANK,.,,,,,FRANK,.,,,,,,FLORIDASALES,52,RANDY FRONTZ,0,(UNASSIGNED),DV,Duval County,N,,,(UnAssigned),NET 30,4/7/2026,500,,,415.85,415.85,0,0,0,0,0,Best Way,Destination,P,Y,,0,Y,0,N,P,0,0,(UnAssigned),N,Y,1,2130,EJCON CORPORATION,590 BEAUTYREST AVE,"JACKSONVILLE, FL 32254",,,,,,,,30% Profit Margin,p30,P,,30,+,,,,,,,,,,N,,0,,(UnAssigned),Y,N,,(UnAssigned),,,D,A,N,Y,N,,,0,0,0,0,0,0,M,KEN,N,E,,N,Y,E,matt,E,,N,E,,53,,8/14/2009 2:45:51 PM,CMS,1/31/2023 11:06:30 AM,JEFF,N,10431
442200,ENVIRONMENTAL REMEDIATION,"SERVICES, INC.",760 TALLEYRAND AVENUE,JACKSONVILLE,FL,32202,904-791-9992,904-741-3013,JACKIE,.,,,,,JACKIE,.,,,,,,FLORIDASALES,10,Randy Frontz,0,(UNASSIGNED),DV,Duval County,N,,,(UnAssigned),NET 30,4/12/2010,1000,,,0,0,0,0,0,0,0,Best Way,Destination,P,Y,,0,Y,0,N,P,12,0,Arlington,N,Y,1,2200,ENVIRONMENTAL REMEDIATION,760 TALLEYRAND AVENUE,"JACKSONVILLE, FL 32202",,,,,,,,Use Item Price,i,I,,0,+,,,,,,,,,,N,,0,,(UnAssigned),Y,N,,(UnAssigned),,,E,I,N,Y,N,,,0,0,0,0,0,0,P,,N,E,,N,N,E,,E,,N,E,,45,,8/14/2009 2:45:51 PM,CMS,9/4/2009 10:31:30 AM,DAWN,N,10432
442450,DUVAL BAKERY PRODUCTS,,1733 EVERGREEN AVE.,JACKSONVILLE,FL,32206,904-354-7878,904-354-7828,BOB,.,,,,,BOB,.,,,,,,FLORIDASALES,10,Randy Frontz,0,(UNASSIGNED),DV,Duval County,N,,,(UnAssigned),NET 30,1/20/2015,300,,,0,0,0,0,0,0,0,Best Way,Destination,P,Y,,0,Y,0,N,P,1,0,Downtown,N,N,0,,,,,,,,,,,,Use Item Price,i,I,,0,+,,,,,,,,,,N,,0,,(UnAssigned),Y,N,,(UnAssigned),,C,E,I,N,Y,N,,,0,0,0,0,0,0,F,BOB,N,E,,N,N,E,,E,,N,E,,45,,8/14/2009 2:45:51 PM,CMS,2/25/2015 2:02:20 PM,STEVE,N,10433
442610,R.B. PRODUCTS,640 EAST UNION STREET,,JACKSONVILLE,FL,32206,904-521-8318,904-356-7212,BRUCE,HORN,RBH0331@GMAIL.COM,,,,BRUCE,HORN,RBH0331@GMAIL.COM,,,,www.hornejanitorial.com,FLORIDASALES,10,Randy Frontz,0,(UNASSIGNED),DV,Duval County,N,,,(UnAssigned),C.O.D,10/11/2013,300,REVIEW CREDIT DEC. 1st 2011,,0,0,0,0,0,0,0,Best Way,Destination,P,Y,26-8014843710-4  *13,0,Y,0,N,P,1,0,Downtown,Y,Y,1,1,R.B. PRODUCTS,640 EAST UNION STREET,,JACKSONVILLE,FL,32206,,,,,Use Item Price,i,I,,0,+,,,,,,,,,N,N,,0,,(UnAssigned),N,N,,(UnAssigned),,,E,I,N,Y,N,,,0,0,0,0,0,0,P,,N,E,,Y,N,E,,E,,N,E,,45,,8/14/2009 2:45:51 PM,CMS,4/29/2015 10:20:35 AM,RANDY,N,10434
442890,BRYCEVILLE FIRST BAPTIST,P.O. BOX 2,,BRYCEVILLE,FL,32009,904-266-4169,904-266-4166,CAROLYN,PARKER,,,,,CAROLYN,PARKER,,,,,,FLORIDASALES,10,Randy Frontz,0,(UNASSIGNED),EX,Tax Exempt,N,,,(UnAssigned),1%10 NET 30,3/16/2017,500,,,0,0,0,0,0,0,0,Best Way,Destination,P,N,85-8012669287C-0,0,Y,0,N,P,10,0,Baldwin,N,Y,1,2890,BRYCEVILLE FIRST BAPTIST,7732 US HWY 301,"BRYCEVILLE, FL 32009",,,,,,,,Use Item Price,i,I,,0,+,,,,,,,,,,N,,0,,(UnAssigned),Y,N,,(UnAssigned),,C,E,I,N,Y,N,,,0,0,0,0,0,0,P,,N,E,,N,N,E,,E,,N,E,,45,,8/14/2009 2:45:52 PM,CMS,10/1/2015 9:10:57 AM,STEVE,N,10435
443070,FORTUNE ROPE & METAL,67 BALLOU BLVD,,BRISTOL,RI,2809,904-751-1441,904-751-4799,MIKE,BART,,,,,MIKE,BART,,,,,,FLORIDASALES,10,Randy Frontz,0,(UNASSIGNED),DV,Duval County,N,,,(UnAssigned),NET 30,7/12/2013,500,,,0,0,0,0,0,0,0,Best Way,Destination,P,Y,,0,Y,0,N,P,0,0,(UnAssigned),N,Y,1,3070,FORTUNE ROPE & METAL CO.,351 HECKSCHER DRIVE,"JACKSONVILLE, FL 32226",,,,,,,,Use Item Price,i,I,,0,+,,,,,,,,,,N,,0,,(UnAssigned),Y,N,,(UnAssigned),,,E,I,N,Y,N,,,0,0,0,0,0,0,P,,N,E,,N,N,E,,E,,N,E,,45,,8/14/2009 2:45:52 PM,CMS,8/25/2009 2:05:05 PM,JACKIE,N,10436
443600,FLORIDA STATE COLLEGE,AT JACKSONVILLE,501 WEST STATE STREET,JACKSONVILLE,FL,32202,904-632-3300,904-632-3229,GARY,GLISSON,,,,,GARY,GLISSON,,,,,,FLORIDASALES,10,Randy Frontz,0,(UNASSIGNED),DV,Duval County,N,,,(UnAssigned),NET 30,1/9/2018,5000,,,0,0,0,0,0,0,0,Best Way,Destination,P,N,85-8012556864C-6,0,Y,0,N,P,1,0,Downtown,N,Y,1,3601,FCCJ CENTRAL STORES,DISTRICT RECIEVING,11 WEST STATE ST. (REAR),"JACKSONVILLE,",FL,32202,GARY GLISSON,,,,Use Item Price,i,I,,0,+,,,,,,,,,,N,,0,,(UnAssigned),N,N,,(UnAssigned),Y,A,E,I,N,Y,N,,,0,0,0,0,0,0,M,GLENDA,N,E,,N,N,E,,E,,N,E,,45,,8/14/2009 2:45:52 PM,CMS,9/1/2015 8:34:13 AM,STEVE,N,10437
443620,H & M WAREHOUSING,,2101 W. 33RD STREET,JACKSONVILLE,FL,32209,904-768-3403,904-768-2662,DIANE,GRIMSTEAD,dgrimstead@hmiw.net,,,,DIANE,GRIMSTEAD,dgrimstead@hmiw.net,,,,,FLORIDASALES,10,Randy Frontz,0,(UNASSIGNED),DV,Duval County,N,,,(UnAssigned),NET 30,6/27/2024,500,,,0,0,0,0,0,0,0,Best Way,Destination,P,Y,,0,Y,0,N,P,2,0,Northside,N,N,0,,,,,,,,,,,,30% Profit Margin,p30,P,,30,+,,,,,,,,,Y,N,,0,,(UnAssigned),Y,N,,(UnAssigned),,C,E,I,N,Y,N,,,0,0,0,0,0,0,M,DIANE,N,E,,N,N,E,,E,,N,E,,45,,8/14/2009 2:45:53 PM,CMS,9/19/2024 10:55:47 AM,NATE,N,10438
443800,HEAVEN SENT DESIGNS,,37421 INGHAM ROAD,HILLIARD,FL,32046,904-845-3388,904-845-3388,CHRIS/KEN,.,,,,,CHRIS/KEN,.,,,,,,FLORIDASALES,10,Randy Frontz,0,(UNASSIGNED),DV,Duval County,N,,,(UnAssigned),NET 30,10/24/2007,100,,,0,0,0,0,0,0,0,Best Way,Destination,P,Y,,0,Y,0,N,P,1,0,Downtown,N,N,0,,,,,,,,,,,,Use Item Price,i,I,,0,+,,,,,,,,,,N,,0,,(UnAssigned),Y,N,,(UnAssigned),,,E,I,N,Y,N,,,0,0,0,0,0,0,P,,N,E,,N,N,E,,E,,N,E,,45,,8/14/2009 2:45:53 PM,CMS,9/4/2009 9:40:54 AM,JACKIE,N,10439
444600,GATEWAY CHEMICAL,,724 GOLFAIR BOULEVARD,JACKSONVILLE,FL,32206,904-353-4790,904-353-4893,bills,email bills,gatewaychemicals@me.com,,,,bills,email bills,gatewaychemicals@me.com,,,,,FLORIDASALES,10,Randy Frontz,0,(UNASSIGNED),DV,Duval County,N,,,(UnAssigned),NET 30,2/19/2020,5000,,,0,0,0,0,0,0,0,Pickup,Destination,P,N,26-8011918964-3  *16,0,Y,0,N,P,1,0,Downtown,N,N,0,,,,,,,,,,,,Use Item Price,i,I,,0,+,Cust prefers paper invoice,,,,,,,,Y,N,,0,,(UnAssigned),N,N,,(UnAssigned),Y,B,E,I,N,Y,N,,,0,0,0,0,0,0,P,,N,E,,N,N,E,,E,,N,E,,45,,8/14/2009 2:45:53 PM,CMS,11/5/2018 12:34:34 PM,PETE,N,10440
444610,SOUTHEAST RIGGING,429 TALLYRAND AVE,,JACKSONVILLE,FL,32202,904-355-3423,904-354-6952,,,,,,,,,,,,,,FLORIDASALES,10,Randy Frontz,0,(UNASSIGNED),DV,Duval County,N,,,(UnAssigned),NET 30,3/8/2017,500,,,0,0,0,0,0,0,0,Best Way,Destination,P,N,26-8012638488-0  *16,0,Y,0,N,P,1,0,Downtown,N,N,0,,,,,,,,,,,,Use Item Price,i,I,,0,+,,,,,,,,,,N,,0,,(UnAssigned),Y,N,,(UnAssigned),,C,E,I,N,Y,N,,,0,0,0,0,0,0,M,LAURIE,N,E,,N,N,E,,E,,N,E,,45,,8/14/2009 2:45:53 PM,CMS,3/2/2017 9:16:06 AM,BRITTANY,N,10441
444710,"SAMUEL, SON AND CO. INC.",1900 GRASSLAND PARKWAY,,ALPHARETTA,GA,30004,904-632-1221,904-632-2138,CLIFF,TRUNICK,CLIFF.TRUNICK@SAMUEL.COM,,,,CLIFF,TRUNICK,CLIFF.TRUNICK@SAMUEL.COM,,,,,FLORIDASALES,10,Randy Frontz,0,(UNASSIGNED),DV,Duval County,N,,,(UnAssigned),1%10 NET 30,4/4/2011,5000,,,0,0,0,0,0,0,0,Best Way,Destination,P,Y,26-8012293939-4,0,Y,0,N,P,2,0,Northside,N,Y,1,4710,"SAMUEL, SON AND CO. INC.",1460 VANTAGE WAY,SUITE 100,"JACKSONVILLE,",FL,32218,,,,,Use Item Price,i,I,,0,+,,,,,,,,,,N,,0,,(UnAssigned),Y,N,,(UnAssigned),Y,B,E,I,N,Y,N,,,0,0,0,0,0,0,P,,N,E,,N,N,E,,E,,N,E,,45,,8/14/2009 2:45:54 PM,CMS,4/5/2011 8:32:53 AM,JACKIE,N,10442
444771,LERA PLASTICS,9216 HAYDON ROAD,,JACKSONVILLE,FL,32218,904-716-5421,904-354-9212,KURT,.,leraplastics@att.net,,,,KURT,.,leraplastics@att.net,,,,,FLORIDASALES,10,Randy Frontz,0,(UNASSIGNED),DV,Duval County,N,,,(UnAssigned),NET 30,2/17/2017,700,,,0,0,0,0,0,0,0,Best Way,Destination,P,N,26-8011940918-7,0,Y,0,N,P,0,0,(UnAssigned),N,Y,1,771,LERA PLASTICS,9216 HAYDON ROAD,"JACKSONVILLE,FL 32218",,,,KURT,,,,Use Item Price,i,I,,0,+,,,,,,,,,,N,,0,,(UnAssigned),Y,N,,(UnAssigned),,,E,I,N,Y,N,,,0,0,0,0,0,0,M,KURT,N,E,,N,N,E,,E,,N,E,,41,,8/14/2009 2:45:54 PM,CMS,11/2/2015 9:59:30 AM,STEVE,N,10443
444820,METALPLATE GALVANIZING,7123 MONCRIEF ROAD WEST,,JACKSONVILLE,FL,32219,904-768-6330,904-764-3948,GRANT,HAUTH,,,,,GRANT,HAUTH,,,,,,FLORIDASALES,10,Randy Frontz,0,(UNASSIGNED),DV,Duval County,N,,,(UnAssigned),NET 30,5/23/2011,500,,,0,0,0,0,0,0,0,Best Way,Destination,P,Y,,0,Y,0,N,P,0,0,(UnAssigned),N,N,0,,,,,,,,,,,,Use Item Price,i,I,,0,+,,,,,,,,,,N,,0,,(UnAssigned),Y,N,,(UnAssigned),,,E,I,N,Y,N,,,0,0,0,0,0,0,M,KAREN,N,E,,N,N,E,,E,,N,E,,45,,8/14/2009 2:45:54 PM,CMS,10/7/2009 9:49:51 AM,JOHN,N,10444
444830,MAC'S GLASS AND MIRROR,1651 BLANDING BLVD,,JACKSONVILLE,FL,32210,904-387-1530,904-387-8715,DAVID,McDANIEL,,,,,DAVID,McDANIEL,,,,,,FLORIDASALES,10,Randy Frontz,0,(UNASSIGNED),DV,Duval County,N,,,(UnAssigned),NET 30,6/26/2024,500,,,0,0,0,0,0,0,0,Best Way,Destination,P,Y,,0,Y,0,N,P,0,0,(UnAssigned),N,N,0,,,,,,,,,,,,Use Item Price,i,I,,0,+,,,,,,,,,,N,,0,,(UnAssigned),Y,N,,(UnAssigned),,,E,I,N,Y,N,,,0,0,0,0,0,0,M,RITA,N,E,,N,N,E,,E,,N,E,,45,,8/14/2009 2:45:54 PM,CMS,10/12/2015 11:09:38 AM,STEVE,N,10445
444845,"L.V. HIERS, INC.",P.O. BOX 1229,,MACCLENNY,FL,32063,904-259-2314,904-259-8022,,,,,,,,,,,,,,FLORIDASALES,10,Randy Frontz,0,(UNASSIGNED),DV,Duval County,N,,,(UnAssigned),NET 30,3/20/2017,500,,,0,0,0,0,0,0,0,Best Way,Destination,P,N,12-8013171840-0 *16,0,Y,0,N,P,9,0,Macclenny,N,Y,1,4845,"L.V. HIERS, INC.",253 EAST FLORIDA AVENUE,"MACCLENNY, FL 32063",,,,,,,,Use Item Price,i,I,,0,+,,,,,,,,,,N,,0,,(UnAssigned),Y,N,,(UnAssigned),,,E,I,N,Y,N,,,0,0,0,0,0,0,M,WHITNEY,N,E,,N,N,E,,E,,N,E,,45,,8/14/2009 2:45:55 PM,CMS,1/8/2016 11:43:05 AM,STEVE,N,10446
445460,LANEY AND DUKE WHSE CO.,1560 JESSIE STREET,,JACKSONVILLE,FL,32206,904-798-3500,904-358-7938,SUE,ANNE,SUEANN.WEBB@LANEYDUKE.COM,,,,SUE,ANNE,SUEANN.WEBB@LANEYDUKE.COM,,,,,FLORIDASALES,50,RANDY FRONTZ,0,(UNASSIGNED),DV,Duval County,N,,,(UnAssigned),NET 30,4/10/2026,20000,,,611.89,611.89,0,0,0,0,0,Best Way,Destination,P,Y,,0,Y,0,N,P,1,0,Downtown,N,Y,3,5520,LANEY AND DUKE WHSE #1,1560 JESSIE STREET,"JACKSONVILLE, FL 32206",,,,,,,,30% Profit Margin,p30,P,,30,+,,,,,,,,,,N,,0,,(UnAssigned),Y,N,,(UnAssigned),Y,A,C,A,N,Y,N,,,0,0,0,0,0,0,M,SUE,N,E,,N,N,E,,E,,N,E,,13,,8/14/2009 2:45:55 PM,CMS,11/23/2022 12:30:56 PM,NATE,N,10447
445461,HANESBRANDS INC.,,P.O. BOX 809,RURAL HALL,NC,27045,336-519-8080,,LISA,POPECK,lisa.popeck@hanesbrands.com,,,,,,,,,,,FLORIDASALES,12,Rob Street,0,(UNASSIGNED),DV,Duval County,N,,,(UnAssigned),NET 30,10/30/2009,5000,,,0,0,0,0,0,0,0,Best Way,Destination,P,Y,,0,Y,0,N,P,2,0,Northside,N,Y,1,5461,HANES UNDERWEAR,JACKSONVILLE DC,2855 FAYE ROAD,"JACKSONVILLE,",FL,32226,,,,,Use Item Price,i,I,,0,+,,,,,,,,,,N,,0,,(UnAssigned),N,N,,(UnAssigned),,C,E,I,N,Y,N,,,0,0,0,0,0,0,P,,N,E,,N,N,E,,E,,N,E,,13,,8/14/2009 2:45:55 PM,CMS,11/10/2009 12:24:15 PM,RANDY,N,10448
445770,MCK-HUGHES DISTRIBUTION,,700 EAST UNION STREET A-1,JACKSONVILLE,FL,32206,904-358-7892,904-633-9519,DARIEL,.,,,,,DARIEL,.,,,,,,FLORIDASALES,10,Randy Frontz,0,(UNASSIGNED),DV,Duval County,N,,,(UnAssigned),NET 30,2/24/2010,200,,,0,0,0,0,0,0,0,Best Way,Destination,P,Y,,0,Y,0,N,P,1,0,Downtown,N,N,0,,,,,,,,,,,,Use Item Price,i,I,,0,+,,,,,,,,,,N,,0,,(UnAssigned),Y,N,,(UnAssigned),,,E,I,N,Y,N,,,0,0,0,0,0,0,P,,N,E,,N,N,E,,E,,N,E,,45,,8/14/2009 2:45:55 PM,CMS,9/4/2009 10:16:59 AM,DAWN,N,10449
445775,NORTH FLORIDA SHIPYARD,P.O. BOX 3255,,JACKSONVILLE,FL,32206,904-354-3278,904-353-7621,DAVE,QUINN,DQUINN@NFSY.NET,,,,ACCOUNTS PAYABLE,.,ap@nfsy.net,,,,,FLORIDASALES,10,Randy Frontz,0,(UNASSIGNED),DV,Duval County,N,,,(UnAssigned),CREDIT CARD,1/3/2019,1000,,,0,0,0,0,0,0,0,Best Way,Destination,P,N,26-8012064271-7 *16,0,Y,0,N,P,1,0,Downtown,N,Y,1,5775,NORTH FLORIDA SHIPYARD,2060 EAST ADAMS ST,,JACKSONVILLE,FL,32202,,,,,Use Item Price,i,I,,0,+,,,,,,,,,,N,,0,,(UnAssigned),N,N,,(UnAssigned),Y,A,E,I,N,Y,N,,,0,0,0,0,0,0,M,ACCOUNTS PAYABLE,N,E,,N,N,E,,E,,N,E,,45,,8/14/2009 2:45:55 PM,CMS,8/25/2017 2:58:23 PM,PETE,N,10450
445910,JAX. PROPELLER & MACHINE,CO.,504 EAST 8TH STREET,JACKSONVILLE,FL.,32206,904-353-6213,904-353-6214,MICHAEL,KILCOIN,,,,,MICHAEL,KILCOIN,,,,,,FLORIDASALES,10,Randy Frontz,0,(UNASSIGNED),DV,Duval County,N,,,(UnAssigned),1%10 NET 30,7/19/2007,200,,,0,0,0,0,0,0,0,Best Way,Destination,P,Y,,0,Y,0,N,P,0,0,(UnAssigned),N,N,0,,,,,,,,,,,,Use Item Price,i,I,,0,+,,,,,,,,,,N,,0,,(UnAssigned),Y,N,,(UnAssigned),,,E,I,N,Y,N,,,0,0,0,0,0,0,P,,N,E,,N,N,E,,E,,N,E,,45,,8/14/2009 2:45:56 PM,CMS,8/25/2009 2:06:17 PM,JACKIE,N,10451
446051,PEPPER POT,,4233 BRENTWOOD AVENUE,JACKSONVILLE,FL,32208,904-355-2740,904-,ASTON,GORDON,,,,,ASTON,GORDON,,,,,,FLORIDASALES,20,RANDY FRONTZ,0,(UNASSIGNED),DV,Duval County,N,,,(UnAssigned),C.O.D. BY REQUEST,5/12/2008,350,,,0,0,0,0,0,0,0,Best Way,Destination,P,Y,,0,Y,0,N,P,1,0,Downtown,N,N,0,,,,,,,,,,,,Use Item Price,i,I,,0,+,,,,,,,,,,N,,0,,(UnAssigned),Y,N,,(UnAssigned),,,E,I,N,Y,N,,,0,0,0,0,0,0,P,,N,E,,Y,N,E,,E,,N,E,,45,,8/14/2009 2:45:56 PM,CMS,4/6/2010 9:22:51 AM,BEVERLY,N,10452
446060,PHILIPPIAN COMMUNITY,"CHURCH, INC.",7578 NEW KINGS ROAD,JACKSONVILLE,FL,32219,904-765-7173,904-765-3887,MADELEINE,.,,,,,MADELEINE,.,,,,,,FLORIDASALES,20,RANDY FRONTZ,0,(UNASSIGNED),DV,Duval County,N,,,(UnAssigned),C.O.D,9/12/2013,500,,,0,0,0,0,0,0,0,Best Way,Destination,P,N,85-8012614200C-9 *20,0,Y,0,N,P,0,0,(UnAssigned),N,N,0,,,,,,,,,,,,Use Item Price,i,I,,0,+,,,,,,,,,,N,,0,,(UnAssigned),Y,N,,(UnAssigned),,,E,I,N,Y,N,,,0,0,0,0,0,0,P,,N,E,,Y,N,E,,E,,N,E,,45,,8/14/2009 2:45:56 PM,CMS,1/15/2016 11:49:23 AM,STEVE,N,10453
446270,PRIDE ENTERPRISES,223 Morrison Rd,,Brandon,FL,33511,813-324-8700,904-431-1681,DIANE/LARRY,KRAMER,,,,,DIANE/LARRY,KRAMER,,,,,,FLORIDASALES,20,RANDY FRONTZ,0,(UNASSIGNED),DV,Duval County,N,,,(UnAssigned),NET 30,11/10/2021,1000,,,0,0,0,0,0,0,0,Best Way,Destination,P,N,39-8016154242-9 *15,0,Y,0,N,P,11,0,Starke,N,Y,9,6270,PRIDE BAKER PAINT,US 90 EAST OF LAKE CITY,"OLUSTIE, FL",32072,,,,,,,Use Item Price,i,I,,0,+,,,,,,,,,,N,,0,,(UnAssigned),Y,N,,(UnAssigned),,,E,I,N,Y,N,,,0,0,0,0,0,0,M,ACCOUNTS,N,E,,N,N,E,,E,,N,E,,45,,8/14/2009 2:45:57 PM,CMS,1/15/2016 11:27:35 AM,STEVE,N,10454
446370,SCHUR AND COMPANY,P.O. BOX 56347,,JACKSONVILLE,FL,32241,904-356-6840,904-356-4401,MARK,HARRIS,mharris@schurco.com,,,,MARK,HARRIS,mharris@schurco.com,,,,,FLORIDASALES,10,Randy Frontz,0,(UNASSIGNED),DV,Duval County,N,,,(UnAssigned),NET 30,10/28/2016,1000,,,0,0,0,0,0,0,0,Best Way,Destination,P,Y,,0,Y,0,N,P,1,0,Downtown,N,Y,1,6370,"SCHUR AND COMPANY, INC.",9410 E FLA MINING BLVD,,JACKSONVILLE,FL,32257,,,,,Use Item Price,i,I,,0,+,,,,,,,,,,N,,0,,(UnAssigned),N,N,,(UnAssigned),,C,E,I,N,Y,N,,,0,0,0,0,0,0,M,DEBBIE,N,E,,N,N,E,,E,,N,E,,45,,8/14/2009 2:45:57 PM,CMS,9/20/2016 2:36:39 PM,PETE,N,10455
446555,SARGENT CYCLE PRODUCTS,A DIVISION OF MARK ONE INDUSTRIES,1036 HUBBARD STREET,JACKSONVILLE,FL,32206,904-354-4531,904-354-7979,ERNIE,MARTIN,EMARTIN@SARGENTCYCLE.COM,ERNIE,MARTIN,EMARTIN@SARGENTCYCLE.COM,DEBBIE/MARK,.,,,,,,FLORIDASALES,10,Randy Frontz,0,(UNASSIGNED),EX,Tax Exempt,N,,,(UnAssigned),NET 30,3/21/2018,1000,,,0,0,0,0,0,0,0,Best Way,Destination,P,N,26-8015398222-4 15,0,Y,0,N,P,1,0,Downtown,N,N,0,,,,,,,,,,,,Use Item Price,i,I,,0,+,,,,,,,,,,N,,0,,(UnAssigned),N,N,,(UnAssigned),Y,A,E,I,N,Y,N,,,0,0,0,0,0,0,M,ANDREA,N,E,,N,N,E,,E,,N,E,,45,,8/14/2009 2:45:57 PM,CMS,8/21/2018 9:26:20 AM,RANDY,N,10456
447810,"TURBO CARE, INC.",11616 COLUMBIA PARK DR. W,,JACKSONVILLE,FL,32258,904-260-4003,904-260-4006,JOHN,BROUNTAS,,,,,JOHN,BROUNTAS,,,,,,FLORIDASALES,10,Randy Frontz,0,(UNASSIGNED),DV,Duval County,N,,,(UnAssigned),NET 45,3/28/2013,1000,,,0,0,0,0,0,0,0,Best Way,Destination,P,Y,,0,Y,0,N,P,0,0,(UnAssigned),N,Y,1,7810,TURBO CARE-JACKSONVILLE,11616 COLUMBIA PARK DR. W,"JACKSONVILLE, FL 32258",,,,,,,,Use Item Price,i,I,,0,+,,,,,,,,,,N,,0,,(UnAssigned),Y,N,,(UnAssigned),,C,E,I,N,Y,N,,,0,0,0,0,0,0,M,alice,N,E,,N,N,E,,E,,N,E,,45,,8/14/2009 2:45:57 PM,CMS,3/27/2013 1:42:04 PM,JOHN,N,10457
447890,VIRGINIA T'S,,P.O. BOX 760,HEBRON,OH,43025,904-766-3055,904-766-3499,Kim,k,,Kim,k,,AP,.,AP@HERSPW.COM,,,,,FLORIDASALES,50,RANDY FRONTZ,0,(UNASSIGNED),DV,Duval County,N,,,(UnAssigned),NET 30,7/28/2017,1000,,,0,0,0,0,0,0,0,Best Way,Destination,P,Y,,0,Y,0,N,P,2,0,Northside,N,Y,1,7890,VIRGINIA T'S,7660 GAINESVILLE AVENUE,"JACKSONVILLE, FL 32208",,,,,,,,Use Item Price,i,I,,0,+,,,,,,,,,,N,,0,,(UnAssigned),Y,N,,(UnAssigned),,C,E,I,N,Y,N,,,0,0,0,0,0,0,M,AP,N,E,,N,N,E,,E,,N,E,,45,,8/14/2009 2:45:57 PM,CMS,12/14/2015 11:52:25 AM,RANDY,N,10458
447900,FLORIDA GLASS TEK,,2020 WEST BEAVER STREET,JACKSONVILLE,FL,32209,904-632-2001/904-356-4003,904-354-1624,DEAN,ATKINSON,,,,,DEAN,ATKINSON,,,,,,FLORIDASALES,10,Randy Frontz,0,(UNASSIGNED),DV,Duval County,N,,,(UnAssigned),NET 30,7/2/2010,2000,,,0,0,0,0,0,0,0,Best Way,Destination,P,N,26-8012219775-6,0,Y,0,N,P,1,0,Downtown,N,Y,1,7900,FLORIDA GLASS TEK,426 N. MYRTLE AVE,"JACKSONVILLE, FL",,,,FUAD,,,,Use Item Price,i,I,,0,+,,,,,,,,,,N,,0,,(UnAssigned),Y,N,,(UnAssigned),,C,E,I,N,Y,N,,,0,0,0,0,0,0,M,VALERIE,N,E,,N,N,E,,E,,N,E,,45,,8/14/2009 2:45:58 PM,CMS,7/1/2010 12:07:18 PM,JACKIE,N,10459
447907,WESTROCK,PO Box 100084,,DULUTH,GA,30096,904-714-3214 AP# 904-330-3199,904-714-3277,KEVIN,REYNAUD,KREYNAUD@ROCKTENN.COM,,,,A/P,CUSTOMER SUPPORT,gbsap@westrock.com,,,,,FLORIDASALES,10,Randy Frontz,0,(UNASSIGNED),DV,Duval County,N,,,(UnAssigned),NET 60,3/13/2026,15000,,,9436.78,0,9240.7,0,0,0,196.08,Best Way,Destination,P,Y,,0,Y,0,N,P,2,0,Northside,N,Y,1,7907,RockTenn Company,9469 EASTPORT ROAD,"JACKSONVILLE, FL 32218",,,,,,,,Use Item Price,i,I,,0,+,A/P EMAIL: jaxcmd2ssapcs@,rocktenn.com,,,,,,,,N,,0,,(UnAssigned),N,N,,(UnAssigned),Y,A,B,A,Y,Y,N,,,0,0,0,0,0,0,M,PO,N,E,,N,N,E,,E,,N,E,,37,,8/14/2009 2:45:58 PM,CMS,9/6/2024 10:21:17 AM,NATE,N,10460
447960,G.E. APPLIANCES,600 WHITTAKER ROAD,,JACKSONVILLE,FL,32218,904-696-1367,904-696-9690,CHRIS,.,,,,,CHRIS,.,,,,,,FLORIDASALES,10,Randy Frontz,0,(UNASSIGNED),DV,Duval County,N,,,(UnAssigned),CREDIT CARD,2/16/2009,2000,,,0,0,0,0,0,0,0,Best Way,Destination,P,Y,,0,Y,0,N,P,2,0,Northside,N,Y,1,7965,G.E.HARRIS-HARMON,6830 HIGHWAY AVE.,"JACKSONVILLE, FL 32254",ATT:DEBBIE,,,,,,,Use Item Price,i,I,,0,+,,,,,,,,,,N,,0,,(UnAssigned),Y,N,,(UnAssigned),,,E,I,N,Y,N,,,0,0,0,0,0,0,P,,N,E,,N,N,E,,E,,N,E,,45,,8/14/2009 2:45:58 PM,CMS,9/16/2009 10:34:43 AM,DAWN,N,10461
447981,G.E. SUPPLY COMPANY,ATTN: ACCOUNTS PAYABLE,P.O. BOX 3221,NAPERVILLE,IL,60566,904-350-7041,904-350-7030,AARON,OLSON,,,,,AARON,OLSON,,,,,,FLORIDASALES,10,Randy Frontz,0,(UNASSIGNED),DV,Duval County,N,,,(UnAssigned),NET 30,2/13/2007,1000,,,0,0,0,0,0,0,0,Best Way,Destination,P,N,80-8013683448-5,0,Y,0,N,P,0,0,(UnAssigned),N,Y,1,7981,G.E. SUPPLY CO.,1351 EAST FOURTH STREET,"JACKSONVILLE, FL 32206",,,,,,,,Use Item Price,i,I,,0,+,,,,,,,,,,N,,0,,(UnAssigned),Y,N,,(UnAssigned),,,E,I,N,Y,N,,,0,0,0,0,0,0,P,,N,E,,N,N,E,,E,,N,E,,45,,8/14/2009 2:45:58 PM,CMS,8/25/2009 2:05:21 PM,JACKIE,N,10462
448250,UNITED STATES GYPSUM CO.,P.O. BOX 982126,,EL PASO,TX,79998-2126,904-768-2501,904-493-6396,DAVID,GAUSE,DGAUSE@usg.com,,,,Accounts,Payable,AP_INVOICE_USG@usg.com,,,,,FLORIDASALES,10,Randy Frontz,0,(UNASSIGNED),DV,Duval County,N,,,(UnAssigned),NET 30,7/23/2025,5000,,,0.5,0,0,0,0,0,0.5,Best Way,Destination,P,Y,,0,Y,0,N,P,2,0,Northside,N,Y,1,8400,UNITED STATES GYPSUM CO.,ACROSS FROM MILL,6628 EVERGREEN AVENUE,"JACKSONVILLE,",FL,32208,,,,,Use Item Price,i,I,,0,+,,,,,,RECEIVING CLOSES AT 2:30 PM,,,,N,,0,,(UnAssigned),N,N,,(UnAssigned),Y,A,D,A,N,Y,N,,,0,0,0,0,0,0,M,Accounts,N,E,,N,N,E,,E,,N,E,,45,,8/14/2009 2:45:59 PM,CMS,12/9/2022 2:45:29 PM,JEFF,N,10463
448455,W & O SUPPLY,ACCOUNTS PAYABLE DEPT,P.O. BOX 933067,ATLANTA,GA,31193,904-354-3800,904-634-1321,DAN,RYDER,,,,,DAN,RYDER,,,,,,FLORIDASALES,51,RANDY FRONTZ,0,(UNASSIGNED),DV,Duval County,N,,,(UnAssigned),NET 30,4/15/2015,2000,,,0,0,0,0,0,0,0,Best Way,Destination,P,N,,0,Y,0,N,P,2,0,Northside,N,Y,1,7800,W & O SUPPLY,2677 PORT INDUSTRIAL DR,"JACKSONVILLE, FL",32226,,,,,,,Use Item Price,i,I,,0,+,,,,,,,,,,N,,0,,(UnAssigned),Y,N,,(UnAssigned),,C,E,I,N,Y,N,,,0,0,0,0,0,0,M,HEATHER,N,E,,N,N,E,,E,,N,E,,11,,8/14/2009 2:45:59 PM,CMS,4/16/2015 9:28:14 AM,STEVE,N,10464
449025,SCREEN PROCESS PRINTERS,,P O BOX 2511,JACKSONVILLE,FL,32203,904-354-8708,904-353-3342,ALLEN,LANGLY/PAULA,,,,,ALLEN,LANGLY/PAULA,,,,,,FLORIDASALES,10,Randy Frontz,0,(UNASSIGNED),DV,Duval County,N,,,(UnAssigned),NET 30,11/7/2008,500,,,0,0,0,0,0,0,0,Best Way,Destination,P,Y,26-8011996273-2,0,Y,0,N,P,5,0,Southside,N,Y,1,9025,SCREEN PROCESS PRINTERS,2202 N. MAIN ST.,,JACKSONVILLE,FL,,,,,,Use Item Price,i,I,,0,+,,,,,,,,,,N,,0,,(UnAssigned),Y,N,,(UnAssigned),,,E,I,N,Y,N,,,0,0,0,0,0,0,P,,N,E,,N,N,E,,E,,N,E,,45,,8/14/2009 2:45:59 PM,CMS,8/25/2009 2:08:14 PM,JACKIE,N,10465
500001,RUBBER AND GASKET,"SPECIALTIES, INC.",4120 HAINES STREET,JACKSONVILLE,FL,32206,904-359-0010,904-359-0890,LINDA,PATRICK,,,,,LINDA,PATRICK,,,,,,FLORIDASALES,10,Randy Frontz,0,(UNASSIGNED),DV,Duval County,N,,,(UnAssigned),NET 30,11/17/2016,200,,,0,0,0,0,0,0,0,Best Way,Destination,P,Y,,0,Y,0,N,P,0,0,(UnAssigned),N,N,0,,,,,,,,,,,,Use Item Price,i,I,,0,+,,,,,,,,,,N,,0,,(UnAssigned),Y,N,,(UnAssigned),,,E,I,N,Y,N,,,0,0,0,0,0,0,P,,N,E,,N,N,E,,E,,N,E,,51,,8/14/2009 2:45:59 PM,CMS,8/25/2009 12:46:16 PM,JACKIE,N,10466
500003,EARTH-PRO,956 N. LIBERTY STREET,,JACKSONVILLE,FL,32206,904-355-1246,,BETHANY,.,,,,,BETHANY,.,,,,,,FLORIDASALES,10,Randy Frontz,0,(UNASSIGNED),DV,Duval County,N,,,(UnAssigned),NET 30,2/15/2010,200,,,0,0,0,0,0,0,0,Best Way,Destination,P,N,26-8011994149-0,0,Y,0,N,P,0,0,(UnAssigned),N,N,0,,,,,,,,,,,,Use Item Price,i,I,,0,+,,,,,,,,,,N,,0,,(UnAssigned),Y,N,,(UnAssigned),,,E,I,N,Y,N,,,0,0,0,0,0,0,P,,N,E,,N,N,E,,E,,N,E,,51,,8/14/2009 2:46:00 PM,CMS,2/15/2010 1:18:32 PM,JOHN,N,10467
500004,MAZDA CITY,6916 BLANDING BLVD,,JACKSONVILLE,FL,32244,904-779-0600//904-725-0911,904-779-5967,GREG,HEARD,GREGGHEARD@MAZDA.COM,BJ,SCOTT,,GREG,HEARD,GREGGHEARD@MAZDA.COM,,,,,FLORIDASALES,51,RANDY FRONTZ,0,(UNASSIGNED),DV,Duval County,N,,,(UnAssigned),NET 30,1/2/2014,500,,,0,0,0,0,0,0,0,Best Way,Destination,P,Y,,0,Y,0,N,P,6,0,Orange Park,N,N,0,,,,,,,,,,,,Use Item Price,i,I,,0,+,,,,,,,,,,N,,0,,(UnAssigned),Y,N,,(UnAssigned),,,E,I,N,Y,N,,,0,0,0,0,0,0,P,,N,E,,N,N,E,,E,,N,E,,51,,8/14/2009 2:46:00 PM,CMS,12/22/2014 9:45:06 AM,BRITTANY,N,10468
520000,SIGHT & SOUND PRODUCTIONS,11193 ST JOHNS INDUSTRIAL,PARKWAY NORTH,JACKSONVILLE,FL,32246,904-645-7880,904-645-7787,WARREN,.,,,,,WARREN,.,,,,,,FLORIDASALES,24,Artie Hardie - Existing,0,(UNASSIGNED),DV,Duval County,N,,,(UnAssigned),NET 30,6/8/2007,1000,,,0,0,0,0,0,0,0,Best Way,Destination,P,Y,,0,Y,0,N,P,0,0,(UnAssigned),N,N,0,,,,,,,,,,,,Use Item Price,i,I,,0,+,,,,,,,,,,N,,0,,(UnAssigned),Y,N,,(UnAssigned),,,E,I,N,Y,N,,,0,0,0,0,0,0,P,,N,E,,N,N,E,,E,,N,E,,53,,8/14/2009 2:46:00 PM,CMS,12/5/2013 6:38:13 AM,RANDY,N,10469
520001,FLORIDA MENTOR,8230 BAYCENTER ROAD,,JACKSONVILLE,FL,32256,904-739-8015,904-739-8256,JOZEF,.,,,,,JOZEF,.,,,,,,FLORIDASALES,78,RANDY FRONTZ,0,(UNASSIGNED),DV,Duval County,N,,,(UnAssigned),CREDIT CARD,9/18/2012,500,,,0,0,0,0,0,0,0,PICKUP,Destination,P,Y,,0,Y,0,N,P,17,0,Customer Pickup,N,N,0,,,,,,,,,,,,Use Item Price,i,I,,0,+,,,,,,,,,,N,,0,,(UnAssigned),N,N,,(UnAssigned),,,E,I,N,Y,N,,,0,0,0,0,0,0,P,,N,E,,Y,N,E,,E,,N,E,,53,,8/14/2009 2:46:00 PM,CMS,3/19/2013 4:14:43 PM,JACKIE,N,10470
520003,"GATOR OFFICE FURNITURE, INC.",4827 PHILIPS HIGHWAY,,JACKSONVILLE,FL,32207,904-724-6400,904-727-9944,MIKE,SAME,DWEST@GATOROFFICE.COM,,,,MIKE,SAME,DWEST@GATOROFFICE.COM,,,,,FLORIDASALES,78,RANDY FRONTZ,0,(UNASSIGNED),DV,Duval County,N,,,(UnAssigned),NET 30,12/11/2013,1000,,,0,0,0,0,0,0,0,Best Way,Destination,P,N,26-8013021292-2,0,Y,0,N,P,0,0,(UnAssigned),N,N,0,,,,,,,,,,,,Use Item Price,i,I,,0,+,,,,,,,,,,N,,0,,(UnAssigned),Y,N,,(UnAssigned),,C,E,I,N,Y,N,,,0,0,0,0,0,0,P,P,N,E,,N,N,E,,E,,N,E,,53,,8/14/2009 2:46:01 PM,CMS,7/1/2024 2:44:58 PM,NATE,N,10471
520004,BRIGGS EQUIPMENT,5323 PHILIPS HIGHWAY,,JACKSONVILLE,FL,32207,904-636-6677,904-636-9295,JOSE,PEPE ANTIGA,,JOSE,PEPE ANTIGA,,JOSE,PEPE ANTIGA,,,,,,FLORIDASALES,52,RANDY FRONTZ,0,(UNASSIGNED),DV,Duval County,N,,,(UnAssigned),NET 30,11/16/2009,500,,,0,0,0,0,0,0,0,Best Way,Destination,P,Y,,0,Y,0,N,P,0,0,(UnAssigned),N,N,0,,,,,,,,,,,,Use Item Price,i,I,,0,+,,,,,,,,,,N,,0,,(UnAssigned),Y,N,,(UnAssigned),,,E,I,N,Y,N,,,0,0,0,0,0,0,P,,N,E,,N,N,E,,E,,N,E,,53,,8/14/2009 2:46:01 PM,CMS,3/22/2013 11:22:55 AM,NEAL,N,10472
520005,ATLANTECH DISTRIBUTION,2912 DAWN ROAD,,JACKSONVILLE,FL,32207,904-730-2505,904-730-2518,JESSICA,.,,,,,JESSICA,.,,,,,,FLORIDASALES,51,RANDY FRONTZ,0,(UNASSIGNED),DV,Duval County,N,,,(UnAssigned),NET 30,5/7/2012,500,,,0,0,0,0,0,0,0,Best Way,Destination,P,Y,,0,Y,0,N,P,0,0,(UnAssigned),N,N,0,,,,,,,,,,,,Use Item Price,i,I,,0,+,,,,,,,,,,N,,0,,(UnAssigned),Y,N,,(UnAssigned),,C,E,I,N,Y,N,,,0,0,0,0,0,0,P,,N,E,,N,N,E,,E,,N,E,,53,,8/14/2009 2:46:01 PM,CMS,10/14/2014 3:23:02 PM,RANDY,N,10473
520007,TOTAL OFFICE SOLUTIONS,4301 EMERSON STREET,,JACKSONVILLE,FL,32207,904-353-4020,904-353-9661,TINA,.,,,,,TINA,.,,,,,,FLORIDASALES,51,RANDY FRONTZ,0,(UNASSIGNED),DV,Duval County,N,,,(UnAssigned),NET 30,9/27/2007,2500,,,0,0,0,0,0,0,0,Best Way,Destination,P,Y,,0,Y,0,N,P,0,0,(UnAssigned),N,N,0,,,,,,,,,,,,Use Item Price,i,I,,0,+,,,,,,,,,,N,,0,,(UnAssigned),Y,N,,(UnAssigned),,,E,I,N,Y,N,,,0,0,0,0,0,0,P,,N,E,,N,N,E,,E,,N,E,,53,,8/14/2009 2:46:02 PM,CMS,10/13/2014 4:45:54 PM,RANDY,N,10474
520008,SUMMIT ELECTRIC SUPPLY,6801 SUEMAC PLACE,,JACKSONVILLE,FL,32254,904-394-1600,904-394-1601,CHRIS,STANLEY,,,,,CHRIS,STANLEY,,,,,,FLORIDASALES,52,RANDY FRONTZ,0,(UNASSIGNED),DV,Duval County,N,,,(UnAssigned),NET 30,5/12/2008,2000,,,0,0,0,0,0,0,0,Best Way,Destination,P,Y,,0,Y,0,N,P,0,0,(UnAssigned),N,N,0,,,,,,,,,,,,Use Item Price,i,I,,0,+,,,,,,,,,,N,,0,,(UnAssigned),Y,N,,(UnAssigned),,,E,I,N,Y,N,,,0,0,0,0,0,0,P,,N,E,,N,N,E,,E,,N,E,,53,,8/14/2009 2:46:02 PM,CMS,,,N,10475
520009,SUMMIT ELECTRIC SUPPLY-OL,4201 SHADER ROAD,SUITE C300,ORLANDO,FL,32808,321-558-2900,,LEON,.,,,,,LEON,.,,,,,,FLORIDASALES,52,RANDY FRONTZ,0,(UNASSIGNED),DV,Duval County,N,,,(UnAssigned),NET 30,5/10/2007,1000,,,0,0,0,0,0,0,0,Best Way,Destination,P,Y,,0,Y,0,N,P,0,0,(UnAssigned),N,N,0,,,,,,,,,,,,Use Item Price,i,I,,0,+,,,,,,,,,,N,,0,,(UnAssigned),Y,N,,(UnAssigned),,,E,I,N,Y,N,,,0,0,0,0,0,0,P,,N,E,,N,N,E,,E,,N,E,,53,,8/14/2009 2:46:02 PM,CMS,,,N,10476
520010,LANDON MIDDLE SCHOOL,1819 THACKER AVENUE,,JACKSONVILLE,FL,32207,904-346-5650,904-346-5657,GWEN,EUBANKS,EubanksG@duvalschools.org,,,,GWEN,EUBANKS,EubanksG@duvalschools.org,,,,,FLORIDASALES,10,Randy Frontz,0,(UNASSIGNED),DV,Duval County,N,,,(UnAssigned),NET 30,9/29/2014,1000,,,0,0,0,0,0,0,0,Best Way,Destination,P,N,85-8013988912C-0,0,Y,0,N,P,5,0,Southside,N,N,0,,,,,,,,,,,,Use Item Price,i,I,,0,+,,,,,,,,,,N,,0,,(UnAssigned),Y,N,,(UnAssigned),,,E,I,N,Y,N,,,0,0,0,0,0,0,M,GWEN,N,E,,N,N,E,,E,,N,E,,53,,8/14/2009 2:46:02 PM,CMS,2/6/2015 8:14:15 AM,STEVE,N,10477
520011,BILTMORE ELEMENTARY,SCHOOL,2101 W. PALM AVENUE,JACKSONVILLE,FL,32254,904-693-7569,904-693-7574,SUSAN,MCGETTIGAN,,,,,SUSAN,MCGETTIGAN,,,,,,FLORIDASALES,10,Randy Frontz,0,(UNASSIGNED),DV,Duval County,N,,,(UnAssigned),NET 30,11/19/2007,200,,,0,0,0,0,0,0,0,Best Way,Destination,P,N,85-8012565050C-7,0,Y,0,N,P,0,0,(UnAssigned),N,N,0,,,,,,,,,,,,Use Item Price,i,I,,0,+,,,,,,,,,,N,,0,,(UnAssigned),Y,N,,(UnAssigned),,,E,I,N,Y,N,,,0,0,0,0,0,0,P,,N,E,,N,N,E,,E,,N,E,,53,,8/14/2009 2:46:03 PM,CMS,8/20/2010 10:06:09 AM,RANDY,N,10478
520012,DUVAL COUNTY PUBLIC SCHL/ACCOUNTING,1701 PRUDENTIAL DR,2ND FLOOR,JACKSONVILLE,FL,32207,904/739-5249,904-739-5299,DIANE,HIGHSMITH,,,,,DIANE,HIGHSMITH,,,,,,FLORIDASALES,10,Randy Frontz,0,(UNASSIGNED),DV,Duval County,N,,,(UnAssigned),NET 30,4/7/2021,500,,,0,0,0,0,0,0,0,Best Way,Destination,P,N,85-8013988912C-0,0,Y,0,N,P,0,0,(UnAssigned),N,Y,19,12,GREENFIELD ELEMENTARY,SCHOOL,6343 KNIGHTS LANE NORTH,"JACKSONVILLE,",FL,32216,SHIRLEY,,,,Use Item Price,i,I,,0,+,,,,,,,,,,N,,0,,(UnAssigned),N,N,,(UnAssigned),,,E,I,N,Y,N,,,0,0,0,0,0,0,P,,N,E,,N,N,E,,E,,N,E,,53,,8/14/2009 2:46:03 PM,CMS,9/9/2020 8:49:57 AM,NEAL,N,10479
520013,MARTIN LUTHER KING JR,ELEMENTARY SCHOOL,8801 LAKE PLACID DR EAST,JACKSONVILLE,FL,32208,904-924-3027,904-766-9031,MRS,STAMPER,,,,,MRS,STAMPER,,,,,,FLORIDASALES,52,RANDY FRONTZ,0,(UNASSIGNED),DV,Duval County,N,,,(UnAssigned),NET 30,5/1/2008,400,,,0,0,0,0,0,0,0,Best Way,Destination,P,N,,0,Y,0,N,P,0,0,(UnAssigned),N,N,0,,,,,,,,,,,,Use Item Price,i,I,,0,+,,,,,,,,,,N,,0,,(UnAssigned),Y,N,,(UnAssigned),,,E,I,N,Y,N,,,0,0,0,0,0,0,P,,N,E,,N,N,E,,E,,N,E,,53,,8/14/2009 2:46:03 PM,CMS,,,N,10480
520014,ABESS PARK ELEMENTARY,12731 ABESS BLVD,,JACKSONVILLE,FL,32225,904/220-1260,,ANN,CURRAN EXT 108,currana@duvalschools.org,,,,ANN,CURRAN EXT 108,currana@duvalschools.org,,,,,FLORIDASALES,10,Randy Frontz,0,(UNASSIGNED),DV,Duval County,N,,,(UnAssigned),NET 30,12/10/2009,1500,,,0,0,0,0,0,0,0,Best Way,Destination,P,N,,0,Y,0,N,P,0,0,(UnAssigned),N,N,0,,,,,,,,,,,,Use Item Price,i,I,,0,+,,,,,,,,,,N,,0,,(UnAssigned),Y,N,,(UnAssigned),,,E,I,N,Y,N,,,0,0,0,0,0,0,M,ANN,N,E,,N,N,E,,E,,N,E,,53,,8/14/2009 2:46:03 PM,CMS,8/20/2010 10:07:11 AM,RANDY,N,10481
520015,"VULCAN MFG CO., INC.",P.O. BOX 5825,,JACKSONVILLE,FL,32247,904-737-0411,904-737-0777,ROBIN,.,robin@vulcanmfg.com,,,,ROBIN,.,robin@vulcanmfg.com,,,,,FLORIDASALES,10,Randy Frontz,0,(UNASSIGNED),DV,Duval County,N,,,(UnAssigned),NET 30,2/26/2026,500,,,0,0,0,0,0,0,0,Best Way,Destination,P,N,26-8012275614-8 *16,0,Y,0,N,P,5,0,Southside,N,Y,1,15,VULCAN MFG,4115 UNIVERSITY BLVD CT,BAY 8,"JACKSONVILLE,",FL,32217,,,,,Use Item Price,i,I,,0,+,,,,,,CLOSED ON FRIDAYS,,,,N,,0,,(UnAssigned),Y,N,,(UnAssigned),,C,C,I,N,Y,N,,,0,0,0,0,0,0,M,Emery,N,E,,N,N,E,ROBIN,E,,N,E,,53,,8/14/2009 2:46:04 PM,CMS,3/31/2022 11:00:22 AM,NATE,N,10482
520016,HENDRIX AVENUE ELEMENTARY,3400 HENDRIX AVENUE,,JACKSONVILLE,FL,32207,904-346-5610,904-346-5616,DEBBIE,BAILEY,,,,,DEBBIE,BAILEY,,,,,,FLORIDASALES,10,Randy Frontz,0,(UNASSIGNED),DV,Duval County,N,,,(UnAssigned),NET 30,7/29/2008,1000,,,0,0,0,0,0,0,0,Best Way,Destination,P,N,,0,Y,0,N,P,0,0,(UnAssigned),N,N,0,,,,,,,,,,,,Use Item Price,i,I,,0,+,,,,,,,,,,N,,0,,(UnAssigned),Y,N,,(UnAssigned),,,E,I,N,Y,N,,,0,0,0,0,0,0,P,,N,E,,N,N,E,,E,,N,E,,53,,8/14/2009 2:46:04 PM,CMS,8/20/2010 10:09:11 AM,RANDY,N,10483
520017,CEDAR HILLS ELEMENTARY SCHOOL,6534 ISH BRANT ROAD,,JACKSONVILLE,FL,32210,904-573-1050,904-573-1051,ERICA,OUTING # 104,,,,,ERICA,OUTING # 104,,,,,,FLORIDASALES,78,RANDY FRONTZ,0,(UNASSIGNED),DV,Duval County,N,,,(UnAssigned),NET 30,9/2/2008,1000,,,0,0,0,0,0,0,0,Best Way,Destination,P,N,,0,Y,0,N,P,0,0,(UnAssigned),N,N,0,,,,,,,,,,,,Use Item Price,i,I,,0,+,,,,,,,,,,N,,0,,(UnAssigned),Y,N,,(UnAssigned),,,E,I,N,Y,N,,,0,0,0,0,0,0,P,,N,E,,N,N,E,,E,,N,E,,53,,8/14/2009 2:46:04 PM,CMS,11/8/2012 1:39:25 PM,JACKIE,N,10484
520018,MERRILL ROAD ELEMENTARY,8239 MERRILL ROAD,,JACKSONVILLE,FL,32277,904-745-4919,,SHIRLEY,BOWLES 223,,,,,SHIRLEY,BOWLES 223,,,,,,FLORIDASALES,10,Randy Frontz,0,(UNASSIGNED),DV,Duval County,N,,,(UnAssigned),NET 30,5/10/2010,500,,,0,0,0,0,0,0,0,Best Way,Destination,P,N,,0,Y,0,N,P,0,0,(UnAssigned),N,N,0,,,,,,,,,,,,Use Item Price,i,I,,0,+,,,,,,,,,,N,,0,,(UnAssigned),Y,N,,(UnAssigned),,,E,I,N,Y,N,,,0,0,0,0,0,0,P,,N,E,,N,N,E,,E,,N,E,,53,,8/14/2009 2:46:04 PM,CMS,8/20/2010 10:09:55 AM,RANDY,N,10485
520019,PRO-TEC POWDER COATING,8975 PHILIPS HIGHWAY,,JACKSONVILLE,FL,32256,904-363-2064,904-363-2089,FRANK,.,,,,,FRANK,.,,,,,,FLORIDASALES,78,RANDY FRONTZ,0,(UNASSIGNED),DV,Duval County,N,,,(UnAssigned),CREDIT CARD,9/12/2008,500,,,0,0,0,0,0,0,0,Best Way,Destination,P,Y,,0,Y,0,N,P,0,0,(UnAssigned),N,N,0,,,,,,,,,,,,Use Item Price,i,I,,0,+,,,,,,,,,,N,,0,,(UnAssigned),Y,N,,(UnAssigned),,,E,I,N,Y,N,,,0,0,0,0,0,0,P,,N,E,,N,N,E,,E,,N,E,,53,,8/14/2009 2:46:05 PM,CMS,8/20/2010 10:10:23 AM,RANDY,N,10486
520020,INVACARE,8000 FORSHEE DRIVE,,JACKSONVILLE,FL,32219,1-508-422-9010,1-508-422-9009,DARREN,RHODES,drhodes@invacare.com,,,,DARREN,RHODES,drhodes@invacare.com,,,,,FLORIDASALES,10,Randy Frontz,0,(UNASSIGNED),DV,Duval County,N,,,(UnAssigned),CREDIT CARD,8/22/2012,500,,,0,0,0,0,0,0,0,Best Way,Destination,P,Y,,0,Y,0,N,P,7,0,Westside,N,N,0,,,,,,,,,,,,Use Item Price,i,I,,0,+,,,,,,,,,,N,,0,,(UnAssigned),N,N,,(UnAssigned),Y,A,E,I,N,Y,N,,,0,0,0,0,0,0,M,DARREN,N,E,,N,N,E,,E,,N,E,,53,,8/14/2009 2:46:05 PM,CMS,8/22/2012 3:07:13 PM,JACKIE,N,10487
520021,COMMUNITIES IN SCHOOLS,ONE RIVERSIDE AVENUE,SUITE 400,JACKSONVILLE,FL,32202,904-366-6350,904-366-6330,TRINA,ACCOUNTS PAYABLE,,,,,TRINA,ACCOUNTS PAYABLE,,,,,,FLORIDASALES,10,Randy Frontz,0,(UNASSIGNED),DV,Duval County,N,,,(UnAssigned),NET 30,11/3/2013,2000,,,0,0,0,0,0,0,0,Best Way,Destination,P,N,85-8012532205C-5,0,Y,0,N,P,0,0,(UnAssigned),N,N,0,,,,,,,,,,,,Use Item Price,i,I,,0,+,,,,,,,,,,N,,0,,(UnAssigned),Y,N,,(UnAssigned),,C,E,I,N,Y,N,,,0,0,0,0,0,0,P,,N,E,,N,N,E,,E,,N,E,,53,,8/14/2009 2:46:05 PM,CMS,1/5/2015 10:01:39 AM,STEVE,N,10488
520033,INMOTION ENTERTAINMENT,4801 EXECUTIVE PARK COURT,SUITE 100,JACKSONVILLE,FL,32216,904-332-0441,904-332-9228,GEORGE,RUDD,GRUDD@INMOTIONSTORES.COM,,,,PETER,CASS,PCASS@INMOTIONSTORES.COM,,,,,FLORIDASALES,10,Randy Frontz,0,(UNASSIGNED),DV,Duval County,N,,,(UnAssigned),NET 30,3/5/2014,500,,,0,0,0,0,0,0,0,Best Way,Destination,P,Y,,0,Y,0,N,P,5,0,Southside,N,N,0,,,,,,,,,,,,Use Item Price,i,I,,0,+,,,,,,,,,,N,,0,,(UnAssigned),N,N,,(UnAssigned),Y,A,E,I,N,Y,N,,,0,0,0,0,0,0,M,ERIKA,N,E,,N,N,E,,E,,N,E,,53,,8/14/2009 2:46:06 PM,CMS,6/20/2013 12:05:01 PM,JOHN,N,10489
520200,AGGRESSIVE SIGNS,3365 WEST BEAVER STREET,,JACKSONVILLE,FL,32254,904-388-7823,904-388-7896,JUDY,acct,judy@aggressivesign.com,,,,JUDY,acct,judy@aggressivesign.com,,,,,FLORIDASALES,51,RANDY FRONTZ,0,(UNASSIGNED),DV,Duval County,N,,,(UnAssigned),NET 30,10/26/2017,500,,,0,0,0,0,0,0,0,Best Way,Destination,P,Y,,0,Y,0,N,P,7,0,Westside,N,N,0,,,,,,,,,,,,Use Item Price,i,I,,0,+,,,,,,,,,Y,N,,0,,(UnAssigned),Y,N,,(UnAssigned),,,E,I,N,Y,N,,,0,0,0,0,0,0,M,JUDY,N,E,,N,N,E,,E,,N,E,,53,,8/14/2009 2:46:06 PM,CMS,8/30/2017 12:15:30 PM,PETE,N,10490
520205,PREMIER BEVERAGE CO,525 PROGRESS DRIVE,SUITE E,LINTHICUM,MD,21090,904-781-7140,904-781-1647,TONY/GORDON,.,,,,,TONY/GORDON,.,,,,,,FLORIDASALES,51,RANDY FRONTZ,0,(UNASSIGNED),DV,Duval County,N,,,(UnAssigned),NET 30,12/4/2009,2000,,,0,0,0,0,0,0,0,Best Way,Destination,P,Y,,0,Y,0,N,P,0,0,(UnAssigned),N,Y,1,205,PREMIER BEVERAGE CO,2001 NORTH ELLIS ROAD,,JACKSONVILLE,FL,32254,,,,,Use Item Price,i,I,,0,+,,,,,,,,,,N,,0,,(UnAssigned),Y,N,,(UnAssigned),,,E,I,N,Y,N,,,0,0,0,0,0,0,P,,N,E,,N,N,E,,E,,N,E,,53,,8/14/2009 2:46:06 PM,CMS,10/14/2014 9:35:45 AM,RANDY,N,10491
520390,APEX COLOR,200 NORTH LEE STREET,,JACKSONVILLE,FL,32204,904-358-2928,904-358-8811,JERRY,WALTERS,jerry@apexcolor.net,JERRY,WALTERS,jerry@apexcolor.net,DAVID,CARVER,david@apexcolor.net,,,,www.apexcolor.net,FLORIDASALES,10,Randy Frontz,0,(UNASSIGNED),DV,Duval County,N,,,(UnAssigned),NET 30,7/27/2020,10000,,,0,0,0,0,0,0,0,Best Way,Destination,P,N,26-8011936806-4,0,Y,0,N,P,1,0,Downtown,N,N,0,,,,,,,,,,,,Use Item Price,i,I,,0,+,ARLINGTON PRINTING & STATIONER,,,,,,,,,N,,0,,(UnAssigned),Y,N,,(UnAssigned),Y,A,E,I,N,Y,N,,,0,0,0,0,0,0,M,ACCOUNTING,N,E,,N,N,E,,E,,N,E,,53,,8/14/2009 2:46:06 PM,CMS,10/18/2018 11:45:47 AM,PETE,N,10492
520700,AMERICAN COOLAIR CORP.,P.O BOX 2300,,JACKSONVILLE,FL,32203,904-389-3646,904-387-3449,ROBIN,CARTER,rcarter@coolair.com,ROBIN,CARTER,rcarter@coolair.com,ROBIN,CARTER,rcarter@coolair.com,,,,,FLORIDASALES,58,ROBIN FRONTZ-exist,0,(UNASSIGNED),DV,Duval County,N,,,(UnAssigned),NET 30,4/9/2026,2000,,,1141.76,1141.76,0,0,0,0,0,Best Way,Destination,P,N,26-8012412153-3,0,Y,0,N,P,7,0,Westside,N,Y,2,700,AMERICAN COOLAIR,3604 MAYFLOWER STREET,,JACKSONVILLE,FL,32205,ROBIN CARTER,,,,30% Profit Margin,p30,P,,30,+,,,,,,CLOSED ON FRIDAY,,,,N,,0,,(UnAssigned),Y,N,,(UnAssigned),Y,A,B,A,N,Y,N,,,0,0,0,0,0,0,M,ROBIN,N,E,,N,N,E,,E,,N,E,,53,,8/14/2009 2:46:07 PM,CMS,6/13/2024 11:20:13 AM,NATE,N,10493
521410,CONTINENTAL SYSTEMS INC.,P.O BOX 330387,,ATLANTIC BEACH,FL,32233,904-421-6261,904-421-6262,KIRSTEN,A/P,,,,,KIRSTEN,A/P,,,,,,FLORIDASALES,78,RANDY FRONTZ,0,(UNASSIGNED),DV,Duval County,N,,,(UnAssigned),NET 30,1/18/2007,2000,,,0,0,0,0,0,0,0,Best Way,Destination,P,Y,,0,Y,0,N,P,5,0,Southside,N,Y,1,1410,"CONTINENTAL SYSTEMS, INC.",6639 SOUTHPOINT PARKWAY,SUITE 104,JACKSONVILLE,FL,32216,PAM PRITCHARD,,,,Use Item Price,i,I,,0,+,,,,,,,,,,N,,0,,(UnAssigned),Y,N,,(UnAssigned),,,E,I,N,Y,N,,,0,0,0,0,0,0,P,,N,E,,N,N,E,,E,,N,E,,53,,8/14/2009 2:46:07 PM,CMS,8/20/2010 10:11:57 AM,RANDY,N,10494
522171,EAGLES VIEW ACADEMY,7788 RAMONA BLVD WEST,,JACKSONVILLE,FL,32221,904-786-1411,904-786-1445,Marian,McDermitt,mmcdermitt@evajax.com,SCOTT,KINLAW,,Marian,McDermitt,mmcdermitt@evajax.com,,,,,FLORIDASALES,51,RANDY FRONTZ,0,(UNASSIGNED),DV,Duval County,N,,,(UnAssigned),NET 30,4/10/2026,2000,,,720.03,445.58,0,0,273.85,0,0.6,Best Way,Destination,P,N,85-8012543816C-5,0,Y,0,N,P,7,0,Westside,N,N,0,,,,,,,,,,,,30% Profit Margin,p30,P,,30,+,cust wants paper inv,,,,,,,,,N,,0,,(UnAssigned),Y,N,,(UnAssigned),Y,B,C,A,N,Y,N,,,0,0,0,0,0,0,M,AP,N,E,,N,N,E,,E,,N,E,,53,,8/14/2009 2:46:07 PM,CMS,10/29/2025 8:25:29 AM,NATE,N,10495
522385,FILLINGHAM ROOFING & SHEET METAL,441 NORTH LANE AVENUE,,JACKSONVILLE,FL,32254,904-693-9363,904-693-9419,JOANNE/PATSY,.,,,,,JOANNE/PATSY,.,,,,,,FLORIDASALES,52,RANDY FRONTZ,0,(UNASSIGNED),DV,Duval County,N,,,(UnAssigned),NET 30,4/21/2016,500,,,0,0,0,0,0,0,0,Best Way,Destination,P,Y,,0,Y,0,N,P,6,0,Orange Park,N,N,0,,,,,,,,,,,,Use Item Price,i,I,,0,+,,,,,,,,,,N,,0,,(UnAssigned),Y,N,,(UnAssigned),,,E,I,N,Y,N,,,0,0,0,0,0,0,P,,N,E,,N,N,E,,E,,N,E,,53,,8/14/2009 2:46:07 PM,CMS,11/8/2012 2:35:35 PM,JACKIE,N,10496
522802,GAGER INDUSTRIES,11436 PHILLIPS HIGHWAY,,JACKSONVILLE,FL,32256,904-268-6727,904-268-2727,ROSE,PERRY,,,,,ROSE,PERRY,,,,,,FLORIDASALES,58,ROBIN FRONTZ-exist,0,(UNASSIGNED),DV,Duval County,N,,,(UnAssigned),NET 30,1/6/2026,500,,,0,0,0,0,0,0,0,Best Way,Destination,P,N,26-8012110035-3 *17,0,Y,0,N,P,5,0,Southside,N,N,0,,,,,,,,,,,,Use Item Price,i,I,,0,+,,,,,,CLOSED ON FRIDAY,DOESNT ACCEPT BACK ORDERS,,,N,,0,,(UnAssigned),Y,N,,(UnAssigned),Y,B,D,A,N,Y,N,,,0,0,0,0,0,0,M,GEORGE,N,E,,N,N,E,,E,,N,E,,53,,8/14/2009 2:46:08 PM,CMS,1/8/2021 10:27:22 AM,NATE,N,10497
522860,EXACT INC.,P.O. BOX 61087,,JACKSONVILLE,FL,32236,904-783-6640,904-783-2966,CHARLENE,PATRICK,CPATRICK@EXACTINC.COM,BOB,HEYWOOD,bheywood@exactinc.com,CHARLENE,PATRICK,CPATRICK@EXACTINC.COM,,,,,FLORIDASALES,25,ARTIE HARDIE,0,(UNASSIGNED),DV,Duval County,N,,,(UnAssigned),NET 30,8/7/2025,5000,,,3555.03,0,0,0,0,0,3555.03,Best Way,Destination,P,Y,26-8012386442-4,0,Y,0,N,P,7,0,Westside,N,Y,1,2861,EXACT INC.,5285 RAMONA BLVD.,,JACKSONVILLE,FL,32205,,,,,Use Item Price,i,I,,0,+,,,,,,,,,,N,,0,,(UnAssigned),Y,N,,(UnAssigned),Y,A,D,I,N,Y,N,,,0,0,0,0,0,0,M,JUSTIN,N,E,,N,N,E,,E,,N,E,,53,,8/14/2009 2:46:08 PM,CMS,10/29/2025 8:17:59 AM,NATE,N,10498
523250,FRAN'S BOUTIQUE/SALON,CLOTHING & ACCESSORIES,8112 NORMANDY BLVD.,JACKSONVILLE,FL,32221,904-695-9936,904-695-9938,FRAN,COXWELL,,,,,FRAN,COXWELL,,,,,,FLORIDASALES,52,RANDY FRONTZ,0,(UNASSIGNED),DV,Duval County,N,,,(UnAssigned),NET 30,7/10/2012,1000,,,0,0,0,0,0,0,0,Best Way,Destination,P,Y,,0,Y,0,N,P,0,0,(UnAssigned),N,N,0,,,,,,,,,,,,Use Item Price,i,I,,0,+,,,,,,,,,,N,,0,,(UnAssigned),Y,N,,(UnAssigned),,C,E,I,N,Y,N,,,0,0,0,0,0,0,P,,N,E,,N,N,E,,E,,N,E,,53,,8/14/2009 2:46:08 PM,CMS,11/8/2012 2:37:16 PM,JACKIE,N,10499
523801,CEDAR HILLS BAPTIST,CHURCH,4200 JAMMES ROAD,JACKSONVILLE,FL,32210,904-771-1145,904-771-5301,SARAH,MADDOX,smaddox@chbcs.org,,,,SARAH,MADDOX,smaddox@chbcs.org,,,,,FLORIDASALES,58,ROBIN FRONTZ-exist,0,(UNASSIGNED),DV,Duval County,N,,,(UnAssigned),NET 30,3/23/2023,1000,,,0,0,0,0,0,0,0,Best Way,Destination,P,N,85-8012673575C-3 *15,0,Y,0,N,P,7,0,Westside,N,N,0,,,,,,,,,,,,Use Item Price,i,I,,0,+,,,,,,,,,,N,,0,,(UnAssigned),N,N,,(UnAssigned),Y,B,E,I,N,Y,N,,,0,0,0,0,0,0,P,JODY,N,E,,N,N,E,,E,,N,E,,53,,8/14/2009 2:46:09 PM,CMS,5/2/2013 11:43:20 AM,JACKIE,N,10500
523815,CEDAR HILLS BAPTIST CHRISTIAN,SCHOOL,4200 JAMMES ROAD,JACKSONVILLE,FL,32210,904-772-0812,904-771-1699,SARAH,MADDOX,smaddox@chbcs.org,,,,SARAH,MADDOX,smaddox@chbcs.org,,,,,FLORIDASALES,58,ROBIN FRONTZ-exist,0,(UNASSIGNED),DV,Duval County,N,,,(UnAssigned),NET 30,4/8/2022,1000,,,0,0,0,0,0,0,0,Best Way,Destination,P,N,85-8012673575C-3 *20,0,Y,0,N,P,7,0,Westside,N,N,0,,,,,,,,,,,,Use Item Price,i,I,,0,+,,,,,,,,,,N,,0,,(UnAssigned),N,N,,(UnAssigned),,,E,I,N,Y,N,,,0,0,0,0,0,0,M,SARAH,N,E,,N,N,E,,E,,N,E,,53,,8/14/2009 2:46:09 PM,CMS,6/21/2017 9:35:11 AM,DAVID,N,10501
523900,HILLCREST BAPTIST CHURCH,7673 COLLINS ROAD,,JACKSONVILLE,FL,32244,904-779-9033,904-779-9032,Shannon,Ross,shannon@hbcjax.net,Shannon,Ross,shannon@hbcjax.net,,,,,,,,FLORIDASALES,58,ROBIN FRONTZ-exist,0,(UNASSIGNED),DV,Duval County,N,,,(UnAssigned),NET 30,4/15/2026,10000,,,381.08,381.08,0,0,0,0,0,Best Way,Destination,P,N,85-8012644092C-5,0,Y,0,N,P,6,0,Orange Park,N,N,0,,,,,,,,,,,,30% Profit Margin,p30,P,,30,+,,,,,,CLOSED ON FRIDAYS,,,,N,,0,,(UnAssigned),Y,N,,(UnAssigned),Y,B,D,A,N,Y,N,,,0,0,0,0,0,0,M,Accounts,N,E,,N,N,E,,E,,N,E,,53,,8/14/2009 2:46:09 PM,CMS,4/10/2024 8:43:01 AM,NATE,N,10502
525100,MEDICAL CARE PRODUCTS,4836 VICTOR STREET,,JACKSONVILLE,FL,32207,904-733-8500,904-733-8700,TOM,LANGENBACH,toml@ostomymcp.com,PAUL,MCP,PAUL@OSTOMYMCP.COM,NORMA,WEBB,NORMA@OSTOMYMCP.COM,,,,,FLORIDASALES,51,RANDY FRONTZ,0,(UNASSIGNED),DV,Duval County,N,,,(UnAssigned),NET 30,9/15/2011,1000,,,0,0,0,0,0,0,0,Best Way,Destination,P,Y,,0,Y,0,N,P,5,0,Southside,N,N,0,,,,,,,,,,,,Use Item Price,i,I,,0,+,,,,,,,,,,N,,0,,(UnAssigned),Y,N,,(UnAssigned),Y,B,E,I,N,Y,N,,,0,0,0,0,0,0,F,NORMA,N,E,,N,N,E,,E,,N,E,,53,,8/14/2009 2:46:10 PM,CMS,11/19/2014 2:21:00 PM,JACKIE,N,10504
525590,NORTHEAST FLORIDA STATE HOSPITAL,7487 SOUTH STATE ROAD 121,,MACCLENNY,FL,32063,904-259-6211,904-259-8497,KRYSTLE,DEEN,,,,,KRYSTLE,DEEN,,,,,,FLORIDASALES,24,Artie Hardie - Existing,0,(UNASSIGNED),DV,Duval County,N,,,(UnAssigned),NET 30,9/22/2020,5000,,,0,0,0,0,0,0,0,Best Way,Destination,P,N,85-8012600523C-0,0,Y,0,N,P,9,0,Macclenny,N,N,0,,,,,,,,,,,,Use Item Price,i,I,,0,+,,,,,,CLOSED ON FRIDAY'S,,,,Y,,0,,(UnAssigned),Y,N,,(UnAssigned),Y,A,E,I,N,Y,N,,,0,0,0,0,0,0,M,sandra,N,E,,N,N,E,,E,,N,E,,53,,8/14/2009 2:46:10 PM,CMS,3/23/2021 10:47:16 AM,NATE,N,10505
525850,W.W. GAY MECHANICAL,524 STOCKTON STREET,,JACKSONVILLE,FL,32204,904-394-7667,904-394-7205,ROBBY,WALTON,RWalton@wwgmc.com,,,,ROBBY,WALTON,RWalton@wwgmc.com,,,,,FLORIDASALES,58,ROBIN FRONTZ-exist,0,(UNASSIGNED),DV,Duval County,N,,,(UnAssigned),NET 30,8/20/2013,5000,,,0,0,0,0,0,0,0,Best Way,Destination,P,Y,,0,Y,0,N,P,7,0,Westside,Y,N,0,,,,,,,,,,,,Use Item Price,i,I,,0,+,MUST MAIL INVOICES TO THEM-JR,,,,,,,,,Y,,0,,(UnAssigned),N,N,,(UnAssigned),Y,A,E,I,N,Y,N,,,0,0,0,0,0,0,P,,N,E,,Y,Y,E,ROBBY,E,,N,E,,53,,8/14/2009 2:46:10 PM,CMS,7/25/2013 12:51:32 PM,LILA,N,10506
526180,RELIANCE SUPPLY OF JACKSONVILLE,P.O. BOX 6833,,JACKSONVILLE,FL,32236,904-387-0911,904-387-1109,KEN,HINKLE,Ken.hinkle@reliancesupply.com,,,,SHERRY,JONES,ACCOUNTSPAYABLE@RELIANCESUPPLY.COM,,,,,FLORIDASALES,78,RANDY FRONTZ,0,(UNASSIGNED),DV,Duval County,N,,,(UnAssigned),NET 30,7/6/2022,1000,,,134.86,0,0,0,0,0,134.86,Best Way,Destination,P,N,26-8011992561-0  *16,0,Y,0,N,P,7,0,Westside,N,Y,1,6180,RELIANCE SUPPLY OF JACKSONVILLE,219 EDGEWOOD AVENUE SOUTH,,"JACKSONVILLE,",FL,32254,,,,,Use Item Price,i,I,,0,+,,,,PLEASE FAX INVOICES TO THEM,,,,,,N,,0,,(UnAssigned),N,N,,(UnAssigned),Y,C,E,I,N,Y,N,,,0,0,0,0,0,0,M,CaMis,N,E,,N,N,E,,E,,N,E,,53,,8/14/2009 2:46:10 PM,CMS,5/3/2021 3:04:41 PM,NATE,N,10507
526200,SMOKEHOUSE MEAT MARKET,386 N. LOWDER STREET,,MACCLENNY,FL,32063,904-259-6328,904-259-6328,JOHNNY,.,smokehouse@nefcom.net,JOHNNY,.,smokehouse@nefcom.net,JOHNNY,.,smokehouse@nefcom.net,,,,,FLORIDASALES,24,Artie Hardie - Existing,0,(UNASSIGNED),BK,Baker County,N,,,(UnAssigned),C.O.D,7/25/2022,1000,,,0,0,0,0,0,0,0,Best Way,Destination,P,N,12-8016353827-4,0,Y,0,N,P,9,0,Macclenny,Y,N,0,,,,,,,,,,,,Use Item Price,i,I,,0,+,,,,,,CLOSED ON WEDNESDAYS,,,,N,,0,,(UnAssigned),Y,N,,(UnAssigned),,C,E,I,N,Y,N,,,0,0,0,0,0,0,P,,N,E,,Y,N,E,,E,,N,E,,53,,8/14/2009 2:46:11 PM,CMS,4/27/2016 11:58:10 AM,BRITTANY,N,10508
526802,OLD PLANK CHRISTIAN ACADEMY,8964 OLD PLANK RD.,,JACKSONVILLE,FL,32220,904-783-6942,904-786-9809,Amanda,Ellison,amandaellison@OPRBC.ORG,,,,Amanda,Ellison,amandaellison@OPRBC.ORG,,,,,FLORIDASALES,58,ROBIN FRONTZ-exist,0,(UNASSIGNED),DV,Duval County,N,,,(UnAssigned),NET 30,3/30/2026,500,,,6639.73,618.88,747.72,592.95,705.08,0,3975.1,Best Way,Destination,P,N,85-8012640964C-1 *21,0,Y,0,N,F,7,0,Westside,N,N,0,,,,,,,,,,,,Use Item Price,i,I,,0,+,,,,,,,,,,N,,0,,(UnAssigned),Y,N,,(UnAssigned),Y,B,C,I,N,Y,N,,,0,0,0,0,0,0,M,Amanda,N,E,,N,N,E,,E,,N,E,,53,,8/14/2009 2:46:11 PM,CMS,3/31/2026 10:02:56 AM,NATE,N,10509
526908,PAPA JOHNS PEANUTS,2555 W. BEAVER ST.,,JACKSONVILLE,FL,32254,904-389-2511,904-389-2208,DWIGHT,CHAMPION,,,,,DWIGHT,CHAMPION,,,,,,FLORIDASALES,50,RANDY FRONTZ,0,(UNASSIGNED),DV,Duval County,N,,,(UnAssigned),NET 30,1/5/2023,500,,,0,0,0,0,0,0,0,Best Way,Destination,P,Y,,0,Y,0,N,P,0,0,(UnAssigned),N,N,0,,,,,,,,,,,,Use Item Price,i,I,,0,+,Customer wants paper invoice.,,,,,,,,,N,,0,,(UnAssigned),Y,N,,(UnAssigned),,,E,I,N,Y,N,,,0,0,0,0,0,0,P,,N,E,,N,N,E,,E,,N,E,,53,,8/14/2009 2:46:11 PM,CMS,12/26/2017 11:47:28 AM,PETE,N,10510
527350,TOM NEHL TRUCK CO.,417 SOUTH EDGEWOOD AVE.,,JACKSONVILLE,FL,32254,904-389-3653,904-384-2467,Paul,Hatmaker,markhatmaker@tomnehl.com,,,,TIM,SIBLEY,,,,,,FLORIDASALES,7,Eugene Aman,0,(UNASSIGNED),DV,Duval County,N,,,(UnAssigned),NET 30,3/19/2026,500,,,2691.46,0,2691.46,0,0,0,0,Best Way,Destination,P,Y,26-8012452702-5  *13,0,Y,0,N,P,7,0,Westside,N,Y,2,2,NORTH FLORIDA WESTERN STAR,C/O TOM NEHL,5040 UNIVERSITY BLVD,JACKSONVILLE,FL,32216,,PHONE # 904-861-0779,FAX # 904-527-2634,,Use Item Price,i,I,,0,+,,,,,,,,,,N,,0,,(UnAssigned),Y,N,,(UnAssigned),Y,B,C,A,N,Y,N,,,0,0,0,0,0,0,M,AP,N,E,,Y,N,E,,E,,N,E,,53,,8/14/2009 2:46:11 PM,CMS,5/16/2023 10:13:09 AM,JEFF,N,10511
528190,"GHX INDUSTRIAL, LLC.",1180 N. LANE AVENUE,,JACKSONVILLE,FL,32254,904-781-6082,904-781-1002,KEVIN,SOWERS,KevinSowers@Tridentsupplyco.com,,,,KEVIN,SOWERS,KevinSowers@Tridentsupplyco.com,,,,,FLORIDASALES,52,RANDY FRONTZ,0,(UNASSIGNED),DV,Duval County,N,,,(UnAssigned),NET 30,10/7/2011,1000,,,0,0,0,0,0,0,0,Best Way,Destination,P,Y,,0,Y,0,N,P,7,0,Westside,N,Y,2,8190,GHX INDUSTRIAL,6911 DISTRIBUTION AVE S,260-7634 F-260-7684,JACKSONVILLE,FL,32256,KEVIN,,,,Use Item Price,i,I,,0,+,,,,,,,,,,N,,0,,(UnAssigned),Y,N,,(UnAssigned),,,E,I,N,Y,N,,,0,0,0,0,0,0,F,DONYA,N,E,,N,N,E,,E,,N,E,,53,,8/14/2009 2:46:12 PM,CMS,11/8/2012 2:37:47 PM,JACKIE,N,10513
528400,"IVESCO,LLC.",4103 SPRING GROVE AVE,,JACKSONVILLE,FL,32209,904-765-8765,904-358-0210,JOHN,.,,,,,JOHN,.,,,,,,FLORIDASALES,51,RANDY FRONTZ,0,(UNASSIGNED),DV,Duval County,N,,,(UnAssigned),NET 30,4/11/2008,2000,,,0,0,0,0,0,0,0,Best Way,Destination,P,Y,,0,Y,0,N,P,0,0,(UnAssigned),N,N,0,,,,,,,,,,,,Use Item Price,i,I,,0,+,,,,,,,,,,N,,0,,(UnAssigned),Y,N,,(UnAssigned),,,E,I,N,Y,N,,,0,0,0,0,0,0,P,,N,E,,N,N,E,,E,,N,E,,53,,8/14/2009 2:46:12 PM,CMS,10/13/2014 4:35:48 PM,RANDY,N,10514
528705,SHARP ENERGY,2960 STRICKLAND ST,,JACKSONVILLE,FL,32254,904-387-3511,904-387-6034,kandy,t,.,,,,kandy,t,.,,,,,FLORIDASALES,58,ROBIN FRONTZ-exist,0,(UNASSIGNED),DV,Duval County,N,,,(UnAssigned),NET 30,6/30/2022,1000,,,0,0,0,0,0,0,0,Best Way,Destination,P,Y,,0,Y,0,N,P,7,0,Westside,N,N,0,,,,,,,,,,,,Use Item Price,i,I,,0,+,,,,send paper invoice,,,,,,N,,0,,(UnAssigned),Y,N,,(UnAssigned),,,E,I,N,Y,N,,,0,0,0,0,0,0,P,SAM,N,E,,N,N,E,,E,,N,E,,53,,8/14/2009 2:46:12 PM,CMS,5/18/2021 1:06:19 PM,NATE,N,10515
528708,TOWN AND COUNTRY INDUSTRIES,5220 NEW KINGS ROAD,,JACKSONVILLE,FL,32209,904-764-7089,904-764-0708,JOSH,TOWNSEND,Josh.Townsend@TC-Alum.Com,JOE,.,,ANGIE,A/P,,,,,www.tc-alum.com,FLORIDASALES,51,RANDY FRONTZ,0,(UNASSIGNED),EX,Tax Exempt,N,,,(UnAssigned),NET 30,6/2/2021,2000,,,0,0,0,0,0,0,0,Best Way,Destination,P,N,26-8013859353-3 *15,0,Y,0,N,P,5,0,Southside,N,Y,1,8709,TOWN AND COUNTRY INDUSTRIES,5220 NEW KINGS ROAD,,JACKSONVILLE,FL,32209,JOSH TOWNSEND,904-764-7089,,,Use Item Price,i,I,,0,+,,,,,,,,,,N,,0,,(UnAssigned),N,N,,(UnAssigned),,,E,I,N,Y,N,,,0,0,0,0,0,0,P,,N,E,,N,N,E,,E,,N,E,,53,,8/14/2009 2:46:13 PM,CMS,6/7/2016 2:26:24 PM,BRITTANY,N,10516
530001,CELEBRATION CHURCH OF JAX,9555 R G Skinner Pkwy,,JACKSONVILLE,FL,32256,904-737-1121,904-737-4705,,,,,,,,,,,,,,FLORIDASALES,7,Eugene Aman,0,(UNASSIGNED),EX,Tax Exempt,N,,,(UnAssigned),NET 30,4/10/2026,10000,,,2404.07,1403.52,705.85,0,294.7,0,0,Best Way,Destination,P,N,85-8012710078C-7 *18,0,Y,0,N,P,5,0,Southside,N,Y,2,9,CELEBRATION CHURCH,9555 R Skinner Pkwy,,Jacksonville,FL,32256,,,,,25% Profit Margin,p25,P,,25,+,,,,,,Gate Code 3429,,,N,N,,0,,(UnAssigned),Y,N,,(UnAssigned),Y,A,C,I,N,Y,N,,,0,0,0,0,0,0,M,ADAM,N,E,,N,N,E,,E,,N,E,,53,,8/14/2009 2:46:13 PM,CMS,1/30/2026 2:24:25 PM,JEFF,N,10517
530002,ALL SAINTS EARLY LEARNING,& COMMUNITY CENTER,4171 HENDRICKS AVE,JACKSONVILLE,FL,32207,904-737-7800,904-737-0646,MARK,MAUERMAN,,,,,STACEY,.,SMCPHILOMY@ALLSAINTSJAX.ORG,,,,,FLORIDASALES,58,ROBIN FRONTZ-exist,0,(UNASSIGNED),DV,Duval County,N,,,(UnAssigned),NET 30,3/1/2016,450,,,0,0,0,0,0,0,0,Best Way,Destination,P,N,85-8012618996C-1,0,Y,0,N,P,5,0,Southside,N,N,0,,,,,,,,,,,,Use Item Price,i,I,,0,+,,,,,,,,,,N,,0,,(UnAssigned),N,N,,(UnAssigned),Y,A,E,I,N,Y,N,,,0,0,0,0,0,0,M,STACEY,N,E,,N,N,E,,E,,N,E,,53,,8/14/2009 2:46:13 PM,CMS,2/26/2016 9:17:44 AM,STEVE,N,10518
530003,ALL SAINTS EPISCOPAL CHURCH,CHURCH,4171 HENDRICKS AVE.,JACKSONVILLE,FL,32207,904-737-8488,904-733-2098,JANET,REAGOR,JREAGOR@ALLSAINTSJAX.ORG,,,,STACEY,MCPHILOMY,smcphilomy@allsaintsjax.org,,,,,FLORIDASALES,58,ROBIN FRONTZ-exist,0,(UNASSIGNED),EX,Tax Exempt,N,,,(UnAssigned),NET 30,3/25/2016,1000,,,0,0,0,0,0,0,0,Best Way,Destination,P,N,85-8012673129C-4,0,Y,0,N,P,5,0,Southside,N,N,0,,,,,,,,,,,,Use Item Price,i,I,,0,+,,,,,,,,,,N,,0,,(UnAssigned),N,N,,(UnAssigned),,C,E,I,N,Y,N,,,0,0,0,0,0,0,M,STACEY,N,E,,N,N,E,,E,,N,E,,53,,8/14/2009 2:46:14 PM,CMS,6/21/2017 8:23:08 AM,DAVID,N,10519
536070,RED OAK INDUSTRIES,4831 BULLS BAY HIGHWAY,,JACKSONVILLE,FL,32219,904-693-0606,904-693-3223,MARK,ELLISON,mellison@roi1.com,MARION,McCORMICK,marion@roi1.com,MIRANDA,SPARKS,msparks@roi1.com,,,,,FLORIDASALES,10,Randy Frontz,0,(UNASSIGNED),DV,Duval County,N,,,(UnAssigned),NET 30,9/14/2023,10000,,,103.56,0,0,0,0,0,103.56,Best Way,Destination,P,Y,,0,Y,0,N,P,7,0,Westside,N,N,0,,,,,,,,,,,,25% Profit Margin,p25,P,,25,+,,,,,,,,,,N,,0,,(UnAssigned),N,N,,(UnAssigned),Y,A,E,A,N,Y,N,,,0,0,0,0,0,0,M,A/P,N,E,,N,N,E,,E,,N,E,,53,,8/14/2009 2:46:14 PM,CMS,6/29/2023 10:59:51 AM,JEFF,N,10520
601300,COAST TAPE,270 BIG OAK ROAD,,ST. AUGUSTINE,FL,32095,1-800-877-0690,1-904-494-2067,CINDY,billing,sales@coasttape.com,,,,CINDY,billing,sales@coasttape.com,,,,,FLORIDASALES,10,Randy Frontz,0,(UNASSIGNED),SJ,St. Johns County,N,,,(UnAssigned),NET 30,3/23/2020,1000,,,0,0,0,0,0,0,0,Best Way,Destination,P,Y,,0,Y,0,N,P,8,0,St Augustine,N,N,0,,,,,,,,,,,,Use Item Price,i,I,,0,+,,,,,,,,,,N,,0,,(UnAssigned),Y,N,,(UnAssigned),Y,B,E,I,N,Y,N,,,0,0,0,0,0,0,P,CINDY,Y,E,CINDY,N,N,E,,E,,N,E,,61,,8/14/2009 2:46:14 PM,CMS,9/12/2016 9:23:38 AM,PETE,N,10521
601900,CUSTOM FLOORING & DESIGN,1301 LAKEWOOD DRIVE,,JACKSONVILLE,FL,32259,904-645-6339,904-565-1513,JIM,.,,,,,JIM,.,,,,,,FLORIDASALES,10,Randy Frontz,0,(UNASSIGNED),DV,Duval County,N,,,(UnAssigned),NET 30,2/6/2007,1000,,,0,0,0,0,0,0,0,Best Way,Destination,P,Y,,0,Y,0,N,P,6,0,Orange Park,N,N,0,,,,,,,,,,,,Use Item Price,i,I,,0,+,,,,,,,,,,N,,0,,(UnAssigned),Y,N,,(UnAssigned),,,E,I,N,Y,N,,,0,0,0,0,0,0,P,,N,E,,N,N,E,,E,,N,E,,63,,8/14/2009 2:46:14 PM,CMS,9/4/2009 12:44:26 PM,DAWN,N,10522
602198,THE SURF SOURCE,52 W.3RD STREET,,ATLANTIC BEACH,FL,32233,904-247-0808,904-241-0501,BRIAN,.,,,,,BRIAN,.,,,,,,FLORIDASALES,10,Randy Frontz,0,(UNASSIGNED),DV,Duval County,N,,,(UnAssigned),NET 30,9/26/2014,1000,,,0,0,0,0,0,0,0,Best Way,Destination,P,Y,26-8011957722-6,0,Y,0,N,P,3,0,Beaches,N,N,0,,,,,,,,,,,,Use Item Price,i,I,,0,+,,,,,,,,,,N,,0,,(UnAssigned),Y,N,,(UnAssigned),,C,E,I,N,Y,N,,,0,0,0,0,0,0,M,ACCOUNTS,N,E,,N,N,E,,E,,N,E,,63,,8/14/2009 2:46:15 PM,CMS,10/9/2014 12:50:19 PM,JOHN,N,10523
603055,FASTECH OF JACKSONVILLE,HOOKANDLOOP.COM,P.O. BOX 11838,JACKSONVILLE,FL,32239,904-721-7196,904-721-6761,STEPHEN,.,,,,,STEPHEN,.,,,,,,FLORIDASALES,78,RANDY FRONTZ,0,(UNASSIGNED),DV,Duval County,N,,,(UnAssigned),NET 30,11/3/2011,200,,,0,0,0,0,0,0,0,Best Way,Destination,P,Y,,0,Y,0,N,P,12,0,Arlington,N,Y,1,3055,FASTECH OF JACKSONVILLE,960 ROGERO AVE.,SUITE 7,"JACKSONVILLE,",FL,32211,,,,,Use Item Price,i,I,,0,+,,,,,,,,,,N,,0,,(UnAssigned),Y,N,,(UnAssigned),,C,E,I,N,Y,N,,,0,0,0,0,0,0,P,,N,E,,N,N,E,,E,,N,E,,61,,8/14/2009 2:46:15 PM,CMS,8/20/2010 2:27:31 PM,RANDY,N,10524
604650,UNITED RIGGING,,351 ZOO PARKWAY,JACKSONVILLE,FL,32226,904-757-3232,904-757-2420,DWAYNE,MULLER,,,,,DWAYNE,MULLER,,,,,,FLORIDASALES,10,Randy Frontz,0,(UNASSIGNED),DV,Duval County,N,,,(UnAssigned),NET 30,4/23/2015,500,,,0,0,0,0,0,0,0,Best Way,Destination,P,N,26-8012047588-0 *16,0,Y,0,N,P,0,0,(UnAssigned),N,N,0,,,,,,,,,,,,Use Item Price,i,I,,0,+,,,,,,,,,,N,,0,,(UnAssigned),Y,N,,(UnAssigned),,,E,I,N,Y,N,,,0,0,0,0,0,0,M,JAN,N,E,,N,N,E,,E,,N,E,,63,,8/14/2009 2:46:15 PM,CMS,1/26/2016 9:47:25 AM,STEVE,N,10525
604725,JEN SAR PRODUCE,P.O. BOX 10,,ELKTON,FL,32033,904-692-2027,904-692-2542,PAM,LEE,,,,,PAM,LEE,,,,,,FLORIDASALES,10,Randy Frontz,0,(UNASSIGNED),DV,Duval County,N,,,(UnAssigned),NET 30,7/23/2007,1000,,,0,0,0,0,0,0,0,Best Way,Destination,P,Y,,0,Y,0,N,P,0,0,(UnAssigned),N,Y,1,4725,JEN SAR PRODUCE,5300 COUNTY ROAD 305,"ELKTON , FL 32033",,,,,,,,Use Item Price,i,I,,0,+,,,,,,,,,,N,,0,,(UnAssigned),Y,N,,(UnAssigned),,,E,I,N,Y,N,,,0,0,0,0,0,0,P,,N,E,,N,N,E,,E,,N,E,,63,,8/14/2009 2:46:15 PM,CMS,8/25/2009 1:13:33 PM,JACKIE,N,10526
606392,SAFETY TECHNOLOGY,1867 CARAVAN TRAIL,SUITE #105,JACKSONVILLE,FL,32216,904-720-2188,904-720-0651,JOE,safety technology,JOE@SAFETYTECHNOLOGY.COM,,,,JOE,safety technology,JOE@SAFETYTECHNOLOGY.COM,,,,,FLORIDASALES,10,Randy Frontz,0,(UNASSIGNED),DV,Duval County,N,,,(UnAssigned),NET 30,12/7/2015,500,,,0,0,0,0,0,0,0,Best Way,Destination,P,N,26-8012028687-2 *16,0,Y,0,N,P,12,0,Arlington,N,N,0,,,,,,,,,,,,Use Item Price,i,I,,0,+,,,,,,,,,,N,,0,,(UnAssigned),Y,N,,(UnAssigned),Y,B,E,I,N,Y,N,,,0,0,0,0,0,0,M,JOE,N,E,,Y,N,E,,E,,N,E,,61,,8/14/2009 2:46:16 PM,CMS,1/15/2016 10:26:11 AM,STEVE,N,10527
607810,"VAK PAK, INC.  POOLCARE",P.O BOX 17547,,JACKSONVILLE,FL,32245,904-642-2267,904-641-2012,KARL,SCRIBNER,KARL@VAKPAK.COM,,,,ALLAN,CLEVELAND,ALLAN@VAKPAK.COM,,,,KHRISTIN@VAKPAK.COM,FLORIDASALES,10,Randy Frontz,0,(UNASSIGNED),DV,Duval County,N,,,(UnAssigned),NET 30,2/2/2022,500,,,0,0,0,0,0,0,0,Best Way,Destination,P,Y,26-8013524595-8 *20,0,Y,0,N,P,5,0,Southside,N,Y,2,7810,"VAK PAK, INC.",9301 HOGAN RD,,JACKSONVILLE,FL,32246,CARL,,,,Use Item Price,i,I,,0,+,,,,,,,,,,N,,0,,(UnAssigned),Y,N,,(UnAssigned),,,E,I,N,Y,N,,,0,0,0,0,0,0,M,ALLAN,N,E,,N,N,E,,E,,N,E,,61,,8/14/2009 2:46:16 PM,CMS,7/28/2021 8:19:23 AM,RANDY,N,10528
690003,HASKELL,5253 WEST 12th ST,,JACKSONVILLE,FL,32207,904-357-4975,904-357-4977,KEITH,ANDREWS,keith.andrews@thehaskellco.com,,,,KEITH,ANDREWS,keith.andrews@thehaskellco.com,,,,,FLORIDASALES,10,Randy Frontz,0,(UNASSIGNED),DV,Duval County,N,,,(UnAssigned),NET 30,2/17/2026,2000,,,0,0,0,0,0,0,0,Best Way,Destination,P,Y,,0,Y,0,N,P,0,0,(UnAssigned),N,Y,1,3,HASKELL,701 SAN MARCO BLVD,"JACKSONVILLE, FL 32207",,,,,,,,Use Item Price,i,I,,0,+,,,,,,,,,,N,,0,,(UnAssigned),Y,N,,(UnAssigned),Y,B,D,I,N,Y,N,,,0,0,0,0,0,0,M,Accounts Payable,N,E,,Y,N,E,,E,,N,E,,69,,8/14/2009 2:46:16 PM,CMS,2/17/2026 11:47:47 AM,NATE,N,10529
690004,HASKELL PROJECT SERVICES,ATTN: SHARON DICKLER,P.O. BOX 45275,JACKSONVILLE,FL,32232,904-357-4974,904-357-4977,SHARON,M. DICKLER,sharon.dickler@haskell.com,,,,SHARON,M. DICKLER,sharon.dickler@haskell.com,,,,,FLORIDASALES,25,ARTIE HARDIE,0,(UNASSIGNED),DV,Duval County,N,,,(UnAssigned),NET 30,5/25/2023,2000,,,0,0,0,0,0,0,0,Best Way,Destination,P,Y,26-8012096175-3  *12,0,Y,0,N,P,0,0,(UnAssigned),N,Y,1,4,HASKELL PROJECT SERVICES,5253 WEST 12TH STREET,"JACKSONVILLE, FL 32254",,,,,,,,Use Item Price,i,I,,0,+,,,,,,,,,,N,,0,,(UnAssigned),Y,N,,(UnAssigned),,,E,A,N,Y,N,,,0,0,0,0,0,0,M,SHARON,N,E,,Y,N,E,,E,,N,E,,69,,8/14/2009 2:46:16 PM,CMS,2/3/2016 9:02:19 AM,STEVE,N,10530
690007,TCT SOLAR,101 COPELAND STREET,,JACKSONVILLE,FL,32204,904-358-3720,904-358-3728,JOEY,BELTRAN,,,,,JOEY,BELTRAN,,,,,,FLORIDASALES,78,RANDY FRONTZ,0,(UNASSIGNED),EX,Tax Exempt,N,,,(UnAssigned),CREDIT CARD,7/11/2008,500,,,0,0,0,0,0,0,0,Best Way,Destination,P,N,26-8012984529-2,0,Y,0,N,P,7,0,Westside,N,N,0,,,,,,,,,,,,Use Item Price,i,I,,0,+,,,,,,,,,,N,,0,,(UnAssigned),Y,N,,(UnAssigned),,,E,I,N,Y,N,,,0,0,0,0,0,0,P,,N,E,,N,N,E,,E,,N,E,,53,,8/14/2009 2:46:17 PM,CMS,11/8/2012 1:47:30 PM,JACKIE,N,10531
690013,INTERTEK INDUSTRIAL CORP.,,3023 POWERS AVE,JACKSONVILLE,FL,32207,904-739-3344,904-739-3347,lina,acosta,lacosta@intertekindustrial.com,,,,lina,acosta,lacosta@intertekindustrial.com,,,,,FLORIDASALES,50,RANDY FRONTZ,0,(UNASSIGNED),DV,Duval County,N,,,(UnAssigned),NET 30,12/1/2023,300,,,0,0,0,0,0,0,0,Best Way,Destination,P,N,26-8011981992-0,0,Y,0,N,P,5,0,Southside,N,N,0,,,,,,,,,,,,Use Item Price,i,I,,0,+,,,,,,,,,,N,,0,,(UnAssigned),Y,N,,(UnAssigned),,,E,A,N,Y,N,,,0,0,0,0,0,0,M,Accounting,N,E,,N,N,E,,E,,N,E,,69,,8/14/2009 2:46:17 PM,CMS,1/19/2023 3:52:19 PM,NATE,N,10532
690018,FLORIDA GEORGIA WELDER SUPPLY,,634 DYAL STREET,JACKSONVILLE,FL,32206,904-354-4380,904-354-8278,ROSCOE,BANKS,BANKSHERMAN@COMCAST.NET,,,,ROSCOE,BANKS,BANKSHERMAN@COMCAST.NET,,,,,FLORIDASALES,10,Randy Frontz,0,(UNASSIGNED),DV,Duval County,N,,,(UnAssigned),NET 30,12/3/2014,200,,,0,0,0,0,0,0,0,Best Way,Destination,P,Y,,0,Y,0,N,P,7,0,Westside,Y,N,0,,,,,,,,,,,,Use Item Price,i,I,,0,+,,,,,,,,,,N,,0,,(UnAssigned),Y,N,,(UnAssigned),,,E,I,N,Y,N,,,0,0,0,0,0,0,M,CARLA,N,E,,N,N,E,,E,,N,E,,69,,8/14/2009 2:46:17 PM,CMS,12/4/2014 9:47:31 AM,STEVE,N,10533
690026,CABINETS AND FLOORING,BY COVINGTON,P.O. BOX 5487,JACKSONVILLE,FL,32247,904-356-4756,,DAN,COVINGTON,,,,,DAN,COVINGTON,,,,,,FLORIDASALES,10,Randy Frontz,0,(UNASSIGNED),DV,Duval County,N,,,(UnAssigned),NET 30,8/3/2007,500,,,0,0,0,0,0,0,0,Best Way,Destination,P,Y,,0,Y,0,N,P,0,0,(UnAssigned),N,Y,1,26,CABINETS AND FLOORING,BY COVINGTON,3511 N. LIBERTY STREET,"JACKSONVILLE,",FL,32206,DAN,,,,Use Item Price,i,I,,0,+,,,,,,,,,,N,,0,,(UnAssigned),Y,N,,(UnAssigned),,,E,I,N,Y,N,,,0,0,0,0,0,0,P,,N,E,,N,N,E,,E,,N,E,,69,,8/14/2009 2:46:18 PM,CMS,8/25/2009 1:15:54 PM,JACKIE,N,10534
702010,DAVID TYSON LIGHTING,,5515 ST. AUGUSTINE RD,JACKSONVILLE,FL,32207,904-730-5119,904-730-5105,DONNA,TYSON,,,,,DONNA,TYSON,,,,,,FLORIDASALES,10,Randy Frontz,0,(UNASSIGNED),DV,Duval County,N,,,(UnAssigned),NET 30,8/2/2010,500,,,0,0,0,0,0,0,0,Best Way,Destination,P,Y,,0,Y,0,N,P,5,0,Southside,N,N,0,,,,,,,,,,,,Use Item Price,i,I,,0,+,,,,,,,,,,N,,0,,(UnAssigned),Y,N,,(UnAssigned),,,E,I,N,Y,N,,,0,0,0,0,0,0,P,,N,E,,N,N,E,,E,,N,E,,71,,8/14/2009 2:46:18 PM,CMS,9/4/2009 11:54:03 AM,DAWN,N,10535
702195,"ENNIS,PELLUM & ASSOCIATES",5150 BELFORT ROAD SOUTH,,JACKSONVILLE,FL,32256,904-396-5965,904-399-4094,SHARON,DEMPS,SDEMPS@JAXCPA.COM,,,,SHARON,DEMPS,SDEMPS@JAXCPA.COM,,,,,FLORIDASALES,10,Randy Frontz,0,(UNASSIGNED),DV,Duval County,N,,,(UnAssigned),NET 30,7/29/2021,500,,,0,0,0,0,0,0,0,Best Way,Destination,P,Y,,0,Y,0,N,P,5,0,Southside,N,Y,1,2195,"ENNIS,PELLUM & ASSOCIATES",5150 BELFORT ROAD SOUTH,,JACKSONVILLE,FL,32256,,,,,Use Item Price,i,I,,0,+,,,,,,,,,,N,,0,,(UnAssigned),Y,N,,(UnAssigned),,C,E,I,N,Y,N,,,0,0,0,0,0,0,M,SHARON,N,E,,N,N,E,,E,,N,E,,71,,8/14/2009 2:46:18 PM,CMS,4/12/2021 8:07:13 AM,NATE,N,10536
702971,FERGUSON UNDERGROUND INC.,9692 FLA MINING BLVD WEST,BLDG 100,JACKSONVILLE,FL,32257,904-268-2551,904-268-2053,Leroy,Cameron,leroy.cameron@ferguson.com,,,,HOLLY,KINAS,HOLLY.KINAS@FERGUSON.COM,,,,,FLORIDASALES,50,RANDY FRONTZ,0,(UNASSIGNED),DV,Duval County,N,,,(UnAssigned),NET 30,4/6/2026,500,,,2512.32,2512.32,0,0,0,0,0,Best Way,Destination,P,N,26-8012422840-3 *16,0,Y,0,N,F,5,0,Southside,N,Y,2,2971,FERGUSON UNDERGROUND,9692 FLA MINING BLVD WEST,BLDG 100,JACKSONVILLE,FL,32257,JAY PARKER,,,,30% Profit Margin,p30,P,,30,+,,,,,,,,,,Y,G149-WAREHOUSE,0,,(UnAssigned),N,N,,(UnAssigned),Y,C,B,A,N,Y,N,,,0,0,0,0,0,0,M,HOLLY,N,E,,N,N,E,,E,,N,E,,71,,8/14/2009 2:46:18 PM,CMS,4/14/2026 12:42:31 PM,JEFF,N,10537
703083,GARDEN CITY POOL SUPPLY,1989 DUNN AVENUE,,JACKSONVILLE,FL,32218,904-696-0080,904-696-0081,,,,,,,,,,,,,,FLORIDASALES,10,Randy Frontz,0,(UNASSIGNED),DV,Duval County,N,,,(UnAssigned),NET 30,3/10/2008,500,,,0,0,0,0,0,0,0,Best Way,Destination,P,Y,,0,Y,0,N,P,0,0,(UnAssigned),N,N,0,,,,,,,,,,,,Use Item Price,i,I,,0,+,,,,,,,,,,N,,0,,(UnAssigned),Y,N,,(UnAssigned),,,E,I,N,Y,N,,,0,0,0,0,0,0,P,,N,E,,N,N,E,,E,,N,E,,71,,8/14/2009 2:46:19 PM,CMS,8/25/2009 1:35:01 PM,JACKIE,N,10538
703085,GENE'S GLASS & PAINTING,8840  ALTON AVENUE,,JACKSONVILLE,FL,32211,904-725-2322,904-725-0187,DANEEN,.,office@genesglassinc.com,,,,DANEEN,.,office@genesglassinc.com,,,,,FLORIDASALES,10,Randy Frontz,0,(UNASSIGNED),DV,Duval County,N,,,(UnAssigned),NET 30,7/3/2024,250,,,0,0,0,0,0,0,0,Best Way,Destination,P,N,26-8013021292-2,0,Y,0,N,P,12,0,Arlington,N,Y,1,3085,GENE'S GLASS & PAINT,8840 ALTON AVENUE,"JACKSONVILLE, FL 32211",,,,,,,,Use Item Price,i,I,,0,+,,,,,,,,,,N,,0,,(UnAssigned),Y,N,,(UnAssigned),,,E,A,N,Y,N,,,0,0,0,0,0,0,M,DANEEN,N,E,,N,N,E,,E,,N,E,,71,,8/14/2009 2:46:19 PM,CMS,7/1/2024 2:45:38 PM,NATE,N,10539
703250,MICHAEL FORMALWEAR,11619 COLUMBIA PARK DR.E,,JACKSONVILLE,FL,32256,904-886-2290,904-269-2214,JEFF,CARTER,,,,,MICHAEL PAUL,BAUER,MINFO@TUXEDOSBYDY.COM,,,,,FLORIDASALES,100,RANDY FRONTZ,0,(UNASSIGNED),DV,Duval County,N,,,(UnAssigned),CREDIT CARD,12/2/2014,300,,,0,0,0,0,0,0,0,Best Way,Destination,P,Y,,0,Y,0,N,P,5,0,Southside,N,N,0,,,,,,,,,,,,Use Item Price,i,I,,0,+,,,,,,,,,,N,,0,,(UnAssigned),Y,N,,(UnAssigned),,,E,I,N,Y,N,,,0,0,0,0,0,0,P,,N,E,,N,N,E,,E,,N,E,,71,,8/14/2009 2:46:19 PM,CMS,3/19/2013 4:14:59 PM,JACKIE,N,10540
703840,JACKSONVILLE ELECTRIC,AUTHORITY,P. O. BOX 4910,JACKSONVILLE,FL,32201,904-665-4026,904-665-7363,Aukela,Holloway.,Hollat@Jea.com,,,,Aukela,Holloway.,Hollat@Jea.com,,,,,FLORIDASALES,10,Randy Frontz,0,(UNASSIGNED),EX,Tax Exempt,N,,,(UnAssigned),NET 30,10/29/2021,5000,,,0,0,0,0,0,0,0,Best Way,Destination,P,N,26-08-037299-84,0,Y,0,N,P,7,0,Westside,N,Y,10,3844,LOC 06 STOREROOM,COMMONWEALTH STOREROOM,6674 COMMONWEALTH AVENUE,"JACKSONVILLE,",FL,32254,,,,,Use Item Price,i,I,,0,+,Cust wants paper inv,,,,,,,,,N,,0,,(UnAssigned),N,N,,(UnAssigned),Y,A,E,I,N,Y,N,,,0,0,0,0,0,0,P,,N,E,,N,N,E,,E,,N,E,,71,,8/14/2009 2:46:19 PM,CMS,3/24/2021 2:09:45 PM,NATE,N,10541
703940,GOLDEN TRIANGLE IMPORTS,6593 POWERS AVENUE,SUITE 24,JACKSONVILLE,FL,32217,904-448-5010,904-446-9496,MIKE,EXT 4,,,,,MIKE,EXT 4,,,,,,FLORIDASALES,10,Randy Frontz,0,(UNASSIGNED),DV,Duval County,N,,,(UnAssigned),NET 30,12/18/2009,250,,,0,0,0,0,0,0,0,PICKUP,Destination,P,N,26-8012019181-3,0,Y,0,N,P,5,0,Southside,N,Y,1,3940,GOLDEN TRIANGLE IMPORTS,6593 POWERS AVENUE,SUITE 24,"JACKSONVILLE,",FL,32217,,,,,Use Item Price,i,I,,0,+,,,,,,,,,,N,,0,,(UnAssigned),N,N,,(UnAssigned),Y,A,E,I,N,Y,N,,,0,0,0,0,0,0,P,,N,E,,N,N,E,,E,,N,E,,71,,8/14/2009 2:46:20 PM,CMS,11/10/2009 11:43:52 AM,RANDY,N,10542
704220,INTRALABS INC.,,1909 SOUTHAMPTON ROAD,JACKSONVILLE,FL,32207,904-396-6868,904-396-3933,EUGENE/TOMMY,.,,,,,EUGENE/TOMMY,.,,,,,,FLORIDASALES,10,Randy Frontz,0,(UNASSIGNED),DV,Duval County,N,,,(UnAssigned),NET 10,1/19/2017,500,,,0,0,0,0,0,0,0,Best Way,Destination,P,Y,,0,Y,0,N,P,5,0,Southside,N,N,0,,,,,,,,,,,,Use Item Price,i,I,,0,+,,,,,,,,,,N,,0,,(UnAssigned),Y,N,,(UnAssigned),,,E,I,N,Y,N,,,0,0,0,0,0,0,P,,N,E,,Y,N,E,,E,,N,E,,11,,8/14/2009 2:46:20 PM,CMS,9/4/2009 3:21:37 PM,DAWN,N,10543
704801,LEONARDS FULL SERVICE,MOVING AND STORAGE,3474 Natalie Mel Lane,JACKSONVILLE,FL,32218,904-545-3047,,LEONARD,.,,,,,LEONARD,.,,,,,,FLORIDASALES,10,Randy Frontz,0,(UNASSIGNED),DV,Duval County,N,,,(UnAssigned),C.O.D,8/23/2021,100,,,0,0,0,0,0,0,0,WILL CALL,Destination,P,Y,,0,Y,0,N,P,5,0,Southside,Y,N,0,,,,,,,,,,,,Use Item Price,i,I,,0,+,,,,,,,,,,N,,0,,(UnAssigned),N,N,,(UnAssigned),,,E,I,N,Y,N,,,0,0,0,0,0,0,P,,N,E,,Y,N,E,,E,,N,E,,71,,8/14/2009 2:46:20 PM,CMS,8/23/2021 12:06:15 PM,NATE,N,10544
705060,"LAMP SALES UNLIMITED, INC",,P.O. BOX 23456,JACKSONVILLE,FL,32241,904-737-9292,904-737-4333,WALLACE,.,,,,,WALLACE,.,,,,,,FLORIDASALES,10,Randy Frontz,0,(UNASSIGNED),DV,Duval County,N,,,(UnAssigned),NET 30,,200,,,0,0,0,0,0,0,0,Best Way,Destination,P,Y,,0,Y,0,N,P,5,0,Southside,N,Y,1,5060,"LAMP SALES UNLIMITED, INC",4580 ST. AUGUSTINE RD.,"JACKSONVILLE, FL",32207,,,WALLACE,,,,Use Item Price,i,I,,0,+,,,,,,,,,,N,,0,,(UnAssigned),Y,N,,(UnAssigned),,,E,I,N,Y,N,,,0,0,0,0,0,0,P,,N,E,,N,N,E,,E,,N,E,,71,,8/14/2009 2:46:20 PM,CMS,9/4/2009 11:54:57 AM,DAWN,N,10545
705675,NORTH FLORIDA SALES,,3601 REGENT BOULEVARD,JACKSONVILLE,FL,32224,904-645-0283,904-998-8769,RONNIE,DEPREMEO,,,,,RONNIE,DEPREMEO,,,,,,FLORIDASALES,10,Randy Frontz,0,(UNASSIGNED),DV,Duval County,N,,,(UnAssigned),NET 30,,2500,,,0,0,0,0,0,0,0,Best Way,Destination,P,Y,,0,Y,0,N,P,5,0,Southside,N,N,0,,,,,,,,,,,,Use Item Price,i,I,,0,+,,,,,,,,,X,N,,0,,(UnAssigned),Y,N,,(UnAssigned),,,E,I,N,Y,N,,,0,0,0,0,0,0,P,,N,E,,N,N,E,,E,,N,E,,71,,8/14/2009 2:46:21 PM,CMS,9/8/2016 12:41:22 PM,PETE,N,10546
705780,MEDICAL ANESTHESIA CORP,,820 PRUDENTIAL DRIVE #606,JACKSONVILLE,FL,32207,904-398-3356,904-398-5397,Windy,.,windyatflaa@bellsouth.net,,,,Windy,.,windyatflaa@bellsouth.net,,,,,FLORIDASALES,10,Randy Frontz,0,(UNASSIGNED),DV,Duval County,N,,,(UnAssigned),NET 30,9/8/2017,200,,,0,0,0,0,0,0,0,Best Way,Destination,P,Y,,0,Y,0,N,P,5,0,Southside,N,N,0,,,,,,,,,,,,Use Item Price,i,I,,0,+,,,,,,,,,,N,,0,,(UnAssigned),Y,N,,(UnAssigned),,,E,I,N,Y,N,,,0,0,0,0,0,0,M,Windy,N,E,,N,N,E,,E,,N,E,,71,,8/14/2009 2:46:21 PM,CMS,12/20/2016 2:44:33 PM,PETE,N,10547
706630,SCOTT WATERPROOFING,,P.O. BOX 1748,ORANGE PARK,FL,32067,904-781-1087,904-,JOHN,SHEPHERD,,,,,JOHN,SHEPHERD,,,,,,FLORIDASALES,10,Randy Frontz,0,(UNASSIGNED),DV,Duval County,N,,,(UnAssigned),NET 30,3/4/2019,500,,,0,0,0,0,0,0,0,Best Way,Destination,P,Y,,0,Y,0,N,P,6,0,Orange Park,N,Y,1,6630,SCOTT WATERPROOFING,2019 W. BEAVER STREET,SUITE #1,32209,,,"DON BRICKELL, BRIAN",,,,Use Item Price,i,I,,0,+,Cust wants paper inv,,,,,,,,,N,,0,,(UnAssigned),Y,N,,(UnAssigned),,,E,I,N,Y,N,,,0,0,0,0,0,0,P,,N,E,,N,N,E,,E,,N,E,,71,,8/14/2009 2:46:21 PM,CMS,2/15/2016 2:09:39 PM,JACKIE,N,10549
708000,W.C. FINLEY,,P.O. BOX 422,HIGH SPRINGS,FL,32655,386-454-2577,904-,MR.,FINLEY,,,,,MR.,FINLEY,,,,,,FLORIDASALES,10,Randy Frontz,0,(UNASSIGNED),DV,Duval County,N,,,(UnAssigned),C.O.D,11/6/2009,1000,,,0,0,0,0,0,0,0,Best Way,Destination,P,N,11-8012347109-1,0,Y,0,N,P,9,0,Macclenny,N,Y,1,8000,W.C. FINLEY,22410 N.W. 209TH TERRACE,,"HIGH SPRINGS,",FL,32643,MR. FINLEY,,,,Use Item Price,i,I,,0,+,,,,,,,,,N,N,,0,,(UnAssigned),Y,N,,(UnAssigned),Y,B,E,I,N,Y,N,,,0,0,0,0,0,0,P,,N,E,,Y,N,E,,E,,N,E,,71,,8/14/2009 2:46:22 PM,CMS,1/5/2010 2:10:32 PM,JACKIE,N,10550
708030,P BRANDON INC,4 CAMEO COURT,,PALM COAST,FL,32137,386-986-6116,386-246-9436,PERRI,.,,,,,PERRI,.,,,,,,FLORIDASALES,10,Randy Frontz,0,(UNASSIGNED),DV,Duval County,N,,,(UnAssigned),NET 30,12/10/2014,500,,,0,0,0,0,0,0,0,Best Way,Destination,P,Y,28-8013968095-7  *10,0,Y,0,N,P,8,0,St Augustine,N,Y,1,8030,P BRANDON INK,4425 US HIGHWAY 1 SOUTH,UNIT 301,"ST AUGUSTINE,",FL,32086,CELL 386/986-6510,,,,Use Item Price,i,I,,0,+,,,,,,,,,,N,,0,,(UnAssigned),Y,N,,(UnAssigned),,,E,I,N,Y,N,,,0,0,0,0,0,0,P,,N,E,,N,N,E,,E,,N,E,,71,,8/14/2009 2:46:22 PM,CMS,6/21/2017 9:03:54 AM,DAVID,N,10551
708325,VISTAKON,,4500 SALISBURY ROAD,JACKSONVILLE,FL,32256,904-443-1000,904-443-1553,THERESA,.,,,,,THERESA,.,,,,,,FLORIDASALES,10,Randy Frontz,0,(UNASSIGNED),DV,Duval County,N,,,(UnAssigned),NET 30,,500,,,0,0,0,0,0,0,0,Best Way,Destination,P,Y,,0,Y,0,N,P,5,0,Southside,N,N,0,,,,,,,,,,,,Use Item Price,i,I,,0,+,,,,,,,,,,N,,0,,(UnAssigned),Y,N,,(UnAssigned),,,E,I,N,Y,N,,,0,0,0,0,0,0,P,,N,E,,N,N,E,,E,,N,E,,71,,8/14/2009 2:46:22 PM,CMS,9/4/2009 10:58:28 AM,DAWN,N,10552
708326,VISTAKON,,7500 CENTURION PARKWAY,JACKSONVILLE,FL,32256,904-443-3961,,AP,.,AP@HERSPW.COM,,,,AP,.,AP@HERSPW.COM,,,,,FLORIDASALES,10,Randy Frontz,0,(UNASSIGNED),DV,Duval County,N,,,(UnAssigned),NET 30,,500,,,0,0,0,0,0,0,0,Best Way,Destination,P,Y,,0,Y,0,N,P,5,0,Southside,N,Y,1,8326,GATE 3 EAST-SHIPPING DEPT,,,,,,,,,,Use Item Price,i,I,,0,+,,,,,,,,,,N,,0,,(UnAssigned),Y,N,,(UnAssigned),,,E,I,N,Y,N,,,0,0,0,0,0,0,M,AP,N,E,,N,N,E,,E,,N,E,,71,,8/14/2009 2:46:23 PM,CMS,7/20/2014 11:00:21 AM,JACKIE,N,10553
770475,AIR GAS SOUTH,,P.O. BOX 9219,MARIETTA,GA,30065,904-786-2254,904-783-1003,PAUL,FERRELL,,,,,PAUL,FERRELL,,TIM,HILL,TIM.HILL@AIRGAS.COM,,FLORIDASALES,50,RANDY FRONTZ,0,(UNASSIGNED),DV,Duval County,N,,,(UnAssigned),CREDIT CARD,2/16/2023,500,,,0,0,0,0,0,0,0,Best Way,Destination,P,Y,80-8015799470-4,0,Y,0,N,P,7,0,Westside,N,Y,2,475,AIRGAS SOUTH,3096 W BEAVER STREET,"JACKSONVILLE, FL 32254",,,,,,,,30% Profit Margin,p30,P,,30,+,TIM FAX NO 904-783-1003,,,,,,,,,N,,0,,(UnAssigned),Y,N,,(UnAssigned),,,E,A,N,Y,N,,,0,0,0,0,0,0,M,TIM,N,E,,Y,N,E,,E,,N,E,,77,,8/14/2009 2:46:23 PM,CMS,11/22/2022 11:21:50 AM,NATE,N,10554
770780,DCI-BIOLOGICALS,,3744 BLANDING BOULEVARD,JACKSONVILLE,FL,32210,904-771-6256,904-771-6302,MARION,.,,,,,MARION,.,,,,,,FLORIDASALES,10,Randy Frontz,0,(UNASSIGNED),DV,Duval County,N,,,(UnAssigned),NET 30,7/30/2009,500,,,0,0,0,0,0,0,0,Best Way,Destination,P,Y,,0,Y,0,N,P,7,0,Westside,N,N,0,,,,,,,,,,,,Use Item Price,i,I,,0,+,,,,,,,,,,N,,0,,(UnAssigned),Y,N,,(UnAssigned),,,E,I,N,Y,N,,,0,0,0,0,0,0,P,,N,E,,N,N,E,,E,,N,E,,77,,8/14/2009 2:46:23 PM,CMS,9/4/2009 9:21:19 AM,DAWN,N,10555
770785,BIRCHWOOD PROPERTIES CORP,5524 W. CYPRESS ST,SUITE B,TAMPA,FL,33607,1-813-289-9399,1-813-286-7205,BECKY,SMITH,,,,,BECKY,SMITH,,,,,,FLORIDASALES,10,Randy Frontz,0,(UNASSIGNED),DV,Duval County,N,,,(UnAssigned),CREDIT CARD,7/11/2012,1000,,,0,0,0,0,0,0,0,Best Way,Destination,P,Y,,0,Y,0,N,P,0,0,(UnAssigned),N,Y,1,785,U.S. BORDER PATROL,489 DUNDAS DR,"JACKSONVILLE, FL 32218",,,,,,,,Use Item Price,i,I,,0,+,,,,,,MAIN BLDG ONLY/LEAVE IN LOBBY,,,,N,,0,,(UnAssigned),Y,N,,(UnAssigned),,,E,I,N,Y,N,,,0,0,0,0,0,0,P,,N,E,,N,N,E,,E,,N,E,,77,,8/14/2009 2:46:23 PM,CMS,5/2/2012 1:29:59 PM,JACKIE,N,10556
770860,BREMER BRACE OF FLORIDA,INC.,2236 Park St.,JACKSONVILLE,FL,32204,904-355-5451,904-359-0075,TRACIE,ADKINS,TADKINS@BREMEROANDP.COM,,,,TRACIE,ADKINS,TADKINS@BREMEROANDP.COM,,,,,FLORIDASALES,10,Randy Frontz,0,(UNASSIGNED),DV,Duval County,N,,,(UnAssigned),NET 30,4/10/2026,350,,,501.02,203.43,297.59,0,0,0,0,Best Way,Destination,P,N,26-8012361681-6  *16,0,Y,0,N,P,1,0,Downtown,N,Y,2,341,BREMER BRACE OF FLORIDA,2236 Park St,,JACKSONVILLE,FL,32204,DAVID,,,,30% Profit Margin,p30,P,,30,+,,,,,,,,,N,N,,0,,(UnAssigned),Y,N,,(UnAssigned),,C,D,A,N,Y,N,,,0,0,0,0,0,0,M,TRACIE,N,E,,N,N,E,,E,,N,E,,77,,8/14/2009 2:46:24 PM,CMS,11/5/2025 2:06:13 PM,NATE,N,10557
771100,BOREE CANVAS UNLIMITED,,4635 HIGHWAY AVENUE,JACKSONVILLE,FL,32254,904-388-8770,904-387-0174,DONNIE,BOREE,,,,,DONNIE,BOREE,,,,,,FLORIDASALES,10,Randy Frontz,0,(UNASSIGNED),DV,Duval County,N,,,(UnAssigned),NET 30,8/30/2024,500,,,0,0,0,0,0,0,0,Best Way,Destination,P,N,26-8011957858-8,0,Y,0,N,P,0,0,(UnAssigned),N,N,0,,,,,,,,,,,,Use Item Price,i,I,,0,+,,,,,,,,,,N,,0,,(UnAssigned),Y,N,,(UnAssigned),,,E,I,N,Y,N,,,0,0,0,0,0,0,M,KAREN,N,E,,N,N,E,,E,,N,E,,77,,8/14/2009 2:46:24 PM,CMS,3/24/2021 2:10:26 PM,NATE,N,10558
771604,"CLARKLIFT OF FLORIDA,LLC",560 CYNTHIA STREET,,JACKSONVILLE,FL,32254,904-783-0651,904-786-0494,RON,KAISOR,RKAISER@SSLIFT.COM,RON,KAISOR,RKAISER@SSLIFT.COM,RON,KAISOR,RKAISER@SSLIFT.COM,,,,,FLORIDASALES,100,RANDY FRONTZ,0,(UNASSIGNED),DV,Duval County,N,,,(UnAssigned),NET 30,9/17/2009,500,,,0,0,0,0,0,0,0,Best Way,Destination,P,Y,,0,Y,0,N,P,0,0,(UnAssigned),N,N,0,,,,,,,,,,,,Use Item Price,i,I,,0,+,,,,,,,,,,N,,0,,(UnAssigned),Y,N,,(UnAssigned),,,E,I,N,Y,N,,,0,0,0,0,0,0,P,,N,E,,N,N,E,,E,,N,E,,53,,8/14/2009 2:46:24 PM,CMS,8/20/2012 11:45:52 AM,NEAL,N,10559
772760,DORR-BENN COMMUNICATIONS,P.O. BOX 37918,,JACKSONVILLE,FL,32236,904-924-0470,904-783-3511,DORIS,.,,,,,DORIS,.,,,,,,FLORIDASALES,20,RANDY FRONTZ,0,(UNASSIGNED),DV,Duval County,N,,,(UnAssigned),NET 30,1/12/2026,500,,,3.23,0,0,0,0,3.23,0,Best Way,Destination,P,Y,,0,Y,0,N,P,7,0,Westside,N,Y,2,2761,DORR-BENN COMMUNICATIONS,FOR ROCK OF AGES,"5710 EARL CIRCLE,NORTH",32219  904/7648,,,DORIS,,,,Use Item Price,i,I,,0,+,,,,,,,,,,N,,0,,(UnAssigned),Y,N,,(UnAssigned),,,D,I,N,Y,N,,,0,0,0,0,0,0,P,,N,E,,N,N,E,,E,,N,E,,,,8/14/2009 2:46:25 PM,CMS,6/13/2024 11:37:25 AM,NATE,N,10561
773880,INTERNATIONAL BALER CORP,,5400 RIO GRANDE AVE.,JACKSONVILLE,FL,32254,904-358-3812,904-354-5442,CURTIS,ADKINS,,,,,CURTIS,ADKINS,,,,,,FLORIDASALES,10,Randy Frontz,0,(UNASSIGNED),DV,Duval County,N,,,(UnAssigned),NET 30,12/19/2016,2000,,,0,0,0,0,0,0,0,Best Way,Destination,P,N,26-8015040671-4 *16,0,Y,0,N,P,7,0,Westside,N,N,0,,,,,,,,,,,,Use Item Price,i,I,,0,+,,,,,,,,,,N,,0,,(UnAssigned),Y,N,,(UnAssigned),Y,C,E,I,N,Y,N,,,0,0,0,0,0,0,M,ACCOUNTS,N,E,,Y,N,E,,E,,N,E,,77,,8/14/2009 2:46:25 PM,CMS,2/3/2016 9:04:56 AM,STEVE,N,10562
774625,J.B. COXWELL CONTRACTING,,"6741 LLOYD ROAD, WEST",JACKSONVILLE,FL,32254,904-786-1120,904-783-2970,WAYNE,WILLIFORD,,,,,WAYNE,WILLIFORD,,,,,,FLORIDASALES,7,Eugene Aman,0,(UNASSIGNED),DV,Duval County,N,,,(UnAssigned),NET 30,2/27/2026,5000,,,0,0,0,0,0,0,0,Best Way,Destination,P,Y,,0,Y,0,N,P,0,0,(UnAssigned),N,N,0,,,,,,,,,,,,Use Item Price,i,I,,0,+,,,,,,,,,,N,,0,,(UnAssigned),Y,N,,(UnAssigned),,,C,I,N,Y,N,,,0,0,0,0,0,0,P,,N,E,,N,N,E,,E,,N,E,,77,,8/14/2009 2:46:25 PM,CMS,1/30/2026 2:24:08 PM,JEFF,N,10564
774800,ORTEGA PRESBYTERIAN,CHURCH,4406 LONGFELLOW STREET,JACKSONVILLE,FL,32210,904-389-4043,904-389-4074,VICKIE,BURKE,,,,,VICKIE,BURKE,,,,,,FLORIDASALES,51,RANDY FRONTZ,0,(UNASSIGNED),EX,Tax Exempt,N,,,(UnAssigned),NET 30,9/23/2015,1000,,,0,0,0,0,0,0,0,Best Way,Destination,P,N,85-8012639699C-8,0,Y,0,N,P,0,0,(UnAssigned),N,N,0,,,,,,,,,,,,Use Item Price,i,I,,0,+,,,,,,Call Pastor Burk 234-7959,,,,N,,0,,(UnAssigned),Y,N,,(UnAssigned),,,E,I,N,Y,N,,,0,0,0,0,0,0,M,vickie,N,E,,N,N,E,,E,,N,E,,77,,8/14/2009 2:46:26 PM,CMS,10/1/2015 9:42:58 AM,STEVE,N,10565
775000,ORTEGA UNITED METHODIST CHURCH,4807 ROOSEVELT BOULEVARD,,JACKSONVILLE,FL,32210,904-389-5556,904-389-2874,WINSLOW,.,,,,,WINSLOW,COLBERT,FINANCEOFFICE@ORTEGAUMC.ORG,,,,,FLORIDASALES,51,RANDY FRONTZ,0,(UNASSIGNED),DV,Duval County,N,,,(UnAssigned),NET 30,10/22/2014,500,,,0,0,0,0,0,0,0,Best Way,Destination,P,N,85-8012646334C-8 *21,0,Y,0,N,E,7,0,Westside,N,N,0,,,,,,,,,,,,Use Item Price,i,I,,0,+,,,,,,,,,,N,,0,,(UnAssigned),Y,N,,(UnAssigned),,C,E,I,N,Y,N,,,0,0,0,0,0,0,M,WINSLOW,N,E,,N,N,E,,E,,N,E,,37,,8/14/2009 2:46:26 PM,CMS,1/26/2016 9:43:34 AM,STEVE,N,10566
776115,ROBERTS WHOLESALE PARTS,,7010 PRITCHARD ROAD,JACKSONVILLE,FL,32219,904-786-8211,904-781-9088,BARBARA,BAYLESS,BARBARA@ROBERTSDIESEL.COM,,,,BARBARA,BAYLESS,BARBARA@ROBERTSDIESEL.COM,,,,,FLORIDASALES,50,RANDY FRONTZ,0,(UNASSIGNED),DV,Duval County,N,,,(UnAssigned),NET 30,4/13/2015,750,,,0,0,0,0,0,0,0,Best Way,Destination,P,Y,,0,Y,0,N,P,0,0,(UnAssigned),N,Y,1,6115,ROBERTS DIESEL,,,,,,,,,,Use Item Price,i,I,,0,+,,,,,,,,,N,N,,0,,(UnAssigned),Y,N,,(UnAssigned),,C,E,I,N,Y,N,,,0,0,0,0,0,0,M,WENDY,N,E,,N,N,E,,E,,N,E,,77,,8/14/2009 2:46:26 PM,CMS,10/13/2014 5:05:23 PM,RANDY,N,10567
776116,EFFICIENCY ENTERPRISES,2001 NORTH ELLIS ROAD,,JACKSONVILLE,FL,32254,904-786-7601,904-781-9088,PURCHASING,IN TAMPA,,,,,PURCHASING,IN TAMPA,,,,,,FLORIDASALES,52,RANDY FRONTZ,0,(UNASSIGNED),DV,Duval County,N,,,(UnAssigned),NET 30,2/23/2010,500,,,0,0,0,0,0,0,0,Best Way,Destination,P,Y,,0,Y,0,N,P,0,0,(UnAssigned),N,N,0,,,,,,,,,,,,Use Item Price,i,I,,0,+,,,,,,,,,,N,,0,,(UnAssigned),Y,N,,(UnAssigned),,,E,I,N,Y,N,,,0,0,0,0,0,0,M,PURCHASING,N,E,,N,N,E,,E,,N,E,,53,,8/14/2009 2:46:26 PM,CMS,2/22/2011 11:59:22 AM,JACKIE,N,10568
777125,PROLOGIX-JACKSONVILLE,7037 COMMONWEALTH AVENUE,SUITE 9,JACKSONVILLE,FL,32220,904-783-2350,904-786-6026,FRANK,PITKAT,fpitkat@prologixusa.com,,,,FRANK,PITKAT,fpitkat@prologixusa.com,,,,,FLORIDASALES,10,Randy Frontz,0,(UNASSIGNED),DV,Duval County,N,,,(UnAssigned),CREDIT CARD,1/25/2010,2500,,,0,0,0,0,0,0,0,Best Way,Destination,P,Y,,0,Y,0,N,P,7,0,Westside,N,N,0,,,,,,,,,,,,Use Item Price,i,I,,0,+,,,,,,CLOSED ON WEDNESDAYS,,,,N,,0,,(UnAssigned),Y,N,,(UnAssigned),Y,B,E,I,N,Y,N,,,0,0,0,0,0,0,F,FRANK,N,E,,N,N,E,,E,,N,E,,11,,8/14/2009 2:46:27 PM,CMS,12/16/2009 10:29:22 AM,JOHN,N,10569
777130,PROLOGIX-FORT MEYERS,LOCATION #17376,7890 INTERSTATE COURT UNIT 6,N. FORT MYERS,FL,33917,239-543-5237,239-543-5248,TODD,SHUMBERA,SHUMBERAT@PROLOGIXUSA.COM,,,,TODD,SHUMBERA,SHUMBERAT@PROLOGIXUSA.COM,,,,,FLORIDASALES,10,Randy Frontz,0,(UNASSIGNED),DV,Duval County,N,,,(UnAssigned),NET 30,12/28/2009,2500,,,0,0,0,0,0,0,0,Best Way,Destination,P,Y,,0,Y,0,N,P,0,0,(UnAssigned),N,Y,1,7130,THE NEWS GROUP,LOCATION 17376,7890 INTERSTATE COURT,"N. FORT MYERS,",FL,33917,,,,,Use Item Price,i,I,,0,+,,,,,,,,,,N,,0,,(UnAssigned),Y,N,,(UnAssigned),,,E,I,N,Y,N,,,0,0,0,0,0,0,M,TODD,N,E,,N,N,E,,E,,N,E,,11,,8/14/2009 2:46:27 PM,CMS,1/8/2010 2:54:13 PM,JOHN,N,10570
777131,PROLOGIX-ORLANDO,10615 ROCKER BLVD.,,ORLANDO,FL,32824,407-851-4994,904-851-7029,RANDY,WOLF,WOLFFR@PROLOGIXUSA.COM,,,,RANDY,WOLF,WOLFFR@PROLOGIXUSA.COM,,,,,FLORIDASALES,10,Randy Frontz,0,(UNASSIGNED),DV,Duval County,N,,,(UnAssigned),NET 30,1/7/2010,500,,,0,0,0,0,0,0,0,Best Way,Destination,P,Y,,0,Y,0,N,P,0,0,(UnAssigned),N,N,0,,,,,,,,,,,,Use Item Price,i,I,,0,+,,,,,,,,,,N,,0,,(UnAssigned),Y,N,,(UnAssigned),,,E,I,N,Y,N,,,0,0,0,0,0,0,M,RANDY,N,E,,N,N,E,,E,,N,E,,11,,8/14/2009 2:46:27 PM,CMS,1/8/2010 2:54:39 PM,JOHN,N,10571
777132,PROLOGIX-RIVIERA BC,LOCATION #17300,3874 FISCAL CT SUITE 250,RIVIERA BEACH,FL,33404,561-882-0487,561-882-1784,VONN,EDWARDS,,,,,VONN,EDWARDS,,,,,,FLORIDASALES,10,Randy Frontz,0,(UNASSIGNED),DV,Duval County,N,,,(UnAssigned),NET 30,,1000,,,0,0,0,0,0,0,0,Best Way,Destination,P,Y,,0,Y,0,N,P,0,0,(UnAssigned),N,N,0,,,,,,,,,,,,Use Item Price,i,I,,0,+,,,,,,,,,,N,,0,,(UnAssigned),Y,N,,(UnAssigned),,,E,I,N,Y,N,,,0,0,0,0,0,0,P,,N,E,,N,N,E,,E,,N,E,,11,,8/14/2009 2:46:28 PM,CMS,,,N,10572
777133,PROLOGIX-TIFTON,4070 SHIRLEY DR SW,,ATLANTA,GA,30336,229-386-5704,229-386-5705,NORMA,JEAN,,,,,NORMA,JEAN,,,,,,FLORIDASALES,62,JOHN CANNON - EXIST,0,(UNASSIGNED),DV,Duval County,N,,,(UnAssigned),NET 30,10/13/2011,500,,,0,0,0,0,0,0,0,Best Way,Destination,P,Y,,0,Y,0,N,P,0,0,(UnAssigned),N,N,0,,,,,,,,,,,,Use Item Price,i,I,,0,+,,,,,,,,,,N,,0,,(UnAssigned),Y,N,,(UnAssigned),,,E,I,N,Y,N,,,0,0,0,0,0,0,P,,N,E,,N,N,E,,E,,N,E,,11,,8/14/2009 2:46:28 PM,CMS,1/6/2014 9:12:25 AM,RANDY,N,10573
777134,PROLOGIX-SAVANNAH,5516D EXPORT BLVD,,GARDEN CITY,GA,31408,912-965-0359,912-965-0358,JIM,BRADFORD/ROSE,,,,,JIM,BRADFORD/ROSE,,,,,,FLORIDASALES,62,JOHN CANNON - EXIST,0,(UNASSIGNED),DV,Duval County,N,,,(UnAssigned),CREDIT CARD,1/11/2010,5000,,,0,0,0,0,0,0,0,Best Way,Destination,P,Y,,0,Y,0,N,P,0,0,(UnAssigned),N,N,0,,,,,,,,,,,,Use Item Price,i,I,,0,+,,,,,,,,,,N,,0,,(UnAssigned),Y,N,,(UnAssigned),,C,E,I,N,Y,N,,,0,0,0,0,0,0,P,,N,E,,N,N,E,,E,,N,E,,11,,8/14/2009 2:46:28 PM,CMS,1/6/2014 9:13:07 AM,RANDY,N,10574
777135,PROLOGIX-COLUMBIA,901 IDLEWILD BLVD.,,COLUMBIA,SC,29201,803-252-4211,803-252-4251,ERIC,.,,,,,ERIC,.,,,,,,FLORIDASALES,10,Randy Frontz,0,(UNASSIGNED),DV,Duval County,N,,,(UnAssigned),NET 30,11/7/2006,1000,,,0,0,0,0,0,0,0,Best Way,Destination,P,Y,,0,Y,0,N,P,13,0,Miscellaneous,N,N,0,,,,,,,,,,,,Use Item Price,i,I,,0,+,,,,,,,,,,N,,0,,(UnAssigned),Y,N,,(UnAssigned),,,E,I,N,Y,N,,,0,0,0,0,0,0,P,,N,E,,N,N,E,,E,,N,E,,11,,8/14/2009 2:46:28 PM,CMS,9/4/2009 1:17:50 PM,DAWN,N,10575
777136,PROLOGIX-MARIETTA,2197 CANTON ROAD,SUITE 112,MARIETTA,GA,30066,770-421-6158,770-421-6196,JOEL,.,,JOEL,BARKVE,barkvej@andersonnews.com,JOEL,.,,,,,,FLORIDASALES,62,JOHN CANNON - EXIST,0,(UNASSIGNED),DV,Duval County,N,,,(UnAssigned),NET 30,4/30/2007,5000,,,0,0,0,0,0,0,0,Best Way,Destination,P,Y,,0,Y,0,N,P,0,0,(UnAssigned),N,N,0,,,,,,,,,,,,Use Item Price,i,I,,0,+,,,,,,,,,,N,,0,,(UnAssigned),Y,N,,(UnAssigned),,,E,I,N,Y,N,,,0,0,0,0,0,0,P,,N,E,,N,N,E,,E,,N,E,,77,,8/14/2009 2:46:29 PM,CMS,1/6/2014 9:11:38 AM,RANDY,N,10576
777137,PROLOGIX-CHARLESTON,2818 INDUSTRIAL AVE,,CHARLESTON,SC,29405,843-744-3301,843-744-3310,STEVE,BROWNING,,,,,STEVE,BROWNING,,,,,,FLORIDASALES,10,Randy Frontz,0,(UNASSIGNED),DV,Duval County,N,,,(UnAssigned),NET 30,1/19/2007,5000,,,0,0,0,0,0,0,0,Best Way,Destination,P,Y,,0,Y,0,N,P,0,0,(UnAssigned),N,N,0,,,,,,,,,,,,Use Item Price,i,I,,0,+,,,,,,,,,,N,,0,,(UnAssigned),Y,N,,(UnAssigned),,,E,I,N,Y,N,,,0,0,0,0,0,0,P,,N,E,,N,N,E,,E,,N,E,,77,,8/14/2009 2:46:29 PM,CMS,8/25/2009 1:43:20 PM,JACKIE,N,10577
777300,SOS ACADEMY,ATTN: KAYE HILL,6974 WILSON BOULEVARD,JACKSONVILLE,FL,32210,904-573-0880,904-573-0889,KAYE,HILL,HILLK@SOSJAX.ORG,,,,KAYE,HILL,HILLK@SOSJAX.ORG,,,,,FLORIDASALES,58,ROBIN FRONTZ-exist,0,(UNASSIGNED),DV,Duval County,N,,,(UnAssigned),NET 45,2/13/2026,2500,,,0,0,0,0,0,0,0,Best Way,Destination,P,N,85-8012599886C-5,0,Y,0,N,P,7,0,Westside,N,N,0,,,,,,,,,,,,30% Profit Margin,p30,P,,30,+,,,,,,,,,,N,,0,,(UnAssigned),Y,N,,(UnAssigned),,C,D,A,N,Y,N,,,0,0,0,0,0,0,M,KAYE,N,E,,N,N,E,,E,,N,E,,11,,8/14/2009 2:46:29 PM,CMS,8/12/2024 2:38:39 PM,NATE,N,10578
777315,SPENCE INDUSTRIAL SUPPLY,"COMPANY, INC.",2019 WEST BEAVER STREET,JACKSONVILLE,FL,32209,904-354-8020,904-354-8019,JAMES,.,,,,,JAMES,.,,,,,,FLORIDASALES,10,Randy Frontz,0,(UNASSIGNED),DV,Duval County,N,,,(UnAssigned),NET 30,8/27/2013,500,,,0,0,0,0,0,0,0,Best Way,Destination,P,N,26-00-123324-80-3,0,Y,0,N,P,1,0,Downtown,N,N,0,,,,,,,,,,,,Use Item Price,i,I,,0,+,,,,,,,,,,N,,0,,(UnAssigned),Y,N,,(UnAssigned),,,E,I,N,Y,N,,,0,0,0,0,0,0,P,,N,E,,N,N,E,,E,,N,E,,77,,8/14/2009 2:46:29 PM,CMS,9/4/2009 10:23:19 AM,DAWN,N,10579
778320,WINROC/SPI,,6803 STUART LANE SOUTH,JACKSONVILLE,FL,32254,904-786-9800,904-786-9888,SANDY,.,,,,,SANDY,.,,,,,,FLORIDASALES,10,Randy Frontz,0,(UNASSIGNED),DV,Duval County,N,,,(UnAssigned),NET 30,12/6/2013,500,,,0,0,0,0,0,0,0,Best Way,Destination,P,Y,,0,Y,0,N,P,7,0,Westside,N,N,0,,,,,,,,,,,,Use Item Price,i,I,,0,+,,,,,,,,,,N,,0,,(UnAssigned),Y,N,,(UnAssigned),,,E,I,N,Y,N,,,0,0,0,0,0,0,F,SANDY,N,E,,N,N,E,,E,,N,E,,77,,8/14/2009 2:46:30 PM,CMS,11/11/2011 2:35:20 PM,JACKIE,N,10580
779900,MACKINNON EQUIPMENT & SERVICES,6907 BROADWAY AVENUE,,JACKSONVILLE,FL,32254,904-693-9200,904-693-0155,MIKE,PFEIFFER,,,,,MIKE,PFEIFFER,,,,,,FLORIDASALES,100,RANDY FRONTZ,0,(UNASSIGNED),DV,Duval County,N,,,(UnAssigned),NET 30,12/29/2015,500,,,0,0,0,0,0,0,0,Best Way,Destination,P,N,26-8012080223-6 *16,0,Y,0,N,P,7,0,Westside,N,N,0,,,,,,,,,,,,Use Item Price,i,I,,0,+,,,,,,,,,,N,,0,,(UnAssigned),Y,N,,(UnAssigned),,,E,I,N,Y,N,,,0,0,0,0,0,0,M,KELLY,N,E,,N,N,E,,E,,N,E,,77,,8/14/2009 2:46:30 PM,CMS,1/8/2016 11:20:29 AM,STEVE,N,10581
800060,ACR SYSTEMS,122 NORTH JEFFERSON,,JACKSONVILLE,FL,32204,904-296-8554,904-332-0146,BOB,NOVAK,,,,,BOB,NOVAK,,,,,,FLORIDASALES,10,Randy Frontz,0,(UNASSIGNED),DV,Duval County,N,,,(UnAssigned),C.O.D,5/28/2009,500,,,0,0,0,0,0,0,0,Best Way,Destination,P,Y,,0,Y,0,N,P,1,0,Downtown,N,Y,1,220,ACR SYSTEMS,122 NORTH JEFFERSON ST,,"JACKSONVILLE,",FL,32204,,,,,Use Item Price,i,I,,0,+,,,,,,,,,,N,,0,,(UnAssigned),Y,N,,(UnAssigned),,,E,I,N,Y,N,,,0,0,0,0,0,0,P,,N,E,,N,N,E,,E,,N,E,,81,,8/14/2009 2:46:30 PM,CMS,9/4/2009 11:00:50 AM,DAWN,N,10582
800070,JUST-RITE SUPPLY INC.,IMPERIAL IND INC.,5109-3 STEPP AVENUE,JACKSONVILLE,FL,32216,904-448-8177,904-448-1915,LESLIE,.,,,,,LESLIE,.,,,,,,FLORIDASALES,10,Randy Frontz,0,(UNASSIGNED),DV,Duval County,N,,,(UnAssigned),NET 30,5/28/2008,1000,,,0,0,0,0,0,0,0,Best Way,Destination,P,Y,26-8012213798-3,0,Y,0,N,P,5,0,Southside,N,Y,1,70,"JUST RITE SUPPLY, INC.",3520 AGRICULTURAL CNTR DR,SUITE 301,"ST AUGUSTINE,",FL,32092,904/824-1155,,,,Use Item Price,i,I,,0,+,company closed.,,,,,,,,,N,,0,,(UnAssigned),Y,N,,(UnAssigned),,,E,I,N,Y,N,,,0,0,0,0,0,0,P,,N,E,,N,N,E,,E,,N,E,,81,,8/14/2009 2:46:31 PM,CMS,5/22/2013 12:40:19 PM,JACKIE,N,10583
800150,ARAMARK UNIFORM SERVICES,5698 COMMONWEALTH AVE,,JACKSONVILLE,FL,32254,904-695-2231,904-695-2834,ED,JONES,,,,,ED,JONES,,,,,,FLORIDASALES,10,Randy Frontz,0,(UNASSIGNED),DV,Duval County,N,,,(UnAssigned),NET 30,6/21/2007,5000,,,0,0,0,0,0,0,0,Best Way,Destination,P,N,,0,Y,0,N,P,7,0,Westside,N,N,0,,,,,,,,,,,,Use Item Price,i,I,,0,+,,,,,,,,,,N,,0,,(UnAssigned),Y,N,,(UnAssigned),,,E,I,N,Y,N,,,0,0,0,0,0,0,P,,N,E,,N,N,E,,E,,N,E,,81,,8/14/2009 2:46:31 PM,CMS,9/4/2009 9:24:45 AM,DAWN,N,10584
800385,BRUT PRINTING,,503 PARKER STREET,JACKSONVILLE,FL,32202,904-354-5055,904-355-3093,LISSLEY,MADDOX,lissleym@brutprinting.com,,,,LISSLEY,MADDOX,lissleym@brutprinting.com,,,,,FLORIDASALES,10,Randy Frontz,0,(UNASSIGNED),DV,Duval County,N,,,(UnAssigned),NET 30,7/23/2025,1000,,,-333.43,-333.43,0,0,0,0,0,PICKUP,Destination,P,Y,26-8012085266-8,0,Y,0,N,P,1,0,Downtown,N,Y,1,14,BRUT PRINTING,503 PARKER STREET,,,,,,,,,Use Item Price,i,I,,0,+,,,,,,,,,,N,,0,,(UnAssigned),N,N,,(UnAssigned),,C,D,A,N,Y,N,,,0,0,0,0,0,0,M,LISSLEY,N,E,,N,N,E,,E,,N,E,,81,,8/14/2009 2:46:31 PM,CMS,6/13/2024 11:27:57 AM,NATE,N,10586
802600,DUVAL ASPHALT PRODUCTS,7544 PHILIPS HWY,,JACKSONVILLE,FL.,32256,904-296-2020,904-296-6574,DONALD,.,,MILOH,.,,DONALD,.,,,,,,FLORIDASALES,25,ARTIE HARDIE,0,(UNASSIGNED),DV,Duval County,N,,,(UnAssigned),NET 30,9/21/2006,5000,,,0,0,0,0,0,0,0,Best Way,Destination,P,Y,,0,Y,0,N,P,0,0,(UnAssigned),N,N,0,,,,,,,,,,,,Use Item Price,i,I,,0,+,,,,,,,,,,N,,0,,(UnAssigned),Y,N,,(UnAssigned),,,E,I,N,Y,N,,,0,0,0,0,0,0,P,,N,E,,N,N,E,,E,,N,E,,81,,8/14/2009 2:46:32 PM,CMS,6/30/2013 10:37:18 PM,LILA,N,10587
803520,KIRBY RENTALS,8051 BAYBERRY RD,,JACKSONVILLE,FL,32256,904-739-1312,904-731-9127,KENNY,GREGORY,,,,,KENNY,GREGORY,,,,,,FLORIDASALES,10,Randy Frontz,0,(UNASSIGNED),DV,Duval County,N,,,(UnAssigned),NET 30,10/21/2011,1500,,,0,0,0,0,0,0,0,Best Way,Destination,P,Y,,0,Y,0,N,P,5,0,Southside,N,N,0,,,,,,,,,,,,Use Item Price,i,I,,0,+,,,,,,,,,,N,,0,,(UnAssigned),Y,N,,(UnAssigned),,C,E,I,N,Y,N,,,0,0,0,0,0,0,P,,N,E,,N,N,E,,E,,N,E,,81,,8/14/2009 2:46:32 PM,CMS,11/10/2009 12:33:01 PM,RANDY,N,10588
805350,NEXTRAN-LAKE CITY,328 SOUTHWEST RING COURT,,LAKE CITY,FL,32025,386-754-1300,1-386-754-8833,KENNETH,.,,,,,BRANDY,A/P,bcrews@nextranusa.com,,,,,FLORIDASALES,58,ROBIN FRONTZ-exist,0,(UNASSIGNED),DV,Duval County,N,,,(UnAssigned),NET 30,12/10/2015,1000,,,0,0,0,0,0,0,0,Best Way,Destination,P,Y,,0,Y,0,N,P,0,0,(UnAssigned),N,Y,1,5351,NEXTRAN JACKSONVILLE,1986 W. BEAVER ST.,,JACKSONVILLE,FL,32209,BRIAN,,,,Use Item Price,i,I,,0,+,,,,,,,,,,N,,0,,(UnAssigned),Y,N,,(UnAssigned),,C,E,I,N,Y,N,,,0,0,0,0,0,0,M,BRANDY,N,E,,N,N,E,,E,,N,E,,81,,8/14/2009 2:46:32 PM,CMS,2/3/2016 8:17:09 AM,STEVE,N,10589
805360,NEXT GENERATION POWER,"ENGINEERING, INC.",1732 ST. JOHNS BLUFF ROAD,JACKSONVILLE,FL,32246,904-642-8555,904-642-8175,JONAS,.,,,,,JONAS,.,,,,,,FLORIDASALES,50,RANDY FRONTZ,0,(UNASSIGNED),DV,Duval County,N,,,(UnAssigned),NET 30,2/9/2016,500,,,0,0,0,0,0,0,0,Best Way,Destination,P,Y,,0,Y,0,N,P,5,0,Southside,N,N,0,,,,,,,,,,,,Use Item Price,i,I,,0,+,,,,,,,,,,N,,0,,(UnAssigned),Y,N,,(UnAssigned),,,E,I,N,Y,N,,,0,0,0,0,0,0,F,JONAS,N,E,,N,N,E,,E,,N,E,,81,,8/14/2009 2:46:32 PM,CMS,10/14/2014 8:49:55 AM,RANDY,N,10590
806940,RING POWER CORPORATION,500 WORLD COMMERCE PARKWAY,,ST. AUGUSTINE,FL,32092,904-737-7735,904-281-0626,ANGEL,MCCAIN,angel.mccain@ringpower.com,,,,ANGEL,MCCAIN,angel.mccain@ringpower.com,,,,,FLORIDASALES,10,Randy Frontz,0,(UNASSIGNED),SJ,St. Johns County,N,,,(UnAssigned),NET 30,2/10/2026,500,,,0,0,0,0,0,0,0,Best Way,Destination,P,N,80-8012966894-9,0,Y,0,N,P,8,0,St Augustine,N,Y,5,6941,RING POWER CORPORATION,500 WORLD COMMERCE PKWY,"ST AUGUSTINE, FL 32092",,,,,,,,Use Item Price,i,I,,0,+,,,,,,,,,,N,,0,,(UnAssigned),N,N,,(UnAssigned),,,D,I,N,Y,N,,,0,0,0,0,0,0,M,ANGEL,N,E,,N,N,E,,E,,N,E,,81,,8/14/2009 2:46:33 PM,CMS,1/3/2022 10:17:12 AM,RANDY,N,10591
900001,CITY OF ST. AUGUSTINE,P.O.BOX 210,,ST.AUGUSTINE,FL,32085-0210,904-825-1020,904-825-1051,JILL A.,TREVALLION,JTREVALLION@CITYSTAUG.COM,,,,JILL A.,TREVALLION,JTREVALLION@CITYSTAUG.COM,,,,,FLORIDASALES,92,Randy Frontz,GOV'T,State & Federal Government,EX,Tax Exempt,N,,,(UnAssigned),NET 30,1/18/2012,5000,,,0,0,0,0,0,0,0,Best Way,Destination,P,N,65-00-012008-54C,0,Y,0,N,P,0,0,(UnAssigned),N,Y,1,1,CITY OF ST AUGUSTINE W/H,253 W. KING STREET AND ELKTON LANE,,ST AUGUSTINE,FL,32084,TERRY REAMES 904-825-1020,,,,Use Item Price,i,I,,0,+,,,,,,,,,,N,,0,,(UnAssigned),Y,N,,(UnAssigned),,,E,I,N,Y,N,,,0,0,0,0,0,0,P,,N,E,,N,N,E,,E,,N,E,,91,,8/14/2009 2:46:33 PM,CMS,10/20/2011 8:03:49 AM,SUE,N,10592
900002,PUROCLEAN RESTORATION,CLEANING,12620-3 BEACH BLVD #338,JACKSONVILLE,FL,32246,904-821-1620,904-821-1621,BILLY,.,billy@purojax.com,,,,BILLY,.,billy@purojax.com,,,,,FLORIDASALES,10,Randy Frontz,0,(UNASSIGNED),DV,Duval County,N,,,(UnAssigned),NET 30,3/26/2019,500,,,0,0,0,0,0,0,0,Best Way,Destination,P,Y,,0,Y,0,N,P,5,0,Southside,Y,Y,1,2,PUROCLEAN RESTORATION,3167 ST JOHN BLUFF RD S.,SUITE 109,JACKSONVILLE,FL,32246,BILLY,,,,Use Item Price,i,I,,0,+,,,,,,,,,,N,,0,,(UnAssigned),Y,N,,(UnAssigned),,,E,I,N,Y,N,,,0,0,0,0,0,0,M,BILLY,N,E,,Y,N,E,,E,,N,E,,91,,8/14/2009 2:46:33 PM,CMS,5/8/2017 9:25:30 AM,BRITTANY,N,10593
900225,ATCO/BENNETT RECOVERIES,,P. O.  BOX 8349,JACKSONVILLE,FL,32239,904-398-8686,904-358-1391,WILL,.,,,,,LENNIE,RIVERA,,,,,,FLORIDASALES,10,Randy Frontz,0,(UNASSIGNED),DV,Duval County,N,,,(UnAssigned),NET 30,3/5/2014,250,,,0,0,0,0,0,0,0,Best Way,Destination,P,Y,,0,Y,0,N,F,12,0,Arlington,N,Y,1,225,ATCO/BENNETT RECOVERIES,348 WEST 21ST ST,"JACKSONVILLE, FL",32206,,,,,,,Use Item Price,i,I,,0,+,,,,,,,,,,N,,0,,(UnAssigned),Y,N,,(UnAssigned),,,E,I,N,Y,N,,,0,0,0,0,0,0,F,LENNIE,N,E,,N,N,E,,E,,N,E,,91,,8/14/2009 2:46:34 PM,CMS,2/1/2011 8:33:56 AM,RANDY,N,10594
900320,AMERICAN INDUSTRIAL,PLASTICS,724 FENTRESS BOULEVARD,DAYTONA BEACH,FL,32114,386-274-5335,386-274-4746,ROB,.,,,,,ROB,.,,,,,,FLORIDASALES,10,Randy Frontz,0,(UNASSIGNED),DV,Duval County,N,,,(UnAssigned),NET 30,2/10/2015,500,,,0,0,0,0,0,0,0,Best Way,Destination,P,Y,,0,Y,0,N,P,13,0,Miscellaneous,N,N,0,,,,,,,,,,,,Use Item Price,i,I,,0,+,,,,,,,,,,N,,0,,(UnAssigned),Y,N,,(UnAssigned),,,E,I,N,Y,N,,,0,0,0,0,0,0,M,CHERYL,N,E,,N,N,E,,E,,N,E,,91,,8/14/2009 2:46:34 PM,CMS,2/11/2015 10:05:11 AM,STEVE,N,10595
900388,A & E GROCERY,,2072 PHOENIX AVE.,JACKSONVILLE,FL,32206,904-350-9314,904-00000000,JIMMY,.,,,,,JIMMY,.,,,,,,FLORIDASALES,20,RANDY FRONTZ,0,(UNASSIGNED),DV,Duval County,N,,,(UnAssigned),C.O.D. BY REQUEST,5/17/2013,0,,,0,0,0,0,0,0,0,Best Way,Destination,P,N,26-00-154017-01-4,0,Y,0,N,P,1,0,Downtown,Y,N,0,,,,,,,,,,,,Use Item Price,i,I,,0,+,,,,,,,,,,N,,0,,(UnAssigned),Y,N,,(UnAssigned),,,E,I,N,Y,N,,,0,0,0,0,0,0,P,,N,E,,Y,N,E,,E,,N,E,,91,,8/14/2009 2:46:34 PM,CMS,8/10/2010 2:41:24 PM,JACKIE,N,10596
901000,E.8TH STREET SANDWICH,SHOP,1734 EAST 8TH STREET,JACKSONVILLE,FL,32206,904-355-6668,904-,ISAM,AND LEILA,,ISAM,AND LEILA,,ISAM,AND LEILA,,,,,,FLORIDASALES,10,Randy Frontz,0,(UNASSIGNED),DV,Duval County,N,,,(UnAssigned),C.O.D,11/22/2019,450,,,0,0,0,0,0,0,0,Best Way,Destination,P,Y,26-8012960687-9,0,Y,0,N,P,1,0,Downtown,Y,N,0,,,,,,,,,,,,Use Item Price,i,I,,0,+,,,,,,,,,,N,,0,,(UnAssigned),N,N,,(UnAssigned),Y,B,E,I,N,Y,N,,,0,0,0,0,0,0,P,,N,E,,Y,N,E,,E,,N,E,,91,,8/14/2009 2:46:34 PM,CMS,12/4/2014 1:23:44 PM,STEVE,N,10597
901001,IGM INDUSTRIES,8840 CORPORATE SQUARE CRT,,JACKSONVILLE,FL,32216,904-725-4506,904-722-8684,ISSA,.,,,,,ISSA,.,,,,,,FLORIDASALES,10,Randy Frontz,0,(UNASSIGNED),DV,Duval County,N,,,(UnAssigned),NET 30,4/4/2007,250,,,0,0,0,0,0,0,0,Best Way,Destination,P,Y,26-8012446648-9,0,Y,0,N,P,0,0,(UnAssigned),N,N,0,,,,,,,,,,,,Use Item Price,i,I,,0,+,,,,,,,,,,N,,0,,(UnAssigned),Y,N,,(UnAssigned),,,E,I,N,Y,N,,,0,0,0,0,0,0,P,,N,E,,N,N,E,,E,,N,E,,91,,8/14/2009 2:46:35 PM,CMS,8/25/2009 1:54:03 PM,JACKIE,N,10598
901003,ACURA OF ORANGE PARK,7200 BLANDING BOULEVARD,,JACKSONVILLE,FL,32244,904-777-5600,,TINA,EXT 467,TKASSIS@HANANIAAUTOS.COM,,,,TINA,EXT 467,TKASSIS@HANANIAAUTOS.COM,,,,,FLORIDASALES,10,Randy Frontz,0,(UNASSIGNED),DV,Duval County,N,,,(UnAssigned),NET 30,11/5/2012,500,,,0,0,0,0,0,0,0,Best Way,Destination,P,Y,,0,Y,0,N,P,0,0,(UnAssigned),N,Y,7,1,ACURA OF ORANGE PARK,7200 BLANDING BOULEVARD,,JACKSONVILLE,FL,32244,,,,,Use Item Price,i,I,,0,+,,,,,,,,,,N,,0,,(UnAssigned),Y,N,,(UnAssigned),,,E,I,N,Y,N,,,0,0,0,0,0,0,M,TINA,N,E,,N,N,E,,E,,N,E,,91,,8/14/2009 2:46:35 PM,CMS,3/29/2013 4:44:40 PM,RANDY,N,10599
901190,DIET ALERT CENTER,,6630 NORTH MAIN STREET,JACKSONVILLE,FL,32208,904-764-4944,904-765-2593,JOHN,.,,,,,JOHN,.,,,,,,FLORIDASALES,20,RANDY FRONTZ,0,(UNASSIGNED),DV,Duval County,N,,,(UnAssigned),C.O.D. BY REQUEST,6/1/2023,250,,,0,0,0,0,0,0,0,Best Way,Destination,P,N,26-8012423511-1,0,Y,0,N,P,1,0,Downtown,Y,N,0,,,,,,,,,,,,Use Item Price,i,I,,0,+,,,,,,,,,,N,,0,,(UnAssigned),Y,N,,(UnAssigned),,,E,I,N,Y,N,,,0,0,0,0,0,0,P,,N,E,,N,N,E,,E,,N,E,,91,,8/14/2009 2:46:35 PM,CMS,10/8/2014 10:19:14 AM,JOHN,N,10600
902001,"DAVIS INTERIORS, LTD.",,3178 AZALEA GARDEN ROAD,NORFOLK,VA,23513,904-247-2333,904-249-9490,CINDY,.,,,,,CINDY,.,,,,,,FLORIDASALES,10,Randy Frontz,0,(UNASSIGNED),DV,Duval County,N,,,(UnAssigned),NET 30,2/19/2008,200,,,0,0,0,0,0,0,0,Best Way,Destination,P,N,26-02-141947-36-6,0,Y,0,N,P,3,0,Beaches,N,Y,1,20000,"DAVIS INTERIORS, LTD.",1840 MEALY STREET,"ATLANTIC BEACH, FL",32233,,,PATTY WADE,,,,Use Item Price,i,I,,0,+,,,,,,,,,,N,,0,,(UnAssigned),Y,N,,(UnAssigned),,,E,I,N,Y,N,,,0,0,0,0,0,0,P,,N,E,,N,N,E,,E,,N,E,,91,,8/14/2009 2:46:35 PM,CMS,9/4/2009 11:02:08 AM,DAWN,N,10601
902150,DR. EDWARD RAS,,201 FIRST STREET,NEPTUNE BEACH,FL,32266,904-246-6431,,EDWARD,RAS,,,,,EDWARD,RAS,,,,,,FLORIDASALES,20,RANDY FRONTZ,0,(UNASSIGNED),DV,Duval County,N,,,(UnAssigned),NET 30,4/8/2014,100,,,0,0,0,0,0,0,0,Best Way,Destination,P,Y,,0,Y,0,N,P,3,0,Beaches,N,N,0,,,,,,,,,,,,Use Item Price,i,I,,0,+,,,,,,,,,,N,,0,,(UnAssigned),Y,N,,(UnAssigned),,,E,I,N,Y,N,,,0,0,0,0,0,0,P,,N,E,,N,N,E,,E,,N,E,,91,,8/14/2009 2:46:36 PM,CMS,10/31/2014 10:13:28 AM,BEVERLY,N,10602
903120,"AMERICAN RAG & WIPERS,INC",,P.O.BOX 26913,JACKSONVILLE,FL,32226,904-353-7247,904-751-7088,ANITA,.,ANITA@AMERICANWIPERS.COM,,,,ANITA,.,ANITA@AMERICANWIPERS.COM,,,,,FLORIDASALES,20,RANDY FRONTZ,0,(UNASSIGNED),DV,Duval County,N,,,(UnAssigned),NET 30,1/25/2012,2500,,,0,0,0,0,0,0,0,PICKUP,Destination,P,N,26-8011960944-4,0,Y,0,N,P,1,0,Downtown,N,Y,1,3120,AMERICAN WIPERS,1717 EVERGREEN AVENUE,,JACKSONVILLE,FL,32208,ANITA,,,,Use Item Price,i,I,,0,+,,,,,,,,,,N,,0,,(UnAssigned),N,N,,(UnAssigned),,C,E,I,N,Y,N,,,0,0,0,0,0,0,M,ANITA,N,E,,N,N,E,,E,,N,E,,91,,8/14/2009 2:46:36 PM,CMS,6/9/2011 3:19:17 PM,JACKIE,N,10603
903411,FLORIDA IRRIGATION SUPPLY,740 10TH ST. SOUTH,,JAX BEACH,FL,32250,904-247-8899,904-246-5726,KATHY,.,,,,,KATHY,.,,,,,,FLORIDASALES,10,Randy Frontz,0,(UNASSIGNED),DV,Duval County,N,,,(UnAssigned),NET 30,3/13/2007,500,,,0,0,0,0,0,0,0,Best Way,Destination,P,Y,,0,Y,0,N,P,0,0,(UnAssigned),N,N,0,,,,,,,,,,,,Use Item Price,i,I,,0,+,,,,,,,,,,N,,0,,(UnAssigned),Y,N,,(UnAssigned),,,E,I,N,Y,N,,,0,0,0,0,0,0,P,,N,E,,N,N,E,,E,,N,E,,91,,8/14/2009 2:46:36 PM,CMS,8/25/2009 1:53:25 PM,JACKIE,N,10604
904470,MACEDONIA BAPTIST CHURCH,,1880 WEST EDGEWOOD AVENUE,JACKSONVILLE,FL,32208,904-764-9257,904-768-1736,WELLS/,SPENCER,,,,,WELLS/,SPENCER,,,,,,FLORIDASALES,10,Randy Frontz,0,(UNASSIGNED),DV,Duval County,N,,,(UnAssigned),NET 30,,300,,,0,0,0,0,0,0,0,Best Way,Destination,P,N,26-08-123376-55C,0,Y,0,N,P,1,0,Downtown,N,N,0,,,,,,,,,,,,Use Item Price,i,I,,0,+,,,,,,,,,,N,,0,,(UnAssigned),Y,N,,(UnAssigned),,,E,I,N,Y,N,,,0,0,0,0,0,0,P,,N,E,,N,N,E,,E,,N,E,,91,,8/14/2009 2:46:36 PM,CMS,9/4/2009 10:25:07 AM,DAWN,N,10605
904516,THE UPS STORE-BOWDEN,5711-15 BOWDEN RD,,JACKSONVILLE,FL,32216,904-737-4994,904-737-5596,STEVE,.,,,,,STEVE,.,,,,,,FLORIDASALES,10,Randy Frontz,0,(UNASSIGNED),DV,Duval County,N,,,(UnAssigned),NET 30,12/19/2007,500,,,0,0,0,0,0,0,0,Best Way,Destination,P,N,26-8011940443-4,0,Y,0,N,P,5,0,Southside,N,N,0,,,,,,,,,,,,Use Item Price,i,I,,0,+,,,,,,,,,Y,N,,0,,(UnAssigned),Y,N,,(UnAssigned),,,E,I,N,Y,N,,,0,0,0,0,0,0,P,,N,E,,N,N,E,,E,,N,E,,91,,8/14/2009 2:46:37 PM,CMS,9/4/2009 3:25:53 PM,DAWN,N,10606
904697,JANIKING OF FLORIDA,5700 ST. AUGUSTINE RD.,,JACKSONVILLE,FL,32207,904-346-3000,904-346-3105,,,,,,,CHERYL,.,CNICHOLAS@JANIKINGJAX.COM,,,,,FLORIDASALES,10,Randy Frontz,0,(UNASSIGNED),DV,Duval County,N,,,(UnAssigned),NET 30,7/27/2018,1000,,,0,0,0,0,0,0,0,PICKUP,Destination,P,N,26-00-110528-51-3,0,Y,0,N,E,5,0,Southside,N,Y,1,4699,JANIKING OF FLORIDA,4417 BEACH BLVD.,SUITE 103,JACKSONVILLE,FL,32207,,,,,Use Item Price,i,I,,0,+,,,,,,,,,,N,,0,,(UnAssigned),N,N,,(UnAssigned),,C,E,I,N,Y,N,,,0,0,0,0,0,0,M,RICHARD,Y,E,JODI,N,N,E,,E,,N,E,,91,,8/14/2009 2:46:37 PM,CMS,1/11/2016 8:24:57 AM,STEVE,N,10607
905655,NORWOOD SURPLUS PLYWOOD,,6200 NORWOOD AVENUE,JACKSONVILLE,FL,32208,904-768-6818,,CLEVE,.,,,,,CLEVE,.,,,,,,FLORIDASALES,10,Randy Frontz,0,(UNASSIGNED),EX,Tax Exempt,N,,,(UnAssigned),NET 30,3/5/2026,200,,,0,0,0,0,0,0,0,Best Way,Destination,P,Y,,0,Y,0,N,P,1,0,Downtown,N,N,0,,,,,,,,,,,,Use Item Price,i,I,,0,+,,,,,,,,,,N,,0,,(UnAssigned),Y,N,,(UnAssigned),,,D,I,N,Y,N,,,0,0,0,0,0,0,P,CLEVE,N,E,,N,N,E,,E,,N,E,,91,,8/14/2009 2:46:37 PM,CMS,5/24/2017 1:39:10 PM,PETE,N,10608
905805,ONB OFFICE CLEANING,1238 YUMA CT.,,ORANGE PARK,FL,32065,904-276-0254,904-276-3139,RAY,BOVE,,,,,RAY,BOVE,,,,,,FLORIDASALES,10,Randy Frontz,0,(UNASSIGNED),DV,Duval County,N,,,(UnAssigned),NET 30,5/17/2010,400,,,0,0,0,0,0,0,0,PICKUP,Destination,P,Y,,0,Y,0,N,P,17,0,Customer Pickup,N,N,0,,,,,,,,,,,,Use Item Price,i,I,,0,+,,,,,,,,,Y,N,,0,,(UnAssigned),N,N,,(UnAssigned),,C,E,I,N,Y,N,,,0,0,0,0,0,0,P,,N,E,,Y,N,E,,E,,N,E,,91,,8/14/2009 2:46:38 PM,CMS,11/10/2009 1:54:00 PM,RANDY,N,10609
905834,PENSTRIPE GRAPHICS,5931 ATLANTIC BOULEVARD,,JACKSONVILLE,FL,32207,904-726-0200,904-733-7350,JACKIE,.,,,,,JACKIE,.,,,,,,FLORIDASALES,10,Randy Frontz,0,(UNASSIGNED),DV,Duval County,N,,,(UnAssigned),NET 30,11/18/2008,250,,,0,0,0,0,0,0,0,Best Way,Destination,P,Y,,0,Y,0,N,P,5,0,Southside,N,N,0,,,,,,,,,,,,Use Item Price,i,I,,0,+,,,,,,,,,,N,,0,,(UnAssigned),Y,N,,(UnAssigned),,,E,I,N,Y,N,,,0,0,0,0,0,0,P,,N,E,,N,N,E,,E,,N,E,,91,,8/14/2009 2:46:38 PM,CMS,9/4/2009 10:34:06 AM,DAWN,N,10610
906191,PASCHAL BROTHERS HARDWARE,1118 N. MYRTLE AVENUE,,JACKSONVILLE,FL,32204,904-354-3566,904-355-1245,COREY,HUNT,corey@paschalbrothers.com,,,,COREY,HUNT,corey@paschalbrothers.com,,,,,FLORIDASALES,10,Randy Frontz,0,(UNASSIGNED),DV,Duval County,N,,,(UnAssigned),NET 30,3/5/2026,1000,,,92.67,0,92.67,0,0,0,0,WILL CALL,Destination,P,N,26-8012437877-3 *16,0,Y,0,N,P,17,0,Customer Pickup,N,Y,1,6191,PASCHAL BROTHERS HARDWARE,1118 N. MYRTLE AVENUE,"JACKSONVILLE, FL 32204",,,,,,,,Use Item Price,i,I,,0,+,,,,,,,,,,N,,0,,(UnAssigned),N,N,,(UnAssigned),Y,B,D,I,N,Y,N,,,0,0,0,0,0,0,M,ASHLEE,N,E,,N,N,E,,E,,N,E,,91,,8/14/2009 2:46:38 PM,CMS,1/8/2016 2:15:01 PM,STEVE,N,10612
906192,NORTH FLORIDA CONSTRUCTION SOLUTION,,P.O. BOX 54630,JACKSONVILLE,FL,32245,904-509-8193,904-647-6274,ROB.,.,,,,,ROB.,.,,,,,,FLORIDASALES,10,Randy Frontz,0,(UNASSIGNED),DV,Duval County,N,,,(UnAssigned),NET 30,1/19/2026,2000,,,74.59,-2,0,0,0,0,76.59,Best Way,Destination,P,N,26-8016321113-4 *16,0,Y,0,N,P,0,0,(UnAssigned),N,Y,1,6192,NORTH FLORIDA CONSTRUCTIN,452 EAST 4TH STREET,,"JACKSONVILLE,",FL,32206,,,,,Use Item Price,i,I,,0,+,,,,,,,,,,N,,0,,(UnAssigned),Y,N,,(UnAssigned),,,D,A,N,Y,N,,,0,0,0,0,0,0,M,ROB,N,E,,N,N,E,,E,,N,E,,91,,8/14/2009 2:46:39 PM,CMS,2/4/2026 8:48:16 AM,NATE,N,10613
906770,SCHWAB MACHINE,,1738 WAMBOLT STREET,JACKSONVILLE,FL,32202,1-888-999-1778,904-353-7791,BARBRA,.,,,,,BARBRA,.,,,,,,FLORIDASALES,10,Randy Frontz,0,(UNASSIGNED),DV,Duval County,N,,,(UnAssigned),NET 30,7/27/2020,500,,,0,0,0,0,0,0,0,Best Way,Destination,P,Y,,0,Y,0,N,P,1,0,Downtown,N,N,0,,,,,,,,,,,,Use Item Price,i,I,,0,+,,,,,,,,,,N,,0,,(UnAssigned),Y,N,,(UnAssigned),,,E,I,N,Y,N,,,0,0,0,0,0,0,P,,N,E,,N,N,E,,E,,N,E,,91,,8/14/2009 2:46:39 PM,CMS,6/12/2015 11:12:56 AM,STEVE,N,10614
907140,ST GEORGE ANTIOCHAN,ORTHODOX CHURCH,6300 BOWDEN ROAD,JACKSONVILLE,FL,32216,904-448-1855,904-448-1866,FATHER,KAMAL,,,,,FATHER,KAMAL,,,,,,FLORIDASALES,10,Randy Frontz,0,(UNASSIGNED),EX,Tax Exempt,N,,,(UnAssigned),NET 30,10/30/2018,1000,,,0,0,0,0,0,0,0,Best Way,Destination,P,N,26-00-108108-55C,0,Y,0,N,P,5,0,Southside,N,N,0,,,,,,,,,,,,Use Item Price,i,I,,0,+,,,,,,HOURS ARE FROM 9:00-1:00 PM,,,,N,,0,,(UnAssigned),N,N,,(UnAssigned),,,E,I,N,Y,N,,,0,0,0,0,0,0,P,,N,E,,Y,N,E,,E,,N,E,,91,,8/14/2009 2:46:39 PM,CMS,3/7/2012 3:15:18 PM,JACKIE,N,10615
907150,WESLEY FELLOWSHIP,METHODIST CHURCH,5400 PEARL STREET,JACKSONVILLE,FL,32208,904-355-4573,904-,L.PHELPS/D.GODBOLD,.,,,,,L.PHELPS/D.GODBOLD,.,,,,,,FLORIDASALES,10,Randy Frontz,0,(UNASSIGNED),DV,Duval County,N,,,(UnAssigned),NET 30,7/16/2019,500,,,0,0,0,0,0,0,0,Best Way,Destination,P,N,85-8012674308C-2,0,Y,0,N,P,1,0,Downtown,N,N,0,,,,,,,,,,,,Use Item Price,i,I,,0,+,wait til 1st of yr for email,invs - call back then,,,,HOURS ARE M-THUR. 8:30-12:30,,,,N,,0,,(UnAssigned),Y,N,,(UnAssigned),,,E,I,N,Y,N,,,0,0,0,0,0,0,P,,N,E,,N,N,E,,E,,N,E,,91,,8/14/2009 2:46:39 PM,CMS,2/3/2016 9:41:01 AM,STEVE,N,10616
907850,SOUTHERN PHOTO,,3241 BEACH BLVD.,JACKSONVILLE,FL,32207,904-398-7577,904-398-2516,KATHY,.,,,,,KATHY,.,,,,,,FLORIDASALES,10,Randy Frontz,0,(UNASSIGNED),EX,Tax Exempt,N,,,(UnAssigned),C.O.D. BY REQUEST,2/20/2015,300,,,0,0,0,0,0,0,0,Best Way,Destination,P,N,26-8015189405-5  *11,0,Y,0,N,P,5,0,Southside,N,N,0,,,,,,,,,,,,Use Item Price,i,I,,0,+,,,,,,,,,,N,,0,,(UnAssigned),Y,N,,(UnAssigned),,,E,I,N,Y,N,,,0,0,0,0,0,0,P,,N,E,,N,N,E,,E,,N,E,,91,,8/14/2009 2:46:40 PM,CMS,2/19/2015 12:38:54 PM,ADDYSON,N,10617
908100,THOMPSON SHADES AND,VENETIAN BLIND COMPANY,2036 EVERGREEN AVENUE,JACKSONVILLE,FL,32206,904-355-1616,904-355-1617,BIANCA,.,,,,,BIANCA,.,,,,,,FLORIDASALES,10,Randy Frontz,0,(UNASSIGNED),DV,Duval County,N,,,(UnAssigned),NET 30,2/4/2009,200,,,0,0,0,0,0,0,0,Best Way,Destination,P,Y,,0,Y,0,N,P,1,0,Downtown,N,N,0,,,,,,,,,,,,Use Item Price,i,I,,0,+,,,,,,,,,,N,,0,,(UnAssigned),Y,N,,(UnAssigned),,,E,I,N,Y,N,,,0,0,0,0,0,0,P,,N,E,,N,N,E,,E,,N,E,,91,,8/14/2009 2:46:40 PM,CMS,9/4/2009 10:27:31 AM,DAWN,N,10618
908125,THE LOCAL ARTIST,,1046 ELLIS ROAD SOUTH,JACKSONVILLE,FL,32205,904-389-7600,904-,MIKE,.,THELOCALARTIST@BELLSOUTH.NET,,,,MIKE,.,THELOCALARTIST@BELLSOUTH.NET,,,,,FLORIDASALES,10,Randy Frontz,0,(UNASSIGNED),DV,Duval County,N,,,(UnAssigned),NET 30,5/22/2017,200,,,0,0,0,0,0,0,0,Best Way,Destination,P,Y,,0,Y,0,N,P,7,0,Westside,N,N,0,,,,,,,,,,,,Use Item Price,i,I,,0,+,,,,,,,,,Y,N,,0,,(UnAssigned),Y,N,,(UnAssigned),,,E,I,N,Y,N,,,0,0,0,0,0,0,M,MIKE,N,E,,N,N,E,,E,,N,E,,11,,8/14/2009 2:46:40 PM,CMS,7/24/2017 11:50:01 AM,PETE,N,10619
109700,WEST JACKSONVILLE BAPTIST CHURCH,5634 NORMANDY BLVD,,JACKSONVILLE,FL,32205,904-781-4321,904-425-1178,JOHN,SAWYER,,JOHN,SAWYER,,RYAN,YOUNG,,,,,,FLORIDASALES,51,RANDY FRONTZ,0,(UNASSIGNED),DV,Duval County,N,,,(UnAssigned),NET 30,5/31/2013,1000,,,0,0,0,0,0,0,0,Best Way,Destination,P,N,,0,Y,0,Y,F,7,0,Westside,N,N,0,,,,,,,,,,,,Use Item Price,i,I,,0,+,,,,,,,,,N,N,,0,,(UnAssigned),Y,N,,(UnAssigned),,,E,I,N,Y,N,,,0,0,0,0,0,0,P,RYAN,N,E,,N,N,E,,E,,N,E,,,,8/26/2009 10:28:13 AM,JACKIE,10/13/2014 4:36:44 PM,RANDY,N,10621
DIGNI100,DIGNITY U WEAR,136 N. MYRTLE AVE,,JACKSONVILLE,FL,32204-1310,904-636-9455,904-636-8649,RADHA,WEEDER,rweeder@dignityuwear.org,,,,,,,,,,,FLORIDASALES,51,RANDY FRONTZ,0,(UNASSIGNED),DV,Duval County,N,,,(UnAssigned),C.O.D,5/29/2014,0,,,0,0,0,0,0,0,0,Best Way,Destination,P,N,85-8012605274C-8,0,Y,0,Y,P,1,0,Downtown,N,N,0,,,,,,,,,,,,Use Item Price,i,I,,0,+,,,,,,,,,N,N,,0,,(UnAssigned),Y,N,,(UnAssigned),,,E,I,N,Y,N,,,0,0,0,0,0,0,P,,N,E,,Y,N,E,,E,,N,E,,,,9/14/2009 3:27:54 PM,RANDY,11/25/2014 1:37:40 PM,BRITTANY,N,10623
BAYME100,FIRST CHOICE MOVERS,8230 BAYCENTER RD.,suite #4,JACKSONVILLE,FL,32256,904-731-7223,904-731-9092,Christina,Heinz,CHeinz@wemovejax.com,Christina,Heinz,CHeinz@wemovejax.com,Christina,Heinz,CHeinz@wemovejax.com,Christina,Heinz,CHeinz@wemovejax.com,OLDBAYMEADOWSMOVERS@YAHOO.COM,FLORIDASALES,58,ROBIN FRONTZ-exist,0,(UNASSIGNED),DV,Duval County,N,,,(UnAssigned),CREDIT CARD,5/27/2021,500,called with visa,,0,0,0,0,0,0,0,Best Way,Destination,P,Y,,0,Y,0,Y,P,5,0,Southside,N,N,0,,,,,,,,,,,,Use Item Price,i,I,,0,+,,,,,,,,,N,N,,0,,(UnAssigned),Y,N,,(UnAssigned),,,E,I,N,Y,N,,,0,0,0,0,0,0,M,Christina,N,E,Christina,N,N,E,Christina,E,Christina,N,E,Christina,,,9/21/2009 10:21:26 AM,RANDY,9/19/2022 8:35:46 AM,JEFF,N,10627
SOUTH100,SOUTHERN COASTAL PARTS DISTRIBUTION,4820 EXECUTIVE PARK COURT,,JACKSONVILLE,FL,32216,904-332-8258,877-861-0910,,,,,,,,,,,,,,FLORIDASALES,100,RANDY FRONTZ,0,(UNASSIGNED),DV,Duval County,N,,,(UnAssigned),NET 30,,0,,,0,0,0,0,0,0,0,Best Way,Destination,P,Y,,0,Y,0,Y,P,0,0,(UnAssigned),N,N,0,,,,,,,,,,,,Use Item Price,i,I,,0,+,,,,,,,,,,N,,0,,(UnAssigned),Y,N,,(UnAssigned),,,E,I,N,Y,N,,,0,0,0,0,0,0,P,,N,E,,N,N,E,,E,,N,E,,,,9/22/2009 10:57:29 AM,RANDY,9/13/2012 10:11:42 AM,NEAL,N,10628
SUDDA100,SUDDATH RELOCATION SYSTEMS,CORPORATE ACCOUNTS PAYABLE,P.O. BOX 10425 SUITE 440,JACKSONVILLE,FL,32247-0425,904-256-5540,904-256-5545,SPRING,CURRIER,SPRING.CURRIER@SUDDATH.COM,,,,SPRING,CURRIER,SPRING.CURRIER@SUDDATH.COM,,,,,FLORIDASALES,59,RONNIE BURKE,0,(UNASSIGNED),DV,Duval County,N,,,(UnAssigned),NET 30,9/30/2019,10000,,,0,0,0,0,0,0,0,Best Way,Destination,P,Y,,0,Y,0,Y,P,5,0,Southside,N,Y,25,440,SUDDATH RELOCATION SYSTEMS-JACKSONV,8743 WESTERN WAY,,JACKSONVILLE,FL,32256,JOSE DE LA PENA  904-256-5540,"JOSE DE LA PENA, AMANDA ROESE",904-256-5540,,Use Item Price,i,I,,0,+,,,,,,,,,,N,,0,,(UnAssigned),N,N,,(UnAssigned),Y,A,E,I,N,Y,N,,,0,0,0,0,0,0,M,ACCOUNTS PAYABLE,N,E,,N,N,E,,E,,N,E,,,,9/23/2009 10:56:54 AM,JACKIE,3/14/2017 2:11:39 PM,RANDY,N,10630
JEBST100,JEB STUART MIDDLE SCHOOL,4815 WESCONNETT BLVD,,JACKSONVILLE,FL,32210,904-573-1000,904-573-3213,REBECCA,MARCHANT,marchantr@duvalschools.org,,,,REBECCA,MARCHANT,marchantr@duvalschools.org,,,,,FLORIDASALES,10,Randy Frontz,0,(UNASSIGNED),DV,Duval County,N,,,(UnAssigned),CREDIT CARD,4/11/2011,0,,,0,0,0,0,0,0,0,Best Way,Destination,P,N,85-8013988912C-0,0,Y,0,Y,P,7,0,Westside,N,N,0,,,,,,,,,,,,Use Item Price,i,I,,0,+,,,,,,,,,,N,,0,,(UnAssigned),N,N,,(UnAssigned),,,E,I,N,Y,N,,,0,0,0,0,0,0,P,,N,E,,N,N,E,,E,,N,E,,,,10/6/2009 1:25:57 PM,JACKIE,10/6/2009 1:50:43 PM,JACKIE,N,10631
MUSSA100,MUSSALLEM ORIENTAL RUGS,5801 PHILLIPS HWY,,JACKSONVILLE,FL,32207,904-739-1551,904-739-3093,,,,,,,,,,,,,,FLORIDASALES,10,Randy Frontz,0,(UNASSIGNED),DV,Duval County,N,,,(UnAssigned),NET 30,10/7/2009,0,,,0,0,0,0,0,0,0,Best Way,Destination,P,Y,,0,Y,0,Y,P,0,0,(UnAssigned),N,N,0,,,,,,,,,,,,Use Item Price,i,I,,0,+,,,,,,,,,,N,,0,,(UnAssigned),Y,N,,(UnAssigned),,,E,I,N,Y,N,,,0,0,0,0,0,0,F,ROSE,N,E,,N,N,E,,E,,N,E,,,,10/6/2009 4:06:04 PM,RANDY,10/7/2009 12:41:07 PM,JOHN,N,10632
526803,OLD PLANK BAPTIST CHURCH,8964 OLD PLANK ROAD,,JACKSONVILLE,FL,32220,904-783-6942,904-783-2601,PAM,WILLIAMS,pamwilliams@oprbc.org,,,,PAM,WILLIAMS,pamwilliams@oprbc.org,,,,,FLORIDASALES,7,Eugene Aman,0,(UNASSIGNED),DV,Duval County,N,,,(UnAssigned),NET 30,1/12/2026,1000,,,1383.27,0,0,0,0,712.01,671.26,Best Way,Destination,P,N,85-8012640964C-1 *21,0,Y,0,Y,P,7,0,Westside,N,N,0,,,,,,,,,,,,Use Item Price,i,I,,0,+,,,,,,,,,,N,,0,,(UnAssigned),Y,N,,(UnAssigned),,,D,I,N,Y,N,,,0,0,0,0,0,0,M,Amanda,N,E,,N,N,E,,E,,N,E,,,,10/7/2009 10:12:59 AM,JACKIE,2/6/2026 1:56:54 PM,JEFF,N,10633
775001,ORTEGA PLAY SCHOOL,4807 ROOSEVELT BOULEVARD,,JACKSONVILLE,FL,32210,904-387-0749,,GAYLE,.,Ortegaplayschool@bellsouth.net,,,,,,,,,,,FLORIDASALES,78,RANDY FRONTZ,0,(UNASSIGNED),DV,Duval County,N,,,(UnAssigned),NET 30,1/19/2010,0,,,0,0,0,0,0,0,0,Best Way,Destination,P,N,85-8012646334C-8,0,Y,0,Y,P,7,0,Westside,N,N,0,,,,,,,,,,,,Use Item Price,i,I,,0,+,,,,,,,,,,N,,0,,(UnAssigned),Y,N,,(UnAssigned),,,E,I,N,Y,N,,,0,0,0,0,0,0,P,,N,E,,N,N,E,,E,,N,E,,,,10/20/2009 10:22:50 AM,JACKIE,8/20/2010 2:14:15 PM,RANDY,N,10669
NEWBE100,NEW BERLIN ELEMENTARY SCHOOL,3613 NEW BERLIN ROAD,,JACKSONVILLE,FL,32226,904-714-4601,904-714-4610,NYDIA,OTERO,oteron@duvalschools.org.,KERI,HILL,,NYDIA,OTERO,oteron@duvalschools.org.,,,,,FLORIDASALES,10,Randy Frontz,0,(UNASSIGNED),DV,Duval County,N,,,(UnAssigned),C.O.D,12/1/2009,500,,,0,0,0,0,0,0,0,Best Way,Destination,P,N,,0,Y,0,Y,P,0,0,(UnAssigned),N,N,0,,,,,,,,,,,,Use Item Price,i,I,,0,+,,,,,,,,,,N,,0,,(UnAssigned),N,N,,(UnAssigned),,,E,I,N,Y,N,,,0,0,0,0,0,0,P,,N,E,,Y,N,E,,E,,N,E,,,,10/20/2009 1:54:11 PM,JACKIE,9/11/2009 4:42:37 PM,CMS,N,10670
ASHFO100,ASHFORD SERVICES,2180 EMERSON ST.,,JACKSONVILLE,FL,32207,904-396-7090,904-396-7091,ANNETTE,DEAN,ANNETTE@ASHFORDSERVICES.NET,,,,,,,,,,,FLORIDASALES,24,Artie Hardie - Existing,0,(UNASSIGNED),DV,Duval County,N,,,(UnAssigned),NET 30,,0,,,0,0,0,0,0,0,0,Best Way,Destination,P,Y,,0,Y,0,Y,P,0,0,(UnAssigned),N,N,0,,,,,,,,,,,,Use Item Price,i,I,,0,+,,,,,,,,,,N,,0,,(UnAssigned),Y,N,,(UnAssigned),,,E,I,N,Y,N,,,0,0,0,0,0,0,P,,N,E,,N,N,E,,E,,N,E,,,,10/23/2009 10:24:11 AM,RANDY,12/5/2013 6:43:29 AM,RANDY,N,10671
BRAVO100,BRAVO FOODS,25 S. ELLIS RD.,,JACKSONVILLE,FL,32254,904-378-0209,904-781-2309,NILDA,MALDONADO,nildabravo68@hotmail.com,ADRIAN,FLORES,adrianbravo11@hotmail.com,,,,,,,,FLORIDASALES,51,RANDY FRONTZ,0,(UNASSIGNED),DV,Duval County,N,,,(UnAssigned),NET 30,6/19/2018,2000,,,0,0,0,0,0,0,0,Best Way,Destination,P,Y,,0,Y,0,Y,P,0,0,(UnAssigned),N,N,0,,,,,,,,,,,,Use Item Price,i,I,,0,+,,,,,,,,,,N,,0,,(UnAssigned),N,N,,(UnAssigned),,,E,I,N,Y,N,,,0,0,0,0,0,0,M,NILDA,N,E,,N,N,E,,E,,N,E,,,,10/23/2009 10:26:40 AM,RANDY,1/5/2016 9:31:05 AM,STEVE,N,10672
PARLI100,"PARLIMENT BUILDING PRODUCTS, INC",3031 WESTSIDE BLVD,,JACKSONVILLE,FL,32209,904-387-8444,904-387-8465,SCOTT,SHEE,SCOTT@PARLIMENTBUILDINGPRODUCTS.COM,SCOTT,SHEE,SCOTT@PARLIMENTBUILDINGPRODUCTS.COM,,,,,,,,FLORIDASALES,51,RANDY FRONTZ,0,(UNASSIGNED),DV,Duval County,N,,,(UnAssigned),NET 30,9/16/2011,10000,,,0,0,0,0,0,0,0,Best Way,Destination,P,N,26-8012443098-5 *09,0,Y,0,Y,P,7,0,Westside,N,N,0,,,,,,,,,,,,Use Item Price,i,I,,0,+,,,,,,,,,,N,,0,,(UnAssigned),N,N,,(UnAssigned),Y,A,E,I,N,Y,N,,,0,0,0,0,0,0,P,,N,E,,N,N,E,,E,,N,E,,,,10/26/2009 10:30:24 AM,JACKIE,10/13/2014 4:38:19 PM,RANDY,N,10673
PREMI100,PREMIER PHARMACY OF JACKSONVILLE,150 EAST 8TH STREET,,JACKSONVILLE,FL,32206,904-355-5646,904-355-6263,DAVID,BATTEH,,,,,,,,,,,,FLORIDASALES,78,RANDY FRONTZ,0,(UNASSIGNED),DV,Duval County,N,,,(UnAssigned),C.O.D. BY REQUEST,7/10/2023,0,,,0,0,0,0,0,0,0,Best Way,Destination,P,Y,,0,Y,0,Y,P,1,0,Downtown,Y,N,0,,,,,,,,,,,,Use Item Price,i,I,,0,+,,,,,,,,,,N,,0,,(UnAssigned),Y,N,,(UnAssigned),,,E,A,N,Y,N,,,0,0,0,0,0,0,P,,N,E,,Y,N,E,,E,,N,E,,,,11/3/2009 10:20:17 AM,JACKIE,7/16/2020 12:37:36 PM,NEAL,N,10674
UNION100,UNION 700,24 Drayton St.,Suite 201A,SAVANNAH,GA,31401,904-537-5205,,,,,,,,,,,,,,,FLORIDASALES,10,Randy Frontz,0,(UNASSIGNED),DV,Duval County,N,,,(UnAssigned),NET 30,6/17/2021,100,,,0,0,0,0,0,0,0,PICKUP,Destination,P,Y,,0,Y,0,Y,P,17,0,Customer Pickup,N,N,0,,,,,,,,,,,,Use Item Price,i,I,,0,+,,,,,,,,,,N,,0,,(UnAssigned),N,N,,(UnAssigned),,,E,I,N,Y,N,,,0,0,0,0,0,0,P,BILLIE,N,E,,N,N,E,,E,,N,E,,,,11/5/2009 11:18:54 AM,JACKIE,6/18/2021 11:52:16 AM,NATE,N,10675
PROLO100,PROLOGIX-TAMPA,9805 SOLAR DR.,,TAMPA,FL,33619,813-663-9323,1-813-663-9261,MIKE,POWER,POWERM@PROLOGIXUSA.COM,,,,MIKE,POWER,POWERM@PROLOGIXUSA.COM,,,,,FLORIDASALES,10,Randy Frontz,0,(UNASSIGNED),DV,Duval County,N,,,(UnAssigned),NET 30,9/23/2010,1000,,,0,0,0,0,0,0,0,Best Way,Destination,P,Y,,0,Y,0,Y,P,0,0,(UnAssigned),N,N,0,,,,,,,,,,,,Use Item Price,i,I,,0,+,,,,,,,,,,N,,0,,(UnAssigned),N,N,,(UnAssigned),,,E,I,N,Y,N,,,0,0,0,0,0,0,M,MIKE,N,E,,N,N,E,,E,,N,E,,,,11/19/2009 2:57:11 PM,RANDY,9/24/2010 8:15:01 AM,JOHN,N,10677
CNDTR100,CND TRUCKING INC.,1409-1 PICKETVILLE ROAD,,JACKSONVILLE,FL,32220,904-695-1045,904-695-1506,TRACY,JACKSON,TRACY.JACKSON@CNDTRUCKING.COM,,,,,,,,,,,FLORIDASALES,10,Randy Frontz,0,(UNASSIGNED),DV,Duval County,N,,,(UnAssigned),NET 30,10/31/2016,500,,,0,0,0,0,0,0,0,Best Way,Destination,P,Y,,0,Y,0,Y,P,0,0,(UnAssigned),N,N,0,,,,,,,,,,,,Use Item Price,i,I,,0,+,,,,,,,,,,N,,0,,(UnAssigned),Y,N,,(UnAssigned),,,E,I,N,Y,N,,,0,0,0,0,0,0,M,TRACY,N,E,,N,N,E,,E,,N,E,,,,11/24/2009 1:05:19 PM,JACKIE,5/13/2015 9:15:47 AM,STEVE,N,10678
CHISH100,CHISHOLM-ANN,,,,,,,,,,,,,,,,,,,,,FLORIDASALES,10,Randy Frontz,0,(UNASSIGNED),DV,Duval County,N,,,(UnAssigned),C.O.D,3/7/2011,0,,,0,0,0,0,0,0,0,CUSTOMER PICKUP,Destination,P,Y,,0,Y,0,Y,P,17,0,Customer Pickup,N,N,0,,,,,,,,,,,,Use Item Price,i,I,,0,+,,,,,,,,,,N,,0,,(UnAssigned),N,N,,(UnAssigned),,,E,I,N,Y,N,,,0,0,0,0,0,0,P,,N,E,,Y,N,E,,E,,N,E,,,,11/25/2009 10:48:07 AM,JACKIE,9/22/2010 1:27:22 PM,BEVERLY,N,10679
AMERI100,AMERICAN SAFETY MOVERS,216 DRUID STREET,,JACKSONVILLE,FL,32254,904-353-4848,904-353-4448,DAVE,.,dave@amsamovers.net,PAT,COLEMAN,,Kim,GillickColeman,FInance@AMSAMOVERS.NET,,,,,FLORIDASALES,58,ROBIN FRONTZ-exist,0,(UNASSIGNED),DV,Duval County,N,,,(UnAssigned),C.O.D,7/17/2018,0,,,0,0,0,0,0,0,0,Best Way,Destination,P,Y,,0,Y,0,Y,P,7,0,Westside,N,N,0,,,,,,,,,,,,Use Item Price,i,I,,0,+,,,,,,,,,Y,N,,0,,(UnAssigned),N,N,,(UnAssigned),,,E,I,N,Y,N,,,0,0,0,0,0,0,F,NINA,N,E,,Y,N,F,STANLEY,E,,N,E,,,,12/10/2009 10:21:11 AM,JACKIE,4/23/2018 9:46:43 AM,PETE,N,10680
IMMAC100,IMMACULATE JANITORIAL,,,JACKSONVILLE,FL,,904-553-3988,,ERROL,DURANT,,,,,,,,,,,,FLORIDASALES,10,Randy Frontz,0,(UNASSIGNED),DV,Duval County,N,,,(UnAssigned),C.O.D,2/25/2010,0,,,0,0,0,0,0,0,0,PICKUP,Destination,P,Y,,0,Y,0,Y,P,17,0,Customer Pickup,N,N,0,,,,,,,,,,,,Use Item Price,i,I,,0,+,,,,,,,,,,N,,0,,(UnAssigned),N,N,,(UnAssigned),,,E,I,N,Y,N,,,0,0,0,0,0,0,P,,N,E,,Y,N,E,,E,,N,E,,,,1/12/2010 1:52:06 PM,JACKIE,1/12/2010 1:57:06 PM,JACKIE,N,10681
HDSUP100,HD SUPPLY FIRE PROTECTION,11310 DISTRIBUTION AVENUE W.,,JACKSONVILLE,FL,32256,904-260-4705,904-260-4644,STACIE L.,SANDERS,STACIE.SANDERS@HDSUPPLY.COM,,,,,,,,,,WATERWORKS.HDSUPPLY.COM,FLORIDASALES,50,RANDY FRONTZ,0,(UNASSIGNED),DV,Duval County,N,,,(UnAssigned),NET 30,2/27/2014,1000,,,0,0,0,0,0,0,0,Best Way,Destination,P,Y,,0,Y,0,Y,P,5,0,Southside,N,N,0,,,,,,,,,,,,Use Item Price,i,I,,0,+,,,,,,,,,,N,,0,,(UnAssigned),N,N,,(UnAssigned),,,E,I,N,Y,N,,,0,0,0,0,0,0,P,,N,E,,N,N,E,,E,,N,E,,,,1/18/2010 2:09:33 PM,JACKIE,10/13/2014 4:24:48 PM,RANDY,N,10683
BERNI100,BERNIE'S TOOL AND FASTENER,4211 HIGHWAY AVENUE,,JACKSONVILLE,FL,32254,904-384-4999,904-384-5042,KEELY,HARP,purchasing@berniestools.com,,,,,,,,,,www.berniestools.com/,FLORIDASALES,24,Artie Hardie - Existing,0,(UNASSIGNED),DV,Duval County,N,,,(UnAssigned),NET 30,1/21/2010,0,,,0,0,0,0,0,0,0,Best Way,Destination,P,N,26-8012311114-4 *10,0,Y,0,Y,P,0,0,(UnAssigned),N,N,0,,,,,,,,,,,,Use Item Price,i,I,,0,+,,,,,,,,,,N,,0,,(UnAssigned),N,N,,(UnAssigned),,,E,I,N,Y,N,,,0,0,0,0,0,0,P,,N,E,,N,N,E,,E,,N,E,,,,1/19/2010 11:23:19 AM,JACKIE,12/5/2013 6:44:04 AM,RANDY,N,10684
ABATI100,ABATIX CORPORATION,2400 SKYLINE DRIVE    SUITE 400,,MESQUITE,TX,75149,1-214-381-1146,1-214-388-0443,MICHAEL,LINDSEY,MICHAEL_LINDSEY@ABATIX.COM,,,,,,,,,,,FLORIDASALES,10,Randy Frontz,0,(UNASSIGNED),DV,Duval County,N,,,(UnAssigned),NET 30,10/14/2020,3000,,,0,0,0,0,0,0,0,WILL CALL,Destination,P,N,26-8016838526-9 *16,0,Y,0,Y,P,17,0,Customer Pickup,N,Y,1,ABATI1,ABATIX CORPORATION,6500 BOWDEN ROAD,"BUILDING 300, SUITE 307",JACKSONVILLE,FL,32216,TONY GONZALEZ,,,,Use Item Price,i,I,,0,+,,,,,,,,,,N,,0,,(UnAssigned),N,N,,(UnAssigned),,,E,I,N,Y,N,,,0,0,0,0,0,0,P,,N,E,,N,N,E,,E,,N,E,,,,1/22/2010 8:57:24 AM,RANDY,1/14/2016 1:39:58 PM,STEVE,N,10685
ARLIN100,ARLINGTON ELEMENTARY SCHOOL,1201 UNIVERSITY BOULEVARD NORTH,,JACKSONVILLE,FL,32211,904-745-4900,904-745-4946,SAMIRA,EL-KOURI,el-kouris@duvalschools.org,,,,,,,,,,,FLORIDASALES,10,Randy Frontz,0,(UNASSIGNED),DV,Duval County,N,,,(UnAssigned),CREDIT CARD,2/1/2010,0,,,0,0,0,0,0,0,0,Best Way,Destination,P,N,,0,Y,0,Y,P,12,0,Arlington,N,N,0,,,,,,,,,,,,Use Item Price,i,I,,0,+,,,,,,,,,,N,,0,,(UnAssigned),N,N,,(UnAssigned),,,E,I,N,Y,N,,,0,0,0,0,0,0,P,,N,E,,N,N,E,,E,,N,E,,,,1/26/2010 1:30:13 PM,JACKIE,1/26/2010 1:33:03 PM,JACKIE,N,10687
ARLIN110,ARLINGTON HEIGHTS ELEMENTARY SCHOOL,1520 SPRINKLE DRIVE,,JACKSONVILLE,FL,32211,904-745-4923,904-745-4944,KRISTIE,NAULT,NAULTK@DUVALSCHOOLS.ORG,,,,,,,,,,,FLORIDASALES,10,Randy Frontz,0,(UNASSIGNED),DV,Duval County,N,,,(UnAssigned),NET 30,2/5/2010,1000,,,0,0,0,0,0,0,0,Best Way,Destination,P,N,,0,Y,0,Y,P,0,0,(UnAssigned),N,N,0,,,,,,,,,,,,Use Item Price,i,I,,0,+,,,,,,,,,,N,,0,,(UnAssigned),N,N,,(UnAssigned),,,E,I,N,Y,N,,,0,0,0,0,0,0,P,,N,E,,N,N,E,,E,,N,E,,,,2/1/2010 12:59:34 PM,JACKIE,9/11/2009 4:42:37 PM,CMS,N,10688
LIVIN100,LIVING STONE CREATIONS INC.,216-B McCARGO STREET NORTH,,JACKSONVILLE,FL,32220,904-781-5550,904-781-5551,MICHAEL,MOODY,MICHAEL@GODSTONEJAX.COM,MICHAEL,MOODY,MICHAEL@GODSTONEJAX.COM,,,,,,,,FLORIDASALES,58,ROBIN FRONTZ-exist,0,(UNASSIGNED),DV,Duval County,N,,,(UnAssigned),NET 30,9/3/2015,1000,,,0,0,0,0,0,0,0,Best Way,Destination,P,Y,,0,Y,0,Y,P,7,0,Westside,N,N,0,,,,,,,,,,,,Use Item Price,i,I,,0,+,,,,,,,,,,N,,0,,(UnAssigned),Y,N,,(UnAssigned),,,E,I,N,Y,N,,,0,0,0,0,0,0,M,BILL,N,E,,N,N,E,,E,,N,E,,,,2/16/2010 2:07:16 PM,JACKIE,11/18/2014 9:54:57 AM,STEVE,N,10691
STEWA100,STEWART MOVING AND STORAGE,6580 WEST 5TH STREET,,JACKSONVILLE,FL,32254,904-783-0715,904-786-5379,STEFAN,CORDEIRO,scordeiro@arpinofjax.com,,,,,,,,,,,FLORIDASALES,45,Michael Farah,0,(UNASSIGNED),DV,Duval County,N,,,(UnAssigned),NET 30,5/27/2021,3000,,,0,0,0,0,0,0,0,Best Way,Destination,P,Y,,0,Y,0,Y,P,0,0,(UnAssigned),N,N,0,,,,,,,,,,,,Use Item Price,i,I,,0,+,,,,,,,,,,N,,0,,(UnAssigned),N,N,,(UnAssigned),,,E,I,N,Y,N,,,0,0,0,0,0,0,M,STEFAN,Y,E,BILLING,N,N,E,,E,,N,E,,,,2/16/2010 3:56:18 PM,JACKIE,2/8/2017 3:02:44 PM,PETE,N,10692
FLAGL100,FLAGLER CONSTRUCTION EQUIPMENT,9601 BOGGY CREEK ROAD,,ORLANDO,FL,32824-8728,904-737-6000,904-737-1260,LORI,A/P,lgilchrist@flaglerce.com,JAMES,CARTER,JCARTER@FLAGLERCE.COM,JAMES,CARTER,JCARTER@FLAGLERCE.COM,,,,WWW.FLAGLERCE.COM,FLORIDASALES,21,DAVID T. HALL-new,0,(UNASSIGNED),DV,Duval County,N,,,(UnAssigned),NET 30,4/6/2016,0,,,0,0,0,0,0,0,0,Best Way,Destination,P,Y,,0,Y,0,Y,P,0,0,(UnAssigned),N,Y,1,1,FLAGLER CONSTRUCTION EQUIPMENT,8750 PHILIPS HIGHWAY,,JACKSONVILLE,FL,32256,,,,,Use Item Price,i,I,,0,+,LORI PHONE # 407-965-5917,,,,,,,,,N,,0,,(UnAssigned),Y,N,,(UnAssigned),,,E,I,N,Y,N,,,0,0,0,0,0,0,P,,N,E,,N,N,E,,E,,N,E,,,,2/17/2010 3:06:34 PM,RANDY,11/10/2015 11:23:56 AM,STEVE,N,10693
PINEE100,PINE ESTATES ELEMENTARY #250,10741 PINE ESTATES RD. EAST,,JACKSONVILLE,FL,32218,904-696-8767,904-696-8745,,,,,,,,,,,,,,FLORIDASALES,10,Randy Frontz,0,(UNASSIGNED),DV,Duval County,N,,,(UnAssigned),NET 30,2/28/2012,0,,,0,0,0,0,0,0,0,Best Way,Destination,P,N,85-8013988912C-0 *13,0,Y,0,Y,P,0,0,(UnAssigned),N,N,0,,,,,,,,,,,,Use Item Price,i,I,,0,+,,,,,,,,,,N,,0,,(UnAssigned),Y,N,,(UnAssigned),,,E,I,N,Y,N,,,0,0,0,0,0,0,P,,N,E,,N,N,E,,E,,N,E,,,,2/19/2010 2:18:15 PM,RANDY,4/14/2010 10:29:11 AM,JACKIE,N,10694
MIHAR100,MIHART PACKAGING INC.,P.O.BOX 9519,,JACKSONVILLE,FL,32208,904-551-0624,904-551-0635,STACY,RAHIM,S.RAHIM@MIHARTPACKAGING.COM,,,,,,,,,,,FLORIDASALES,51,RANDY FRONTZ,0,(UNASSIGNED),DV,Duval County,N,,,(UnAssigned),NET 30,6/12/2014,500,,,0,0,0,0,0,0,0,Best Way,Destination,P,Y,,0,Y,0,Y,P,7,0,Westside,N,N,0,,,,,,,,,,,,Use Item Price,i,I,,0,+,,,,,,,,,,N,,0,,(UnAssigned),N,N,,(UnAssigned),,,E,I,N,Y,N,,,0,0,0,0,0,0,P,,N,E,,N,N,E,,E,,N,E,,,,2/24/2010 9:46:53 AM,JACKIE,11/25/2014 1:38:02 PM,BRITTANY,N,10695
AIRVA100,AIR VAN INC.,13910 ALVAREZ RD. SUITE 101,,JACKSONVILLE,FL,32218,904-741-4930,904-741-3997,,,,,,,,,,,,,,FLORIDASALES,59,RONNIE BURKE,0,(UNASSIGNED),DV,Duval County,N,,,(UnAssigned),NET 30,,0,,,0,0,0,0,0,0,0,Best Way,Destination,P,Y,,0,Y,0,Y,P,0,0,(UnAssigned),N,N,0,,,,,,,,,,,,Use Item Price,i,I,,0,+,,,,,,,,,,N,,0,,(UnAssigned),Y,N,,(UnAssigned),,,E,I,N,Y,N,,,0,0,0,0,0,0,P,,N,E,,N,N,E,,E,,N,E,,,,3/1/2010 9:10:56 AM,RANDY,5/24/2017 8:31:29 AM,RANDY,N,10696
CFWOR100,CF WORLDWIDE,13350 INTERNATIONAL PARKWAY,SUITE 101,JACKSONVILLE,FL,32218,904-741-2141,904-741-2142,MARILYN,HIRSH,,,,,,,,,,,,FLORIDASALES,59,RONNIE BURKE,0,(UNASSIGNED),DV,Duval County,N,,,(UnAssigned),C.O.D,1/12/2012,250,,,0,0,0,0,0,0,0,Best Way,Destination,P,Y,,0,Y,0,Y,P,2,0,Northside,Y,N,0,,,,,,,,,,,,Use Item Price,i,I,,0,+,,,,,,COD AT ALL TIMES,,,,N,,0,,(UnAssigned),N,N,,(UnAssigned),,,E,I,N,Y,N,,,0,0,0,0,0,0,P,,N,E,,Y,N,E,,E,,N,E,,,,3/10/2010 12:56:19 PM,JACKIE,5/24/2017 8:31:47 AM,RANDY,N,10697
OEONL100,"OE ONLY BUMPERS, INC",515-1 EAST 9TH STREET,,JACKSONVILLE,FL,32206,904-634-8940,904-634-8941,VINNY,DeSANTIS,VINNYDE1@YAHOO.COM,,,,,,,,,,,FLORIDASALES,21,DAVID T. HALL-new,0,(UNASSIGNED),DV,Duval County,N,,,(UnAssigned),NET 30,10/17/2016,250,,,0,0,0,0,0,0,0,Best Way,Destination,P,Y,,0,Y,0,Y,P,1,0,Downtown,N,N,0,,,,,,,,,,,,Use Item Price,i,I,,0,+,,,,,,,,,Y,N,,0,,(UnAssigned),N,N,,(UnAssigned),,,E,I,N,Y,N,,,0,0,0,0,0,0,M,VINNY,N,E,VINNY,N,N,E,,E,,N,E,,,,3/17/2010 3:50:08 PM,JACKIE,2/22/2017 1:22:49 PM,PETE,N,10699
KEYCA100,AQUA GULF / KEY CARGO MARINE,9400 BUSCH DR NORTH,,JACKSONVILLE,FL,32218,904-355-4289,904-355-3969,ANTHONY,MILLER,AMILLER@AQUAGULF.COM,ARNOLD,ALEXANDER,aalexander@aquagulf.com,LILLY,PANTOJA,,,,,,FLORIDASALES,50,RANDY FRONTZ,0,(UNASSIGNED),DV,Duval County,N,,,(UnAssigned),NET 30,9/14/2015,400,,,0,0,0,0,0,0,0,Best Way,Destination,P,Y,,0,Y,0,Y,P,2,0,Northside,N,N,0,,,,,,,,,,,,Use Item Price,i,I,,0,+,,,,,,,,,,N,,0,,(UnAssigned),Y,N,,(UnAssigned),,,E,I,N,Y,N,,,0,0,0,0,0,0,M,CHARLOTTE,N,E,,N,N,E,,E,,N,E,,,,3/17/2010 4:17:52 PM,JACKIE,9/1/2015 9:07:36 AM,STEVE,N,10700
HIBER100,HIBERNIA BAPTIST CHURCH,7100 HIGHWAY 17 SOUTH,,FLEMING ISLAND,FL,32003,904-529-8944,904-529-8946,PAM,PIEDLOW,PPIEDLOW@AOL.COM,,,,,,,,,,,FLORIDASALES,7,Eugene Aman,0,(UNASSIGNED),DV,Duval County,N,,,(UnAssigned),NET 30,12/9/2013,1000,,,0,0,0,0,0,0,0,Best Way,Destination,P,N,,0,Y,0,Y,P,0,0,(UnAssigned),N,N,0,,,,,,,,,,,,Use Item Price,i,I,,0,+,,,,,,,,,,N,,0,,(UnAssigned),N,N,,(UnAssigned),,,E,I,N,Y,N,,,0,0,0,0,0,0,P,,N,E,,N,N,E,,E,,N,E,,,,3/25/2010 9:49:13 AM,JACKIE,4/9/2025 8:59:33 AM,NATE,N,10702
DUVAL100,DUVAL FORD,1616 CASSAT AVENUE,,JACKSONVILLE,FL,32210,904-381-6590,,Jenn,Harris,jennifer.harris@duvalmotor.com,,,,,,,,,,,FLORIDASALES,10,Randy Frontz,0,(UNASSIGNED),DV,Duval County,N,,,(UnAssigned),NET 30,4/16/2026,0,,,224.82,382.78,0,0,0,0,0,Best Way,Destination,P,Y,26-8015499770-0 *17,0,Y,0,Y,P,0,0,(UnAssigned),N,Y,1,30,DUVAL FORD,1616 CASSAT AVENUE,,,,,,,,,30% Profit Margin,p30,P,,30,+,Customer wants mailed invoice,,,,,,,,,N,,0,,(UnAssigned),Y,N,,(UnAssigned),,,B,A,N,Y,N,,,0,0,0,0,0,0,M,Jenn,N,E,,N,N,E,,E,,N,E,,,,4/1/2010 4:15:05 PM,RANDY,2/10/2025 10:05:15 AM,JEFF,N,10704
MITCH100,MITCHELL PROFFITT COMPANY,5644 DOOLITTLE ROAD,,JACKSONVILLE,FL,32254,904-783-3177,904-783-3198,,,,,,,,,,,,,,FLORIDASALES,59,RONNIE BURKE,0,(UNASSIGNED),DV,Duval County,N,,,(UnAssigned),NET 30,7/15/2014,500,,,0,0,0,0,0,0,0,Best Way,Destination,P,Y,,0,Y,0,Y,P,7,0,Westside,N,N,0,,,,,,,,,,,,Use Item Price,i,I,,0,+,,,,,,,,,,N,,0,,(UnAssigned),Y,N,,(UnAssigned),,,E,I,N,Y,N,,,0,0,0,0,0,0,P,,N,E,,N,N,E,,E,,N,E,,,,4/14/2010 10:47:09 AM,JACKIE,5/24/2017 8:32:13 AM,RANDY,N,10705
HYDRO100,HYDROLEC INC.,5050 STEPP AVENUE,,JACKSONVILLE,FL,32216,904-730-3766,904-730-3775,LUANNE,BARROW,LUANNE.BARROW@HYDROLEC.COM,LUANNE,BARROW,LUANNE.BARROW@HYDROLEC.COM,,,,,,,,FLORIDASALES,10,Randy Frontz,0,(UNASSIGNED),DV,Duval County,N,,,(UnAssigned),2% 10 NET 30,3/9/2026,2500,,,215,0,306.3,0,0,0,250,Best Way,Destination,P,N,26-8012495352-5  *16,0,Y,0,Y,P,5,0,Southside,N,N,0,,,,,,,,,,,,30% Profit Margin,p30,P,,30,+,,,,,,,,,,N,,0,,(UnAssigned),N,N,,(UnAssigned),,,D,A,N,Y,N,,,0,0,0,0,0,0,M,AP,N,E,,N,N,E,,E,,N,E,,,,4/14/2010 3:12:20 PM,JACKIE,11/2/2023 12:31:23 PM,JEFF,N,10706
ADAMC100,ADAM C & A,,,,,,,,,,,,,,,,,,,,,FLORIDASALES,10,Randy Frontz,0,(UNASSIGNED),DV,Duval County,N,,,(UnAssigned),C.O.D,4/16/2010,0,,,0,0,0,0,0,0,0,PICKUP,Destination,P,Y,,0,Y,0,Y,P,17,0,Customer Pickup,N,N,0,,,,,,,,,,,,Use Item Price,i,I,,0,+,,,,,,,,,,N,,0,,(UnAssigned),N,N,,(UnAssigned),,,E,I,N,Y,N,,,0,0,0,0,0,0,P,,N,E,,Y,N,E,,E,,N,E,,,,4/16/2010 2:23:13 PM,JACKIE,9/11/2009 4:42:37 PM,CMS,N,10707
DUNNS100,DUNNS CREEK BAPTIST CHURCH,1425 STARRATT ROAD,,JACKSONVILLE,FL,32218-0000,904-757-0343,,VIVIAN,HARRIS,DCBC_FINANCE@BELLSOUTH.NET,,,,VIVIAN,HARRIS,DCBC_FINANCE@BELLSOUTH.NET,,,,,FLORIDASALES,59,RONNIE BURKE,0,(UNASSIGNED),DV,Duval County,N,,,(UnAssigned),NET 30,1/11/2011,1000,,,0,0,0,0,0,0,0,Best Way,Destination,P,N,85-8012590424C-2 *14,0,Y,0,Y,P,2,0,Northside,N,N,0,,,,,,,,,,,,Use Item Price,i,I,,0,+,,,,,,,,,,N,,0,,(UnAssigned),Y,N,,(UnAssigned),,,E,I,N,Y,N,,,0,0,0,0,0,0,P,,N,E,,N,N,E,,E,,N,E,,,,4/20/2010 10:25:11 AM,JACKIE,5/24/2017 8:32:58 AM,RANDY,N,10708
SCHAU100,"HEARTHSIDE FOOD SOLUTIONS, LLC",,222 ROSEWOOD DR. SUITE 240,DANVERS,MA,1923,904-741-8016X 319,904-741-6933,RADAME,DOMENIGO,RADAME.DOMENIGO@GREENCORE.COM,accounts,payable,jacksonvilleAP@hearthsidefoods.com,DEBBIE,BROWN,DEBBIE.BROWN@GREENCORE.COM,,,,,FLORIDASALES,80,RONNIE BURKE,0,(UNASSIGNED),DV,Duval County,N,,,(UnAssigned),NET 30,2/28/2022,2500,,,0,0,0,0,0,0,0,Best Way,Destination,P,N,26-8013853121-4 *10,0,Y,0,Y,P,2,0,Northside,N,Y,1,1,"SCHAU SOUTHEAST, INC.",13949 ALVAREZ ROAD,SUITE 105,JACKSONVILLE,FL,32218,JON OLSEN,,,,Use Item Price,i,I,,0,+,,ANY DELIVERY QUESTIONS,CALL RICK 741-4029 OR RONNIE,48 hr delivery notice required,Rick Dominick 9047414029,48 hr notice of delivery,Rick Dominick 9047414029,Ronnie 9047418016x302,,N,,0,,(UnAssigned),N,N,,(UnAssigned),,,E,I,N,Y,N,,,0,0,0,0,0,0,M,accounts,N,E,,N,N,E,,E,,N,E,,,,4/21/2010 9:36:20 AM,JACKIE,11/30/2020 3:53:04 PM,NEAL,N,10709
CONSO100,CONSOLIDATED RIGGING AND MARINE,SUPPLY INC,P.O BOX 3235,JACKSONVILLE,FL,32206,904-477-1405/904-765-7177,904-765-2056,CURTIS,.,,,,,,,,,,,,FLORIDASALES,59,RONNIE BURKE,0,(UNASSIGNED),DV,Duval County,N,,,(UnAssigned),NET 30,7/9/2010,1000,,,0,0,0,0,0,0,0,Best Way,Destination,P,Y,,0,Y,0,Y,P,2,0,Northside,N,Y,1,1,CONSOLIDATED RIGGING AND MARINE,4700 NORTH PEARL STREET,,JACKSONVILLE,FL,32205,,,,,Use Item Price,i,I,,0,+,,,,,,,,,,N,,0,,(UnAssigned),N,N,,(UnAssigned),,,E,I,N,Y,N,,,0,0,0,0,0,0,P,,N,E,,N,N,E,,E,,N,E,,,,4/22/2010 2:35:02 PM,JACKIE,5/24/2017 8:33:18 AM,RANDY,N,10710
ULTIM100,ULTIMATE STORAGE INC.DBA-PODS,DBA: PODS,8498 MALLORY ROAD,JACKSONVILLE,FL,32220,904-378-8485,904-378-8487,BILL,EALES,bill@podsjacksonville.com,,,,,,,,,,,FLORIDASALES,51,RANDY FRONTZ,0,(UNASSIGNED),DV,Duval County,N,,,(UnAssigned),NET 30,2/19/2021,2000,,,0,0,0,0,0,0,0,Best Way,Destination,P,Y,,0,Y,0,Y,P,5,0,Southside,N,N,0,,,,,,,,,,,,Use Item Price,i,I,,0,+,,,,,,,,,,N,,0,,(UnAssigned),N,N,,(UnAssigned),,,E,I,N,Y,N,,,0,0,0,0,0,0,M,BILL,N,E,,N,N,E,,E,,N,E,,,,4/27/2010 8:29:09 AM,JACKIE,2/3/2016 9:38:35 AM,STEVE,N,10711
MAGIC100,MAGIC TRANSPORT,13286 VANTAGE WAY,,JACKSONVILLE,FL,32218,904-741-3988,904-741-6133,LAURA,McKINLEY,lmckinley@magictransport.com,,,,,,,,,,,FLORIDASALES,59,RONNIE BURKE,0,(UNASSIGNED),DV,Duval County,N,,,(UnAssigned),NET 30,5/3/2010,1000,,,0,0,0,0,0,0,0,Best Way,Destination,P,Y,,0,Y,0,Y,P,2,0,Northside,N,N,0,,,,,,,,,,,,Use Item Price,i,I,,0,+,,,,,,,,,,N,,0,,(UnAssigned),N,N,,(UnAssigned),,,E,I,N,Y,N,,,0,0,0,0,0,0,P,,N,E,,N,N,E,,E,,N,E,,,,4/30/2010 10:55:11 AM,JACKIE,5/24/2017 8:33:40 AM,RANDY,N,10712
JACKS100,JACK'S SANDWICH SHOP,9303 LEM TURNER ROAD,,JACKSONVILLE,FL,32208,904-765-3776,,LOUIS,SHUNNARRAH,,LOUIS,SHUNNARRAH,,,,,,,,,FLORIDASALES,64,Pat DeRita,0,(UNASSIGNED),DV,Duval County,N,,,(UnAssigned),NET 10,4/15/2026,500,,,1410.03,-133.99,0,0,0,0,1186.4,Best Way,Destination,P,N,26-8012041471-4  *15,0,Y,0,Y,P,2,0,Northside,Y,N,0,,,,,,,,,,,,Use Item Price,i,I,,0,+,,,,,,DO NOT DELIVER BET 11:00-1:00,,,,N,LOUIS,0,,(UnAssigned),N,N,,(UnAssigned),,,B,A,N,Y,N,,,0,0,0,0,0,0,P,,N,E,,Y,N,E,,E,,N,E,,,,5/11/2010 11:39:13 AM,JACKIE,12/7/2022 3:28:46 PM,JEFF,N,10713
CROSS100,CROSS CREEK BARBEQUE,850 SOUTH LANE AVENUE,,JACKSONVILLE,FL,32254,904-387-6770,904-384-8215,,,,,,,MARIE,WELLS,dmilnecomp@aol.com,,,,,FLORIDASALES,64,Pat DeRita,0,(UNASSIGNED),DV,Duval County,N,,,(UnAssigned),NET 30,4/15/2026,2500,,,8349.05,4107.28,1962.45,2279.32,0,0,0,Best Way,Destination,P,N,26-8012021122-9 *16,0,Y,0,Y,P,5,0,Southside,Y,N,0,,,,,,,,,,,,25% Profit Margin,p25,P,,25,+,,,,,,,,,,N,,0,,(UnAssigned),N,N,,(UnAssigned),,,A,A,N,Y,N,,,0,0,0,0,0,0,M,AP,N,E,,Y,N,E,,E,,N,E,,,,5/13/2010 11:15:55 AM,JACKIE,10/29/2025 1:49:18 PM,JEFF,N,10715
VILLA100,VILLAGE BREAD AND BAGEL,3044 MERCURY RD S,,JACKSONVILLE,FL,32207,904-739-1700,904-737-9100,VINCENT,JUBANI,VILLAGEBB@BELLSOUTH.NET,,,,CAMILLE,EXT 122,,,,,,FLORIDASALES,64,Pat DeRita,0,(UNASSIGNED),DV,Duval County,N,,,(UnAssigned),NET 30,4/15/2026,5000,,,23411.11,10031.33,3018.48,6990.67,0,0,3370.63,Best Way,Destination,P,N,26-8016378170-1  *16,0,Y,0,Y,P,5,0,Southside,Y,N,0,,,,,,,,,,,,Use Item Price,i,I,,0,+,,,,,,,,,,N,,0,,(UnAssigned),N,N,,(UnAssigned),,,A,A,N,Y,N,,,0,0,0,0,0,0,P,,N,E,,Y,N,E,,E,,N,E,,,,5/13/2010 11:17:50 AM,JACKIE,1/15/2024 11:22:29 AM,NATE,N,10716
FLETC100,FLETCHER MIDDLE SCHOOL,2000 3RD STREET,,JACKSONVILLE BEACH,FL,32250,904-247-5929,904-247-5933,,,,,,,,,,,,,,FLORIDASALES,10,Randy Frontz,0,(UNASSIGNED),DV,Duval County,N,,,(UnAssigned),NET 30,1/7/2011,2000,,,0,0,0,0,0,0,0,Best Way,Destination,P,N,,0,Y,0,Y,P,3,0,Beaches,N,N,0,,,,,,,,,,,,Use Item Price,i,I,,0,+,,,,,,,,,,N,,0,,(UnAssigned),N,N,,(UnAssigned),,,E,I,N,Y,N,,,0,0,0,0,0,0,P,,N,E,,N,N,E,,E,,N,E,,,,5/19/2010 11:06:32 AM,JACKIE,9/11/2009 4:42:37 PM,CMS,N,10717
CHRIS100,CHRIST THE KING,720 ARLINGTON ROAD,,JACKSONVILLE,FL,32211,904-724-7239,904-726-1791,,,,,,,,,,,,,,FLORIDASALES,58,ROBIN FRONTZ-exist,0,(UNASSIGNED),DV,Duval County,N,,,(UnAssigned),NET 30,12/4/2013,1000,,,0,0,0,0,0,0,0,Best Way,Destination,P,N,85-8013320786c-7 *15,0,Y,0,Y,P,0,0,(UnAssigned),N,N,0,,,,,,,,,,,,Use Item Price,i,I,,0,+,,,,,,,,,,N,,0,,(UnAssigned),N,N,,(UnAssigned),,,E,I,N,Y,N,,,0,0,0,0,0,0,P,,N,E,,N,N,E,,E,,N,E,,,,5/20/2010 10:58:27 AM,JACKIE,12/29/2015 9:48:21 AM,STEVE,N,10718
CLARK100,CLARK'S FISH CAMP AND SEAFOOD,12903 HOOD LANDING ROAD,,JACKSONVILLE,FL,32258,904-268-3474,904-880-3474,,,,FLO,.,,JOAN,PEOPLES,,,,,,FLORIDASALES,64,Pat DeRita,0,(UNASSIGNED),DV,Duval County,N,,,(UnAssigned),NET 30,9/14/2018,2500,,,0,-4275.22,0,0,0,0,4275.22,Best Way,Destination,P,Y,26-8011941292-3 *16,0,Y,0,Y,P,5,0,Southside,Y,N,0,,,,,,,,,,,,Use Item Price,i,I,,0,+,,,,,,SOMEONE IS THERE AT 12:00,,,,N,FLO,0,,(UnAssigned),N,N,,(UnAssigned),,,E,I,N,Y,N,,,0,0,0,0,0,0,P,,N,E,,Y,N,E,,E,,N,E,,,,5/21/2010 3:21:35 PM,JACKIE,6/21/2017 9:48:58 AM,DAVID,N,10719
BENCO100,BENCO WAREHOUSE INC,5107 UNIVERSITY BLVD W,,JACKSONVILLE,FL,32216,904-733-6961,904-448-0039,MARK,BIERY,BENCOW@BELLSOUTH.NET,,,,,,,,,,,FLORIDASALES,59,RONNIE BURKE,0,(UNASSIGNED),DV,Duval County,N,,,(UnAssigned),NET 30,5/13/2013,500,,,0,0,0,0,0,0,0,Best Way,Destination,P,Y,,0,Y,0,Y,P,5,0,Southside,N,N,0,,,,,,,,,,,,Use Item Price,i,I,,0,+,,,,,,TURN INTO THE RACETRACK ON,UNIVERSITY..IT IS BEHIND IT,,,N,,0,,(UnAssigned),Y,N,,(UnAssigned),,,E,I,N,Y,N,,,0,0,0,0,0,0,P,,N,E,,N,N,E,,E,,N,E,,,,5/25/2010 1:34:49 PM,JACKIE,5/24/2017 8:33:58 AM,RANDY,N,10720
MOUNT100,MOUNT SIANAI MBC,2036 SILVER STREET,,JACKSONVILLE,FL,32206,904-354-7249,904-358-0303,GUNDY,RL,,MR.,STEPHENS,,,,,,,,,FLORIDASALES,20,RANDY FRONTZ,0,(UNASSIGNED),DV,Duval County,N,,,(UnAssigned),NET 30,7/8/2010,0,,,0,0,0,0,0,0,0,Best Way,Destination,P,N,85-8012666422C-6 *11,0,Y,0,Y,P,0,0,(UnAssigned),N,N,0,,,,,,,,,,,,Use Item Price,i,I,,0,+,,,,,,,,,,N,,0,,(UnAssigned),Y,N,,(UnAssigned),,,E,I,N,Y,N,,,0,0,0,0,0,0,P,,N,E,,N,N,E,,E,,N,E,,,,5/27/2010 2:25:27 PM,RANDY,7/8/2010 3:05:18 PM,JACKIE,N,10723
JOIRI100,JOI -RIVERSIDE,2 SHIRCLIFF WAY,SUITE 300,JACKSONVILLE,FL,32204,904-388-1400,,TINA,.,,,,,,,,,,,,FLORIDASALES,21,DAVID T. HALL-new,0,(UNASSIGNED),DV,Duval County,N,,,(UnAssigned),NET 30,12/12/2011,1000,,,0,0,0,0,0,0,0,Best Way,Destination,P,Y,,0,Y,0,Y,P,0,0,(UnAssigned),N,N,0,,,,,,,,,,,,Use Item Price,i,I,,0,+,,,,,,,,,,N,,0,,(UnAssigned),N,N,,(UnAssigned),,,E,I,N,Y,N,,,0,0,0,0,0,0,P,,N,E,,N,N,E,,E,,N,E,,,,6/9/2010 10:11:44 AM,JACKIE,9/11/2009 4:42:37 PM,CMS,N,10724
AVAAU100,AVA AUTO PRODUCTS INC.,515 EAST 9TH STREET,,JACKSONVILLE,FL,32206-3803,904-634-8940,904-634-8941,,,,,,,,,,,,,,FLORIDASALES,59,RONNIE BURKE,0,(UNASSIGNED),DV,Duval County,N,,,(UnAssigned),NET 30,10/10/2016,2500,,,0,0,0,0,0,0,0,Best Way,Destination,P,N,26-8013907287-9  *16,0,Y,0,Y,P,1,0,Downtown,N,N,0,,,,,,,,,,,,Use Item Price,i,I,,0,+,,,,,,,,,Y,N,,0,,(UnAssigned),N,N,,(UnAssigned),,,E,I,N,Y,N,,,0,0,0,0,0,0,M,VINNY,N,E,,N,N,E,,E,,N,E,,,,6/17/2010 2:46:18 PM,JACKIE,5/24/2017 8:34:29 AM,RANDY,N,10725
TLCTE100,TLC TENDER LOVING CARE DAYCARE,5450 SOUTEL DR.,,JACKSONVILLE,FL,32208,904-379-9520,,LOU,HYMAN,,LOU,HYMAN,,LOU,HYMAN,,,,,,FLORIDASALES,20,RANDY FRONTZ,0,(UNASSIGNED),DV,Duval County,N,,,(UnAssigned),NET 30,,0,,,0,0,0,0,0,0,0,Best Way,Destination,P,Y,,0,Y,0,Y,P,0,0,(UnAssigned),N,N,0,,,,,,,,,,,,Use Item Price,i,I,,0,+,,,,,,,,,,N,,0,,(UnAssigned),Y,N,,(UnAssigned),,,E,I,N,Y,N,,,0,0,0,0,0,0,P,,N,E,,N,N,E,,E,,N,E,,,,6/18/2010 9:57:52 AM,RANDY,9/28/2010 9:02:57 AM,RANDY,N,10726
SUDDA110,SUDDATH RELOCATION SYSTEMS-KENT,7819 SOUTH 206TH STREET,,KENT,WA,98032,1-800-426-7776,,WILLIAM(BILL),KELLY,WKelly@suddath.com,,,,,,,,,,,FLORIDASALES,46,Michael Farah-direct,0,(UNASSIGNED),DV,Duval County,N,,,(UnAssigned),NET 30,7/14/2010,15000,,,0,0,0,0,0,0,0,Best Way,Destination,P,Y,,0,Y,0,Y,P,15,0,Drop Ship,N,N,0,,,,,,,,,,,,Use Item Price,i,I,,0,+,,,,,,,,,,N,,0,,(UnAssigned),N,N,,(UnAssigned),,,E,I,N,Y,N,,,0,0,0,0,0,0,P,,N,E,,N,N,E,,E,,N,E,,,,6/23/2010 3:08:17 PM,JACKIE,3/1/2012 4:06:27 PM,JACKIE,N,10729
DRPEP100,DR PEPPER SNAPPLE GROUP,ATTN ACCTS PAYABLE,P O BOX 540608,DALLAS,TX,75354,904-924-6475,904-695-4954,KARI,SHAW,KARI.SHAW@DPSG.COM,KARI,SHAW,KARI.SHAW@DPSG.COM,Accounts,Payable,AP.Invoicing@dpsg.com,,,,,FLORIDASALES,59,RONNIE BURKE,0,(UNASSIGNED),DV,Duval County,N,,,(UnAssigned),NET 45,1/13/2016,1500,,,0,0,0,0,0,0,0,Best Way,Destination,P,Y,,0,Y,0,Y,P,7,0,Westside,N,Y,1,P,DR PEPPER SNAPPLE GROUP,2300 PICKETVILLE ROAD,,JACKSONVILLE,FL,32220,,,,,Use Item Price,i,I,,0,+,,,,,,,,,,Y,,0,,(UnAssigned),N,N,,(UnAssigned),,,E,I,N,Y,N,,,0,0,0,0,0,0,M,Accounts,N,E,,N,N,E,,E,,N,E,KARI,,,6/23/2010 3:42:16 PM,JACKIE,5/24/2017 8:34:48 AM,RANDY,N,10730
446554,SARGENT SEAT COVER,44 EAST 1ST STREET,,JACKSONVILLE,FL,32206,904-355-2529,904-355-5404,DEBBIE/MARK,.,,DEBBIE/MARK,.,,,,,,,,,FLORIDASALES,10,Randy Frontz,0,(UNASSIGNED),DV,Duval County,N,,,(UnAssigned),NET 30,4/16/2026,2500,,,182.16,96.46,0,0,0,85.7,0,Best Way,Destination,P,Y,26-8012494442-2,0,Y,0,Y,P,1,0,Downtown,N,N,0,,,,,,,,,,,,Use Item Price,i,I,,0,+,,,,,,,,,,N,,0,,(UnAssigned),N,N,,(UnAssigned),,,D,A,N,Y,N,,,0,0,0,0,0,0,M,TODD,N,E,,N,N,E,,E,,N,E,,,,6/24/2010 11:08:48 AM,JACKIE,5/22/2025 2:40:36 PM,NATE,N,10731
JUSTF100,JUST FOR KIDS,11269 NORTH MAIN STREET,,JACKSONVILLE,FL,32218,904-696-7744,904-696-6520,,,,,,,,,,,,,,FLORIDASALES,59,RONNIE BURKE,0,(UNASSIGNED),DV,Duval County,N,,,(UnAssigned),NET 30,,0,,,0,0,0,0,0,0,0,Best Way,Destination,P,Y,,0,Y,0,Y,P,0,0,(UnAssigned),N,N,0,,,,,,,,,,,,Use Item Price,i,I,,0,+,,,,,,,,,,N,,0,,(UnAssigned),Y,N,,(UnAssigned),,,E,I,N,Y,N,,,0,0,0,0,0,0,P,,N,E,,N,N,E,,E,,N,E,,,,7/8/2010 3:52:25 PM,RANDY,5/24/2017 8:35:11 AM,RANDY,N,10732
BELTM100,BELTMANN GROUP,4101-1 BULLS BAY HIGHWAY,,JACKSONVILLE,FL,32219,904-695-9881,904-695-9888,,,,STEVE,ALLEN,STEVE.ALLEN@BELTMANN.COM,,,,,,,,FLORIDASALES,45,Michael Farah,0,(UNASSIGNED),DV,Duval County,N,,,(UnAssigned),NET 60,8/18/2010,1000,,,0,0,0,0,0,0,0,Best Way,Destination,P,Y,,0,Y,0,Y,P,7,0,Westside,N,N,0,,,,,,,,,,,,Use Item Price,i,I,,0,+,,,,,,,,,,N,,0,,(UnAssigned),N,N,,(UnAssigned),,,E,I,N,Y,N,,,0,0,0,0,0,0,P,,N,E,,N,N,E,,E,,N,E,,,,7/16/2010 8:26:29 AM,JACKIE,9/10/2010 3:18:24 PM,JACKIE,N,10733
K&J..100,K&J-JOYCE MUELLER,2866 ROBINETTE DR,,ORANGE PARK,FL,32073,904-631-8579,,,,,,,,,,,,,,,FLORIDASALES,20,RANDY FRONTZ,0,(UNASSIGNED),DV,Duval County,N,,,(UnAssigned),CREDIT CARD,3/3/2017,0,,,0,0,0,0,0,0,0,Will Call,Destination,P,N,26-8014824705-5 *15,0,Y,0,Y,P,17,0,Customer Pickup,Y,N,0,,,,,,,,,,,,Use Item Price,i,I,,0,+,,,,,,,,,,N,,0,,(UnAssigned),N,N,,(UnAssigned),,,E,I,N,Y,N,,,0,0,0,0,0,0,P,,N,E,,N,N,E,,E,,N,E,,,,7/19/2010 8:43:09 AM,JACKIE,3/17/2015 9:06:38 AM,STEVE,N,10735
SHEIK100,THE SHEIK SANDWICHES-103RD,7361 103RD STREET,,JACKSONVILLE,FL,32210,904-778-4805,904-778-1866,MICHAEL,SALAMEH,,,,,,,,,,,,FLORIDASALES,24,Artie Hardie - Existing,0,(UNASSIGNED),DV,Duval County,N,,,(UnAssigned),NET 10,10/5/2021,2500,,,0,0,0,0,0,0,0,Best Way,Destination,P,N,26-8012220533-6,0,Y,0,Y,P,7,0,Westside,Y,N,0,,,,,,,,,,,,Use Item Price,i,I,,0,+,,,,,,,,,,N,,0,,(UnAssigned),N,N,,(UnAssigned),,,E,I,N,Y,N,,,0,0,0,0,0,0,P,,N,E,,N,N,E,,E,,N,E,,,,7/20/2010 2:31:49 PM,JACKIE,6/3/2015 12:48:11 PM,RANDY,N,10737
ALLMY100,ALL MY SONS M&S OF JAX INC.,6805-1 STUART LANE SOUTH,,JACKSONVILLE,FL,32254,904-642-6900,904-786-7711,STEVE,HOROWITZ,STEVENH@ALLMYSONS.COM,STEVE,HOROWITZ,STEVENH@ALLMYSONS.COM,STEVE,HOROWITZ,STEVENH@ALLMYSONS.COM,,,,,FLORIDASALES,59,RONNIE BURKE,0,(UNASSIGNED),DV,Duval County,N,,,(UnAssigned),NET 30,6/27/2017,0,,,0,0,0,0,0,0,0,Best Way,Destination,P,Y,,0,Y,0,Y,P,0,0,(UnAssigned),N,N,0,,,,,,,,,,,,Use Item Price,i,I,,0,+,,,,,,,,,,N,,0,,(UnAssigned),Y,N,,(UnAssigned),,,E,I,N,Y,N,,,0,0,0,0,0,0,M,SHIRLEY,N,E,,N,N,E,,E,,N,E,,,,7/21/2010 2:16:12 PM,RANDY,6/15/2017 9:54:34 AM,RANDY,N,10738
HISCO100,HISCO PUMP,2664 ROBERT STREET,,JACKSONVILLE,FL,32207,904-448-1388,904-448-1390,,,,,,,,,,,,,,FLORIDASALES,59,RONNIE BURKE,0,(UNASSIGNED),DV,Duval County,N,,,(UnAssigned),NET 30,1/31/2012,0,,,0,0,0,0,0,0,0,Best Way,Destination,P,Y,,0,Y,0,Y,P,0,0,(UnAssigned),Y,N,0,,,,,,,,,,,,Use Item Price,i,I,,0,+,,,,,,,,,,N,,0,,(UnAssigned),Y,N,,(UnAssigned),,,E,I,N,Y,N,,,0,0,0,0,0,0,M,JENNIFER,N,E,,N,N,E,,E,,N,E,,,,7/23/2010 3:07:04 PM,RANDY,5/24/2017 8:35:33 AM,RANDY,N,10739
SHEIK110,THE SHEIK SANDWICHES-ATLANTIC,9720 ATLANTIC BOULEVARD,,JACKSONVILLE,FL,32225,904-721-2660,904-721-2668,LOUIE,SALAMEH,louiesamaan@gmail.com,,,,LOUIE,SALAMEH,louiesamaan@gmail.com,,,,,FLORIDASALES,10,Randy Frontz,0,(UNASSIGNED),DV,Duval County,N,,,(UnAssigned),NET 10,5/17/2023,1000,,,93.45,0,0,0,0,0,93.45,Best Way,Destination,P,N,,0,Y,0,Y,P,5,0,Southside,Y,N,0,,,,,,,,,,,,Use Item Price,i,I,,0,+,,,,,,,,,,N,,0,,(UnAssigned),N,N,,(UnAssigned),,,E,A,N,Y,N,,,0,0,0,0,0,0,P,,N,E,,N,N,E,,E,,N,E,,,,7/26/2010 10:29:21 AM,JACKIE,3/23/2021 11:38:21 AM,NATE,N,10741
SANDW100,THE SANDWICH COMPANY,8074 LONE STAR ROAD,,JACKSONVILLE,FL,32211,904-721-3232,,,,,,,,,,,,,,,FLORIDASALES,24,Artie Hardie - Existing,0,(UNASSIGNED),DV,Duval County,N,,,(UnAssigned),NET 10,8/18/2010,1000,,,0,0,0,0,0,0,0,Best Way,Destination,P,N,,0,Y,0,Y,P,0,0,(UnAssigned),Y,N,0,,,,,,,,,,,,Use Item Price,i,I,,0,+,,,,,,,,,,N,,0,,(UnAssigned),N,N,,(UnAssigned),,,E,I,N,Y,N,,,0,0,0,0,0,0,P,,N,E,,N,N,E,,E,,N,E,,,,7/26/2010 10:54:11 AM,JACKIE,6/3/2015 12:48:29 PM,RANDY,N,10742
ASIBU100,ASI BUILDING PRODUCTS,5030 SPRING PARK ROAD,,JACKSONVILLE,FL,32207,904-737-2425,,,,,,,,,,,,,,,FLORIDASALES,59,RONNIE BURKE,0,(UNASSIGNED),DV,Duval County,N,,,(UnAssigned),NET 30,7/28/2010,2500,,,0,0,0,0,0,0,0,Best Way,Destination,P,N,26-8012445226-8  *10,0,Y,0,Y,P,5,0,Southside,N,N,0,,,,,,,,,,,,Use Item Price,i,I,,0,+,,,,,,,,,,N,,0,,(UnAssigned),N,N,,(UnAssigned),,,E,I,N,Y,N,,,0,0,0,0,0,0,P,,N,E,,N,N,E,,E,,N,E,,,,7/26/2010 2:20:15 PM,JACKIE,5/24/2017 8:35:54 AM,RANDY,N,10743
SHEIK120,THE SHEIK SANDWICHES-NORMANDY,5172 NORMANDY BOULEVARD,,JACKSONVILLE,FL,32205,904-802-0150,,TARZAN,AKEL,,,,,,,,,,,,FLORIDASALES,24,Artie Hardie - Existing,0,(UNASSIGNED),DV,Duval County,N,,,(UnAssigned),NET 10,1/16/2015,2500,,,0,0,0,0,0,0,0,Best Way,Destination,P,N,,0,Y,0,Y,P,7,0,Westside,Y,N,0,,,,,,,,,,,,Use Item Price,i,I,,0,+,,,,,,,,,,N,,0,,(UnAssigned),N,N,,(UnAssigned),,,E,I,N,Y,N,,,0,0,0,0,0,0,P,,N,E,,N,N,E,,E,,N,E,,,,7/27/2010 2:54:54 PM,JACKIE,6/3/2015 12:50:45 PM,RANDY,N,10744
EAGLE100,EAGLE MOVING AND STORAGE,5540 HIGHWAY AVENUE,,JACKSONVILLE,FL,32254,904-855-0020,904-396-1633,KENNY,ADCOCK,KENNY@EAGLEMOVINGCO.COM,,,,,,,,,,,FLORIDASALES,77,ROBIN FRONTZ-new,0,(UNASSIGNED),DV,Duval County,N,,,(UnAssigned),NET 30,,1000,,,0,0,0,0,0,0,0,Best Way,Destination,P,N,,0,Y,0,Y,P,0,0,(UnAssigned),N,N,0,,,,,,,,,,,,Use Item Price,i,I,,0,+,IN THE OLD MERRITT MOVING BDG.,,,,,,,,,N,,0,,(UnAssigned),Y,N,,(UnAssigned),,,E,I,N,Y,N,,,0,0,0,0,0,0,P,,N,E,,N,N,E,,E,,N,E,,,,7/28/2010 9:57:36 AM,JACKIE,9/23/2010 11:10:55 AM,RANDY,N,10745
TATRA100,TATRA BUMPER INC.,3811 UNIVERSITY BLVD WEST,UNIT 37,JACKSONVILLE,FL,32217,904-448-1595,,MARIO,.,,,,,,,,,,,,FLORIDASALES,59,RONNIE BURKE,0,(UNASSIGNED),DV,Duval County,N,,,(UnAssigned),NET 30,5/8/2014,500,,,0,0,0,0,0,0,0,Best Way,Destination,P,Y,,0,Y,0,Y,P,0,0,(UnAssigned),N,N,0,,,,,,,,,,,,Use Item Price,i,I,,0,+,,,,,,,,,,N,,0,,(UnAssigned),Y,N,,(UnAssigned),,,E,I,N,Y,N,,,0,0,0,0,0,0,P,,N,E,,N,N,E,,E,,N,E,,,,7/28/2010 11:09:37 AM,JACKIE,5/24/2017 8:36:21 AM,RANDY,N,10746
SANDW110,THE SANDWICH COMPANY-EMERSON,2011 EMERSON STREET,,JACKSONVILLE,FL,32207,904-396-3666,,,,,,,,,,,,,,,FLORIDASALES,24,Artie Hardie - Existing,0,(UNASSIGNED),DV,Duval County,N,,,(UnAssigned),NET 10,4/26/2011,2500,,,0,0,0,0,0,0,0,Best Way,Destination,P,N,,0,Y,0,Y,P,0,0,(UnAssigned),Y,N,0,,,,,,,,,,,,Use Item Price,i,I,,0,+,,,,,,,,,,N,,0,,(UnAssigned),N,N,,(UnAssigned),,,E,I,N,Y,N,,,0,0,0,0,0,0,P,,N,E,,N,N,E,,E,,N,E,,,,7/28/2010 11:48:16 AM,JACKIE,6/3/2015 12:48:44 PM,RANDY,N,10747
UGAAT100,UGA ATHLETICS,P.O. BOX 1472,,ATHENS,GA,30603,1-706-542-4858,,ARTHUR,JOHNSON,,,,,,,,,,,,FLORIDASALES,3,RANDY FRONTZ,0,(UNASSIGNED),DV,Duval County,N,,,(UnAssigned),NET 30,8/13/2015,10000,,,0,0,0,0,0,0,0,Best Way,Destination,P,N,,0,Y,0,Y,P,13,0,Miscellaneous,N,Y,3,1,UGA,1 SELIG CIRCLE,BUTTS MEHRE BUILDING,ATHENS,GA,30602,MARK DELAFCHELL 706-201-7443,,,,Use Item Price,i,I,,0,+,,,,,,,,,,N,,0,,(UnAssigned),N,N,,(UnAssigned),,,E,I,N,Y,N,,,0,0,0,0,0,0,P,,N,E,,N,N,E,,E,,N,E,,,,8/12/2010 11:08:08 AM,JACKIE,7/21/2015 11:25:41 AM,STEVE,N,10750
GOODG100,GOOD GUYS MOVERS,8036 DEVOE STREET,,JACKSONVILLE,FL,32220,904-781-7770,904-781-7748,,,,,,,,,,,,,,FLORIDASALES,77,ROBIN FRONTZ-new,0,(UNASSIGNED),DV,Duval County,N,,,(UnAssigned),C.O.D. BY REQUEST,10/7/2010,0,,,0,0,0,0,0,0,0,Best Way,Destination,P,Y,,0,Y,0,Y,P,7,0,Westside,Y,N,0,,,,,,,,,,,,Use Item Price,i,I,,0,+,,,,,,,,,,N,,0,,(UnAssigned),Y,N,,(UnAssigned),,,E,I,N,Y,N,,,0,0,0,0,0,0,P,,N,E,,Y,N,E,,E,,N,E,,,,8/17/2010 3:49:12 PM,JACKIE,3/7/2017 11:03:17 AM,BRITTANY,N,10751
HELPI100,HELPING HANDS MOVERS,5323 FIRESTONE RD,SUITE #5,JACKSONVILLE,FL,32210,904-777-8910,904-693-8910,,,,,,,,,,,,,,FLORIDASALES,77,ROBIN FRONTZ-new,0,(UNASSIGNED),DV,Duval County,N,,,(UnAssigned),NET 30,5/3/2017,500,,,0,0,0,0,0,0,0,Best Way,Destination,P,Y,,0,Y,0,Y,P,0,0,(UnAssigned),Y,Y,1,1,HELPING HANDS MOVERS,5215 Firestone Rd.,,JAX,FL,32244,JIM HAMILTON,,,,Use Item Price,i,I,,0,+,,,,,,,,,,N,,0,,(UnAssigned),Y,N,,(UnAssigned),,,E,I,N,Y,N,,,0,0,0,0,0,0,P,,N,E,,N,N,E,,E,,N,E,,,,8/23/2010 8:36:33 AM,JACKIE,10/2/2015 2:10:25 PM,JACKIE,N,10752
PHOEN100,PHOENIX WIRE AND ROPE,700 CEDAR BAY ROAD,,JACKSONVILLE,FL,32218,904-367-1842,904-367-1843,,,,,,,,,,,,,,FLORIDASALES,10,Randy Frontz,0,(UNASSIGNED),DV,Duval County,N,,,(UnAssigned),NET 30,8/29/2019,200,,,0,0,0,0,0,0,0,Best Way,Destination,P,Y,,0,Y,0,Y,P,2,0,Northside,N,N,0,,,,,,,,,,,,Use Item Price,i,I,,0,+,,,,,,,,,Y,N,,0,,(UnAssigned),Y,N,,(UnAssigned),,,E,I,N,Y,N,,,0,0,0,0,0,0,M,Joanna,N,E,,N,N,E,,E,,N,E,,,,8/23/2010 10:58:48 AM,JACKIE,3/2/2020 10:39:18 AM,NATE,N,10753
DISCO100,DISCOUNT STORE FIXTURES,1819 IONIA STREET,,JACKSONVILLE,FL,32206,904-355-6440,,BOB,GATES,,,,,,,,,,,,FLORIDASALES,10,Randy Frontz,0,(UNASSIGNED),DV,Duval County,N,,,(UnAssigned),C.O.D. BY REQUEST,9/28/2020,200,,,0,0,0,0,0,0,0,WILL CALL,Destination,P,Y,,0,Y,0,Y,P,17,0,Customer Pickup,Y,N,0,,,,,,,,,,,,Use Item Price,i,I,,0,+,,,,,,,,,,N,,0,,(UnAssigned),N,N,,(UnAssigned),,,E,I,N,Y,N,,,0,0,0,0,0,0,P,,N,E,,Y,N,E,,E,,N,E,,,,8/24/2010 10:02:44 AM,JACKIE,8/24/2010 10:06:28 AM,JACKIE,N,10754
SHIND100,SHINDLER DRIVE BAPTIST CHURCH,7100 SHINDLER DRIVE,,JACKSONVILLE,FL,32222,904-779-7086,904-779-0036,MARY,McNAIR,MMCNAIR@SHINDLER.ORG,,,,,,,,,,,FLORIDASALES,77,ROBIN FRONTZ-new,0,(UNASSIGNED),DV,Duval County,N,,,(UnAssigned),NET 30,11/1/2012,500,,,0,0,0,0,0,0,0,Best Way,Destination,P,N,85-8012617519C-1 *13,0,Y,0,Y,P,0,0,(UnAssigned),N,N,0,,,,,,,,,,,,Use Item Price,i,I,,0,+,,,,,,CLOSES AT NOON ON FRIDAYS,,,,N,,0,,(UnAssigned),N,N,,(UnAssigned),,,E,I,N,Y,N,,,0,0,0,0,0,0,P,,N,E,,N,N,E,,E,,N,E,,,,8/26/2010 9:46:08 AM,JACKIE,5/31/2011 11:06:23 AM,JACKIE,N,10755
ULTRA100,"ULTRA-TECH INTERNATIOAL, INC.",11542 DAVIS CREEK COURT,,JACKSONVILLE,FL,32256,904-292-1611,904-292-1325,MIKE,McGregor,MICHAEL.MCGREGOR@SPILLCONTAINMENT.COM,,,,,,,,,,,FLORIDASALES,59,RONNIE BURKE,0,(UNASSIGNED),DV,Duval County,N,,,(UnAssigned),NET 30,,0,,,0,0,0,0,0,0,0,Best Way,Destination,P,Y,,0,Y,0,Y,P,0,0,(UnAssigned),N,N,0,,,,,,,,,,,,Use Item Price,i,I,,0,+,,,,,,,,,,N,,0,,(UnAssigned),Y,N,,(UnAssigned),,,E,I,N,Y,N,,,0,0,0,0,0,0,P,,N,E,,N,N,E,,E,,N,E,,,,8/30/2010 9:23:23 AM,RANDY,5/24/2017 8:36:41 AM,RANDY,N,10756
SHEIK130,THE SHEIK SANDWICHES-MAIN,2708 NORTH MAIN STREET,,JACKSONVILLE,FL,32206,904-353-8181,,,,,,,,,,,,,,,FLORIDASALES,59,RONNIE BURKE,0,(UNASSIGNED),DV,Duval County,N,,,(UnAssigned),NET 15,4/27/2017,1000,,,0,0,0,0,0,0,0,Best Way,Destination,P,N,,0,Y,0,Y,P,0,0,(UnAssigned),Y,N,0,,,,,,,,,,,,Use Item Price,i,I,,0,+,,,,,,,,,,N,,0,,(UnAssigned),N,N,,(UnAssigned),,,E,I,N,Y,N,,,0,0,0,0,0,0,P,,N,E,,N,N,E,,E,,N,E,,,,8/30/2010 11:02:52 AM,JACKIE,3/14/2017 2:12:30 PM,RANDY,N,10757
HOSEP100,HOSE POWER,ATT:ACCOUNTS PAYABLE,50 INDUSTRIAL LOOP N,ORANGE PARK,FL,32073,904-652-0874,904-652-0691,Teresa,trotter,ttrotter@hosepower.com,,,,,,,,,,,FLORIDASALES,50,RANDY FRONTZ,0,(UNASSIGNED),DV,Duval County,N,,,(UnAssigned),NET 60,6/24/2022,500,,,0,0,0,0,0,0,0,Best Way,Destination,P,Y,26-8012873257-7 *10,0,Y,0,Y,P,2,0,Northside,N,Y,1,2,HOSE POWER,3022 FAYE ROAD,,JACKSONVILLE,FL,32226,,,,,Use Item Price,i,I,,0,+,,,,bill op office,,,,,,N,,0,,(UnAssigned),Y,N,,(UnAssigned),,,E,I,N,Y,N,,,0,0,0,0,0,0,M,ANDREW,N,E,,N,N,E,,E,,N,E,,,,9/1/2010 11:24:09 AM,JACKIE,5/11/2017 2:23:03 PM,DAVID,N,10758
FLORI100,FLORIDA COOLING SUPPLY,P.O. BOX 2954,,JACKSONVILLE,FL,32203-2954,904-519-5550,904-519-5551,,,,,,,,,,,,,,FLORIDASALES,77,ROBIN FRONTZ-new,0,(UNASSIGNED),DV,Duval County,N,,,(UnAssigned),NET 30,9/9/2010,0,,,0,0,0,0,0,0,0,Best Way,Destination,P,Y,,0,Y,0,Y,P,0,0,(UnAssigned),N,Y,1,1,FLORIDA COOLING SUPPLY,8475 WESTERN WAY,SUITE 240,JACKSONVILLE,FL,32256,,,,,Use Item Price,i,I,,0,+,,,,,,,,,,N,,0,,(UnAssigned),Y,N,,(UnAssigned),,,E,I,N,Y,N,,,0,0,0,0,0,0,P,,N,E,,N,N,E,,E,,N,E,,,,9/8/2010 1:51:46 PM,JACKIE,9/8/2010 1:53:07 PM,JACKIE,N,10759
ANNES100,ANN'S SANDWICH SHOP,1803 EAST DUVAL STREET,,JACKSONVILLE,FL,32202,904-358-6429,,ANNE,FARAH,,,,,,,,,,,,FLORIDASALES,45,Michael Farah,0,(UNASSIGNED),DV,Duval County,N,,,(UnAssigned),NET 10,8/20/2013,500,,,0,0,0,0,0,0,0,Best Way,Destination,P,N,,0,Y,0,Y,P,1,0,Downtown,Y,N,0,,,,,,,,,,,,Use Item Price,i,I,,0,+,,,,,,,,,,N,,0,,(UnAssigned),N,N,,(UnAssigned),,,E,I,N,Y,N,,,0,0,0,0,0,0,P,,N,E,,N,N,E,,E,,N,E,,,,9/9/2010 8:50:04 AM,JACKIE,4/17/2013 2:48:10 PM,LILA,N,10760
FLASH100,FLASH FOODS,DISTRIBUTION SOUTH,1107 WEST 12TH STREET,ALMA,GA,31510,1-912-632-5901,1-912-632-4162,CHUCK,OVERSTREET,COVERSTREET@FLASHFOODS.COM,,,,,,,,,,,FLORIDASALES,24,Artie Hardie - Existing,0,(UNASSIGNED),EX,Tax Exempt,N,,,(UnAssigned),NET 30,2/18/2014,5000,,,0,0,0,0,0,0,0,Best Way,Destination,P,N,003010027-5,0,Y,0,Y,P,0,0,(UnAssigned),N,Y,1,1,FLASH FOODS,DISTRIBUTION SOUTH,1107 WEST 12TH STREET,ALMA,GA,31510,,,,,Use Item Price,i,I,,0,+,,,,,,,,,,N,,0,,(UnAssigned),N,N,,(UnAssigned),,,E,I,N,Y,N,,,0,0,0,0,0,0,P,,N,E,,N,N,E,,E,,N,E,,,,9/9/2010 9:12:41 AM,JACKIE,6/3/2015 12:49:00 PM,RANDY,N,10761
GEORG100,GEORGIA CROWN DISTRIBUTING CO.,ATTENTION: MARCILLA KLENZ,100 GEORGIA CROWN DRIVE,McDONOUGH,GA,30253,1-770-302-3099,1-770-302-3096,MARCILLA  H,KLENZ,MKLENZ@GEORGIACROWN.COM,,,,,,,,,,,FLORIDASALES,3,RANDY FRONTZ,0,(UNASSIGNED),DV,Duval County,N,,,(UnAssigned),NET 30,4/21/2015,5000,,,0,0,0,0,0,0,0,Best Way,Destination,P,Y,,0,Y,0,Y,P,13,0,Miscellaneous,N,Y,2,1,GEORGIA CROWN DISTRIBUTING CO.,BUILDING 200***NO APPT NECESSARY***,100 GEORGIA CROWN DRIVE,MCDONOUGH,GA,30253,ATTN: MARCILLA KLENZ,NO DELIVERY APPOINTMENT NEEDED,FOR JANITORIAL SUPPLIES..CALL,TINA CRITTENDON 770-302-3376,Use Item Price,i,I,,0,+,,,,,,,,,,N,,0,,(UnAssigned),N,N,,(UnAssigned),,,E,I,N,Y,N,,,0,0,0,0,0,0,M,MARCILLA  H,N,E,,N,N,E,,E,,N,E,,,,9/14/2010 8:29:17 AM,JACKIE,2/4/2015 9:41:34 AM,STEVE,N,10762
DUSSK100,"DUSS, KENNY PA",4348 SOUTHPOINT BLVD,SUITE 101,JACKSONVILLE,FL,32216,904-543-4300,,CINDY,.,,,,,,,,,,,,FLORIDASALES,3,RANDY FRONTZ,0,(UNASSIGNED),DV,Duval County,N,,,(UnAssigned),NET 15,11/15/2010,2000,,,0,0,0,0,0,0,0,Best Way,Destination,P,Y,,0,Y,0,Y,P,0,0,(UnAssigned),N,N,0,,,,,,,,,,,,Use Item Price,i,I,,0,+,,,,,,,,,,N,,0,,(UnAssigned),Y,N,,(UnAssigned),,,E,I,N,Y,N,,,0,0,0,0,0,0,P,,N,E,,N,N,E,,E,,N,E,,,,9/17/2010 9:36:10 AM,JACKIE,9/11/2009 4:42:37 PM,CMS,N,10763
MARKH100,MARKHAM EXPRESS INC.,6570 STUART AVENUE,,JACKSONVILLE,FL,32254,904-713-8900,904-713-9553,TERESA,GIFFORD,tgifford@markhamexpress.com,,,,,,,,,,,FLORIDASALES,59,RONNIE BURKE,0,(UNASSIGNED),DV,Duval County,N,,,(UnAssigned),NET 30,8/31/2016,500,,,0,0,0,0,0,0,0,Best Way,Destination,P,Y,,0,Y,0,Y,P,7,0,Westside,N,N,0,,,,,,,,,,,,Use Item Price,i,I,,0,+,,,,,,,,,,N,,0,,(UnAssigned),Y,N,,(UnAssigned),,,E,I,N,Y,N,,,0,0,0,0,0,0,M,TERESA,N,E,,N,N,E,,E,,N,E,,,,9/22/2010 2:58:00 PM,JACKIE,5/24/2017 8:37:06 AM,RANDY,N,10765
FLORI110,"FLORIDA BAPTIST CONVENTION, INC.",1230 HENDRICKS AVENUE,,JACKSONVILLE,FL,32207,904-596-3040,904-596-4448,,,,,,,,,,,,,,FLORIDASALES,77,ROBIN FRONTZ-new,0,(UNASSIGNED),DV,Duval County,N,,,(UnAssigned),NET 30,5/26/2011,1000,,,0,0,0,0,0,0,0,Best Way,Destination,P,N,85-8012647675C-7 *16,0,Y,0,Y,P,5,0,Southside,N,N,0,,,,,,,,,,,,Use Item Price,i,I,,0,+,,,,,,,,,,N,,0,,(UnAssigned),N,N,,(UnAssigned),,,E,I,N,Y,N,,,0,0,0,0,0,0,P,,N,E,,N,N,E,,E,,N,E,,,,9/27/2010 12:08:03 PM,JACKIE,3/17/2011 9:03:47 AM,JACKIE,N,10766
SHORE100,SHORELINE,300 ALTON BOX ROAD,,JACKSONVILLE,FL,32218,904-696-2981,904-757-8427,TRACY,.,,TRACY,.,,TRACY,.,,,,,,FLORIDASALES,59,RONNIE BURKE,0,(UNASSIGNED),DV,Duval County,N,,,(UnAssigned),NET 20,1/13/2014,200,,,0,0,0,0,0,0,0,Best Way,Destination,P,N,26-8015354940-5  *10,0,Y,0,Y,P,2,0,Northside,Y,N,0,,,,,,,,,,,,Use Item Price,i,I,,0,+,,,,,,,,,,N,,0,,(UnAssigned),Y,N,,(UnAssigned),,,E,I,N,Y,N,,,0,0,0,0,0,0,P,,N,E,,Y,N,E,,E,,N,E,,,,9/28/2010 10:33:54 AM,JACKIE,5/24/2017 8:37:29 AM,RANDY,N,10767
GREAT100,GREATER PAYNE CHAPEL AME,1230 CLAUDIA SPENCER ST.,,JACKSONVILLE,FL,32206,904-355-6015,904-353-7566,KENNETTA,CARTER,,Howard,DeSue,,VERONICA,DAWSON,,,,,,FLORIDASALES,20,RANDY FRONTZ,0,(UNASSIGNED),DV,Duval County,N,,,(UnAssigned),NET 10,12/30/2021,0,,,0,0,0,0,0,0,0,Best Way,Destination,P,N,85-8012613551C-3,0,Y,0,Y,P,0,0,(UnAssigned),N,N,0,,,,,,,,,,,,Use Item Price,i,I,,0,+,,,,,,Deliver between 10:30 - 2:00.,,,Y,N,,0,,(UnAssigned),Y,N,,(UnAssigned),,,E,I,N,Y,N,,,0,0,0,0,0,0,P,VERONICA,N,E,,Y,N,E,,E,,N,E,,,,9/29/2010 12:41:46 PM,RANDY,12/29/2021 3:17:04 PM,RANDY,N,10769
FAMOU100,FAMOUS SANDWICHES,7404 LEM TURNER ROAD,,JACKSONVILLE,FL,32208,904-768-1718,904-854-4590,JAMEEL,AKEL,,,,,,,,,,,,FLORIDASALES,24,Artie Hardie - Existing,0,(UNASSIGNED),DV,Duval County,N,,,(UnAssigned),C.O.D,2/23/2011,1000,,,0,0,0,0,0,0,0,Best Way,Destination,P,N,,0,Y,0,Y,P,2,0,Northside,Y,N,0,,,,,,,,,,,,Use Item Price,i,I,,0,+,,,,,,,,,,N,,0,,(UnAssigned),N,N,,(UnAssigned),,,E,I,N,Y,N,,,0,0,0,0,0,0,P,,N,E,,Y,N,E,,E,,N,E,,,,10/4/2010 4:09:17 PM,JACKIE,6/3/2015 12:49:18 PM,RANDY,N,10770
OLYMP100,OLYMPIA GYM,5810 NORMANDY BLVD. #3,,JACKSONVILLE,FL,32205,904-378-1551,,PAT,MEINERT,INCLUBS@AOL.COM,,,,PAT,MEINERT,INCLUBS@AOL.COM,,,,,FLORIDASALES,51,RANDY FRONTZ,0,(UNASSIGNED),DV,Duval County,N,,,(UnAssigned),NET 30,8/27/2013,0,,,0,0,0,0,0,0,0,Best Way,Destination,P,Y,,0,Y,0,Y,P,0,0,(UnAssigned),N,N,0,,,,,,,,,,,,Use Item Price,i,I,,0,+,,,,,,,,,Y,N,,0,,(UnAssigned),Y,N,,(UnAssigned),,,E,I,N,Y,N,,,0,0,0,0,0,0,P,,N,E,,N,N,E,,E,,N,E,,,,10/7/2010 10:17:53 AM,RANDY,1/14/2015 4:47:51 PM,STEVE,N,10771
GOSIN100,GOS  DISTRIBUTORS,250 EAST 1ST STREET,,JACKSONVILLE,FL,32206,904-598-2977,,,,,,,,,,,,,,,FLORIDASALES,10,Randy Frontz,0,(UNASSIGNED),DV,Duval County,N,,,(UnAssigned),CREDIT CARD,9/12/2016,0,,,0,0,0,0,0,0,0,Best Way,Destination,P,Y,,0,Y,0,Y,P,0,0,(UnAssigned),Y,N,0,,,,,,,,,,,,Use Item Price,i,I,,0,+,,,,,,,,,,N,,0,,(UnAssigned),N,N,,(UnAssigned),,,E,I,N,Y,N,,,0,0,0,0,0,0,P,,N,E,,N,N,E,,E,,N,E,,,,10/11/2010 12:37:22 PM,JACKIE,10/8/2014 11:33:22 AM,JOHN,N,10774
SOUTH110,SOUTHSIDE ESTATES ELEMENTARY,9775 IVEY ROAD,,JACKSONVILLE,FL,32246,904-565-2706,904-565-2737,GERT,VOSTEEN,VOSTEENG@DUVALSCHOOLS.ORG,,,,,,,,,,,FLORIDASALES,10,Randy Frontz,0,(UNASSIGNED),DV,Duval County,N,,,(UnAssigned),NET 30,9/4/2012,2000,,,0,0,0,0,0,0,0,Best Way,Destination,P,N,,0,Y,0,Y,P,0,0,(UnAssigned),N,N,0,,,,,,,,,,,,Use Item Price,i,I,,0,+,,,,,,,,,,N,,0,,(UnAssigned),N,N,,(UnAssigned),,,E,I,N,Y,N,,,0,0,0,0,0,0,P,,N,E,,N,N,E,,E,,N,E,,,,10/11/2010 3:55:23 PM,JACKIE,10/11/2010 3:56:06 PM,JACKIE,N,10775
V&JST100,THE V & J STORES INC,526 N ORANGE AVENUE,,GREEN COVE SPRINGS,FL,32043,904-284-0343,904-284-0313,,,,,,,,,,,,,,FLORIDASALES,10,Randy Frontz,0,(UNASSIGNED),DV,Duval County,N,,,(UnAssigned),C.O.D,10/21/2010,3000,,,0,0,0,0,0,0,0,Best Way,Destination,P,N,26-8015181388-9 *10,0,Y,0,Y,P,0,0,(UnAssigned),Y,Y,1,1,SELWAD GLOBAL WHOLESALE INC,5535 SHAD ROAD,SUITE 39,JACKSONVILLE,FL,32257,,PLEASE CALL A DAY BEFORE,DELIVERY 860-5006,,Use Item Price,i,I,,0,+,,,,,,,,,,N,,0,,(UnAssigned),N,N,,(UnAssigned),,,E,I,N,Y,N,,,0,0,0,0,0,0,P,,N,E,,Y,N,E,,E,,N,E,,,,10/13/2010 2:18:31 PM,JACKIE,3/29/2013 4:45:07 PM,RANDY,N,10776
BODYS100,BODY SHOP OF AMERICA,6225 POWERS AVENUE,,JACKSONVILLE,FL,32217,904-737-0811,,,,,,,,,,,,,,,FLORIDASALES,10,Randy Frontz,0,(UNASSIGNED),DV,Duval County,N,,,(UnAssigned),NET 30,12/27/2010,10000,,,0,0,0,0,0,0,0,Best Way,Destination,P,Y,,0,Y,0,Y,P,0,0,(UnAssigned),N,N,0,,,,,,,,,,,,Use Item Price,i,I,,0,+,,,,,,,,,,N,,0,,(UnAssigned),Y,N,,(UnAssigned),,,E,I,N,Y,N,,,0,0,0,0,0,0,P,,N,E,,N,N,E,,E,,N,E,,,,10/25/2010 11:21:26 AM,RANDY,9/11/2009 4:42:37 PM,CMS,N,10777
KENWO100,KENWORTH OF JACKSONVILLE,833 PICKETVILLE ROAD,,JACKSONVILLE,FL,32220,904-739-1580,904-739-1890,,,,,,,,,,,,,,FLORIDASALES,59,RONNIE BURKE,0,(UNASSIGNED),DV,Duval County,N,,,(UnAssigned),NET 30,,1000,,,0,0,0,0,0,0,0,Best Way,Destination,P,Y,,0,Y,0,Y,P,7,0,Westside,N,N,0,,,,,,,,,,,,Use Item Price,i,I,,0,+,,,,,,,,,,N,,0,,(UnAssigned),Y,N,,(UnAssigned),,,E,I,N,Y,N,,,0,0,0,0,0,0,P,,N,E,,N,N,E,,E,,N,E,,,,10/26/2010 8:38:21 AM,JACKIE,5/24/2017 8:37:52 AM,RANDY,N,10778
EASTE100,EASTERN INDUSTRIAL SUPPLIES,1802 DENNIS STREET,,JACKSONVILLE,FL,32204,904-354-3474,904-356-3399,,,,,,,,,,,,,,FLORIDASALES,59,RONNIE BURKE,0,(UNASSIGNED),DV,Duval County,N,,,(UnAssigned),NET 30,4/29/2011,500,,,0,0,0,0,0,0,0,Best Way,Destination,P,Y,,0,Y,0,Y,P,7,0,Westside,N,N,0,,,,,,,,,,,,Use Item Price,i,I,,0,+,,,,,,,,,,N,,0,,(UnAssigned),N,N,,(UnAssigned),,,E,I,N,Y,N,,,0,0,0,0,0,0,P,,N,E,,N,N,E,,E,,N,E,,,,11/10/2010 10:42:26 AM,JACKIE,5/24/2017 8:38:10 AM,RANDY,N,10780
SUNMA100,SUN MAINTENANCE GROUP,P.O. BOX 356,,MIDDLEBURG,FL,32050,904-497-2613,,BRIAN,MOORE,BRIAN@SUNMAINTENANCEGRP.COM,,,,,,,,,,,FLORIDASALES,10,Randy Frontz,0,(UNASSIGNED),DV,Duval County,N,,,(UnAssigned),NET 30,1/2/2013,0,,,0,0,0,0,0,0,0,WILL CALL,Destination,P,Y,,0,Y,0,Y,P,17,0,Customer Pickup,N,Y,1,1,SUN MAINTENANCE GROUP,1008 FOUNTAINE ROAD,,JACKSONVILLE,FL,32205,,,,,Use Item Price,i,I,,0,+,,,,,,,,,,N,,0,,(UnAssigned),N,N,,(UnAssigned),,,E,I,N,Y,N,,,0,0,0,0,0,0,P,,N,E,,N,N,E,,E,,N,E,,,,11/10/2010 3:37:10 PM,RANDY,11/15/2012 3:13:33 PM,JACKIE,N,10781
SHEIK140,THE SHEIK SANDWICHES-PHILIPS,2953 PHILIPS HIGHWAY,,JACKSONVILLE,FL,32207,904-396-7040,,CHARLIE,SALAMEH,,,,,,,,,,,,FLORIDASALES,100,RANDY FRONTZ,0,(UNASSIGNED),DV,Duval County,N,,,(UnAssigned),NET 10,1/17/2024,1000,,,0,0,0,0,0,0,0,Best Way,Destination,P,N,,0,Y,0,Y,P,5,0,Southside,Y,N,0,,,,,,,,,,,,Use Item Price,i,I,,0,+,,,,,,,,,,N,,0,,(UnAssigned),N,N,,(UnAssigned),,,E,A,N,Y,N,,,0,0,0,0,0,0,P,,N,E,,N,N,E,,E,,N,E,,,,11/15/2010 10:12:47 AM,JACKIE,9/11/2012 10:37:01 AM,JACKIE,N,10783
GENER100,GENERAL MERCHANDISE DIST. CENTER,P.O. BOX 40805,,JACKSONVILLE,FL,32203-0805,904-783-5211,,KRISTI,CLARK,KRISTICLARK@WINN-DIXIE.COM,TOM,BARR,TomBarr@winn-dixie.com,,,,,,,,FLORIDASALES,3,RANDY FRONTZ,0,(UNASSIGNED),DV,Duval County,N,,,(UnAssigned),NET 30,8/2/2013,10000,,,0,0,0,0,0,0,0,Best Way,Destination,P,N,,0,Y,0,N,N,7,0,Westside,N,Y,1,1,WINN-DIXIE STORES-GM WAREHOUSE,5050 EDGEWOOD COURT,,JACKSONVILLE,FL,32254,,,,,Use Item Price,i,I,,0,+,VENDOR #240078,,,,,,,,,Y,,0,,(UnAssigned),N,N,,(UnAssigned),,,E,I,Y,Y,N,,,0,0,0,0,0,0,M,DOROTHY,N,E,,N,N,E,,E,,N,E,,,,11/15/2010 12:09:10 PM,JACKIE,8/16/2013 4:53:29 PM,LILA,N,10784
MELWO100,MELWOOD SPRINGS,2000 BLUE RIDGE DR.,,BLUE RIDGE,GA,30513,706-492-4600,706-492-4602,CLAY,BELL,cbell@melwoodsprings.com,CLAY,BELL,cbell@melwoodsprings.com,,,,,,,,FLORIDASALES,3,RANDY FRONTZ,0,(UNASSIGNED),DV,Duval County,N,,,(UnAssigned),NET 30,12/22/2010,5000,,,0,0,0,0,0,0,0,Best Way,Destination,P,Y,,0,Y,0,Y,P,13,0,Miscellaneous,N,N,0,,,,,,,,,,,,Use Item Price,i,I,,0,+,,,,,,,,,,N,,0,,(UnAssigned),Y,N,,(UnAssigned),,,E,I,N,Y,N,,,0,0,0,0,0,0,P,,N,E,,N,N,E,,E,,N,E,,,,11/19/2010 1:59:43 PM,RANDY,2/24/2011 11:06:56 AM,JACKIE,N,10785
HAWKV100,HAWK VALVE,3615 EVERGREEN AVENUE,,JACKSONVILLE,FL,32206,904-356-4295,,JAKE,STANFORD,jakestanford09@gmail.com,JAKE,STANFORD,jakestanford09@gmail.com,,,,,,,,FLORIDASALES,77,ROBIN FRONTZ-new,0,(UNASSIGNED),DV,Duval County,N,,,(UnAssigned),CREDIT CARD,7/19/2022,0,,,0,0,0,0,0,0,0,Best Way,Destination,P,Y,26-8012091011-3  *13,0,Y,0,Y,P,1,0,Downtown,N,N,0,,,,,,,,,,,,Use Item Price,i,I,,0,+,,,,,,,,,,N,,0,,(UnAssigned),Y,N,,(UnAssigned),,,E,I,N,Y,N,,,0,0,0,0,0,0,M,ACCOUNTS,N,E,,Y,N,E,,E,,N,E,,,,1/3/2011 10:05:35 AM,RANDY,12/16/2020 10:24:45 AM,RANDY,N,10788
UNION110,UNION SCRAP METAL,614 N. McDUFF STREET,,JACKSONVILLE,FL,32254,904-387-4772,904-387-4773,RACHEAL,UNION SCRAP METAL,UNIONSCRAPMETAL@YAHOO.COM,,,,,,,,,,,FLORIDASALES,10,Randy Frontz,0,(UNASSIGNED),DV,Duval County,N,,,(UnAssigned),C.O.D,1/12/2011,1000,,,0,0,0,0,0,0,0,Best Way,Destination,P,Y,,0,Y,0,Y,P,7,0,Westside,Y,N,0,,,,,,,,,,,,Use Item Price,i,I,,0,+,,,,,,,,,,N,,0,,(UnAssigned),Y,N,,(UnAssigned),,,E,I,N,Y,N,,,0,0,0,0,0,0,M,RACHEAL,N,E,,Y,N,E,,E,,N,E,,,,1/4/2011 2:35:28 PM,RANDY,1/4/2011 3:01:06 PM,JACKIE,N,10789
DINSM100,DINSMORE BAPTIST CHURCH,10500 OLD KINGS ROAD,,JACKSONVILLE,FL,32219,904-764-3268,904-764-2322,LORETTA,GREGORY,info@dbcjax.com,,,,LORETTA,GREGORY,info@dbcjax.com,,,,,FLORIDASALES,77,ROBIN FRONTZ-new,0,(UNASSIGNED),DV,Duval County,N,,,(UnAssigned),NET 30,5/4/2021,1000,,,0,0,0,0,0,0,0,Best Way,Destination,P,N,85-8012647317C-8,0,Y,0,Y,P,7,0,Westside,N,Y,1,27,DINSMORE BAPTIST CHURCH,10500 OLD KINGS ROAD,,,,,,,,,Use Item Price,i,I,,0,+,,,,,,,,,,N,,0,,(UnAssigned),Y,N,,(UnAssigned),,,E,I,N,Y,N,,,0,0,0,0,0,0,M,LORETTA,N,E,,N,N,E,,E,,N,E,,,,1/5/2011 12:17:12 PM,JACKIE,6/13/2024 11:36:49 AM,NATE,N,10791
FREDD100,FREDDY FARAH,,,,,,,,,,,,,,,,,,,,,FLORIDASALES,10,Randy Frontz,0,(UNASSIGNED),DV,Duval County,N,,,(UnAssigned),NET 30,4/19/2012,0,,,0,0,0,0,0,0,0,Best Way,Destination,P,Y,,0,Y,0,Y,P,0,0,(UnAssigned),N,N,0,,,,,,,,,,,,Use Item Price,i,I,,0,+,,,,,,,,,,N,,0,,(UnAssigned),N,N,,(UnAssigned),,,E,I,N,Y,N,,,0,0,0,0,0,0,P,,N,E,,N,N,E,,E,,N,E,,,,1/11/2011 10:48:29 AM,RANDY,2/27/2012 1:59:13 PM,JACKIE,N,10792
JACKS110,JACKSONVILLE VETERANS MEMORIAL,COLISEUM,300 A PHILIP RANDOLPH BOULEVARD,JACKSONVILLE,FL,32202,904-630-3947,904-630-3913,WENDY,PRICE,,,,,,,,,,,,FLORIDASALES,10,Randy Frontz,0,(UNASSIGNED),DV,Duval County,N,,,(UnAssigned),CREDIT CARD,4/12/2011,500,,,0,0,0,0,0,0,0,Best Way,Destination,P,Y,,0,Y,0,Y,P,1,0,Downtown,N,N,0,,,,,,,,,,,,Use Item Price,i,I,,0,+,,,,,,,,,,N,,0,,(UnAssigned),N,N,,(UnAssigned),,,E,I,N,Y,N,,,0,0,0,0,0,0,P,,N,E,,N,N,E,,E,,N,E,,,,1/11/2011 11:36:51 AM,JACKIE,9/11/2009 4:42:37 PM,CMS,N,10793
ANAGO100,ANAGO CLEANING SYSTEMS,8833 PERIMETER PARK BLVD.,SUITE 1003,JACKSONVILLE,FL,32216,904-997-8822,904-997-9050,,,,,,,,,,,,,,FLORIDASALES,10,Randy Frontz,0,(UNASSIGNED),DV,Duval County,N,,,(UnAssigned),NET 30,9/16/2013,0,,,0,0,0,0,0,0,0,Best Way,Destination,P,Y,,0,Y,0,Y,P,0,0,(UnAssigned),N,N,0,,,,,,,,,,,,Use Item Price,i,I,,0,+,,,,,,,,,,N,,0,,(UnAssigned),Y,N,,(UnAssigned),,,E,I,N,Y,N,,,0,0,0,0,0,0,P,,N,E,,N,N,E,,E,,N,E,,,,1/26/2011 11:26:45 AM,RANDY,9/11/2009 4:42:37 PM,CMS,N,10795
WORLD100,WORLD SHIP SUPPLY,1485 EAST SAM HOUSTON PARKWAY SOUTH,SUITE 100,PASADENA,TX,77503,904-768-1015,,ROBERT,.,robert@worldship.com,,,,GIGI,.,GIGI@WORLDSHIP.COM,,,,,FLORIDASALES,77,ROBIN FRONTZ-new,0,(UNASSIGNED),DV,Duval County,N,,,(UnAssigned),NET 30,7/28/2011,1000,,,0,0,0,0,0,0,0,Best Way,Destination,P,Y,,0,Y,0,Y,P,2,0,Northside,N,Y,1,1,WORLD SHIP SUPPLY,5415 LONGLEAF STREET,,JACKSONVILLE,FL,32209,904-768-1015,,,,Use Item Price,i,I,,0,+,,,,,,,,,,N,,0,,(UnAssigned),Y,N,,(UnAssigned),,,E,I,N,Y,N,,,0,0,0,0,0,0,P,,N,E,,N,N,E,,E,,N,E,,,,1/27/2011 11:18:35 AM,JACKIE,1/27/2011 12:07:02 PM,JACKIE,N,10797
NATIV100,NATIVE SUN BAYMEADOWS,11030 BAYMEADOWS ROAD,,JACKSONVILLE,FL,32256,904-302-2092,,PETER,.,,,,,,,,,,,,FLORIDASALES,24,Artie Hardie - Existing,0,(UNASSIGNED),DV,Duval County,N,,,(UnAssigned),NET 15,2/25/2011,1000,,,0,0,0,0,0,0,0,Best Way,Destination,P,Y,,0,Y,0,Y,P,0,0,(UnAssigned),N,N,0,,,,,,,,,,,,Use Item Price,i,I,,0,+,,,,,,,,,,N,,0,,(UnAssigned),N,N,,(UnAssigned),,,E,I,N,Y,N,,,0,0,0,0,0,0,P,,N,E,,N,N,E,,E,,N,E,,,,2/24/2011 10:26:32 AM,JACKIE,6/3/2015 12:50:05 PM,RANDY,N,10800
STEWA110,STEWART MOVING AND STORAGE,11297 CENTRAL DRIVE,,ASHLAND,VA,23005,888-566-9737,888-865-4349,WES,STEWART,wes@stewartmovingandstorage.com,,,,DEBBIE,STEWART,dstewart@stewartms.com,,,,,FLORIDASALES,46,Michael Farah-direct,0,(UNASSIGNED),DV,Duval County,N,,,(UnAssigned),NET 15,2/24/2014,4000,,,0,0,0,0,0,0,0,DIRECT SHIP,Destination,P,Y,,0,Y,0,Y,P,15,0,Drop Ship,N,N,0,,,,,,,,,,,,Use Item Price,i,I,,0,+,,,,,,,,,,N,,0,,(UnAssigned),N,N,,(UnAssigned),,,E,I,N,Y,N,,,0,0,0,0,0,0,M,WES,Y,E,DEBBIE,N,N,E,,E,,N,E,,,,3/15/2011 10:00:29 AM,JACKIE,8/7/2014 11:28:04 AM,RANDY,N,10801
EDGEW100,EDGEWOOD SANDWICH SHOP,3562 EDGEWOOD AVENUE,,JACKSONVILLE,FL,32254,904-389-4646,,"HELEN, KIM",FARAH,,,,,,,,,,,,FLORIDASALES,24,Artie Hardie - Existing,0,(UNASSIGNED),DV,Duval County,N,,,(UnAssigned),NET 10,3/22/2011,1000,,,0,0,0,0,0,0,0,Best Way,Destination,P,N,,0,Y,0,Y,P,0,0,(UnAssigned),Y,N,0,,,,,,,,,,,,Use Item Price,i,I,,0,+,,,,,,,,,,N,,0,,(UnAssigned),N,N,,(UnAssigned),,,E,I,N,Y,N,,,0,0,0,0,0,0,P,,N,E,,N,N,E,,E,,N,E,,,,3/21/2011 11:29:50 AM,JACKIE,6/3/2015 12:50:29 PM,RANDY,N,10803
THEAT100,THEATRE JACKSONVILLE INC.,2032 SAN MARCO BLVD.,,JACKSONVILLE,FL,32207,904-396-4425,,,,,,,,,,,,,,,FLORIDASALES,25,ARTIE HARDIE,0,(UNASSIGNED),DV,Duval County,N,,,(UnAssigned),NET 30,,0,,,0,0,0,0,0,0,0,Best Way,Destination,P,Y,,0,Y,0,Y,P,0,0,(UnAssigned),N,N,0,,,,,,,,,,,,Use Item Price,i,I,,0,+,,,,,,,,,,N,,0,,(UnAssigned),Y,N,,(UnAssigned),,,E,I,N,Y,N,,,0,0,0,0,0,0,P,,N,E,,N,N,E,,E,,N,E,,,,5/2/2011 2:01:06 PM,RANDY,9/11/2009 4:42:37 PM,CMS,N,10805
SANJO100,SAN JOSE CATHOLIC GRADE SCHOOL,3619 TOLEDO ROAD,,JACKSONVILLE,FL,32217,904-733-2313,,,,,,,,,,,,,,,FLORIDASALES,25,ARTIE HARDIE,0,(UNASSIGNED),DV,Duval County,N,,,(UnAssigned),NET 30,,0,,,0,0,0,0,0,0,0,Best Way,Destination,P,Y,,0,Y,0,Y,P,0,0,(UnAssigned),N,N,0,,,,,,,,,,,,Use Item Price,i,I,,0,+,,,,,,,,,,N,,0,,(UnAssigned),Y,N,,(UnAssigned),,,E,I,N,Y,N,,,0,0,0,0,0,0,P,,N,E,,N,N,E,,E,,N,E,,,,5/2/2011 2:14:27 PM,RANDY,9/11/2009 4:42:37 PM,CMS,N,10806
SOUTH120,SOUTHGATE DELI,4504 BEACH BLVD.,,JACKSONVILLE,FL,32207,904-399-0111,,,,,,,,,,,,,,,FLORIDASALES,25,ARTIE HARDIE,0,(UNASSIGNED),DV,Duval County,N,,,(UnAssigned),NET 30,7/20/2011,0,,,0,0,0,0,0,0,0,Best Way,Destination,P,Y,,0,Y,0,Y,P,0,0,(UnAssigned),Y,N,0,,,,,,,,,,,,Use Item Price,i,I,,0,+,,,,,,,,,,N,,0,,(UnAssigned),Y,N,,(UnAssigned),,,E,I,N,Y,N,,,0,0,0,0,0,0,P,,N,E,,N,N,E,,E,,N,E,,,,5/2/2011 2:58:59 PM,RANDY,5/31/2011 3:15:11 PM,JACKIE,N,10807
SHAWE100,SHAW ENVIROMENTAL,9143 PHILLIPS HIGHWAY,,JACKSONVILLE,FL,32256,904-636-9360,,,,,,,,,,,,,,,FLORIDASALES,25,ARTIE HARDIE,0,(UNASSIGNED),DV,Duval County,N,,,(UnAssigned),NET 30,,0,,,0,0,0,0,0,0,0,Best Way,Destination,P,Y,,0,Y,0,Y,P,0,0,(UnAssigned),N,N,0,,,,,,,,,,,,Use Item Price,i,I,,0,+,,,,,,,,,,N,,0,,(UnAssigned),Y,N,,(UnAssigned),,,E,I,N,Y,N,,,0,0,0,0,0,0,P,,N,E,,N,N,E,,E,,N,E,,,,5/2/2011 3:13:24 PM,RANDY,9/11/2009 4:42:37 PM,CMS,N,10808
SMGAL100,SMG - ALLTEL STADIUM,300 A. PHILIP RANDOLPH BLVD.,,JACKSONVILLE,FL,32202,904-633-5304,,,,,,,,,,,,,,,FLORIDASALES,25,ARTIE HARDIE,0,(UNASSIGNED),DV,Duval County,N,,,(UnAssigned),NET 30,,0,,,0,0,0,0,0,0,0,Best Way,Destination,P,Y,,0,Y,0,Y,P,0,0,(UnAssigned),N,N,0,,,,,,,,,,,,Use Item Price,i,I,,0,+,,,,,,,,,,N,,0,,(UnAssigned),Y,N,,(UnAssigned),,,E,I,N,Y,N,,,0,0,0,0,0,0,P,,N,E,,N,N,E,,E,,N,E,,,,5/2/2011 3:15:12 PM,RANDY,9/11/2009 4:42:37 PM,CMS,N,10809
SKYHA100,SKY HARBOR AVIATION,855 ST. JOHNS BLUFF,,JACKSONVILLE,FL,32225,904-641-8555,,,,,,,,,,,,,,,FLORIDASALES,25,ARTIE HARDIE,0,(UNASSIGNED),DV,Duval County,N,,,(UnAssigned),NET 30,,0,,,0,0,0,0,0,0,0,Best Way,Destination,P,Y,,0,Y,0,Y,P,0,0,(UnAssigned),N,N,0,,,,,,,,,,,,Use Item Price,i,I,,0,+,,,,,,,,,,N,,0,,(UnAssigned),Y,N,,(UnAssigned),,,E,I,N,Y,N,,,0,0,0,0,0,0,P,,N,E,,N,N,E,,E,,N,E,,,,5/2/2011 3:16:45 PM,RANDY,9/11/2009 4:42:37 PM,CMS,N,10810
SALLY100,SALLY CORPORATION ROBOTS,745 FORSYTH ST.,,JACKSONVILLE,FL,32204,904-355-7100,,LEE,DODD,ldodd@sallycorp.com,,,,LEE,DODD,ldodd@sallycorp.com,,,,,FLORIDASALES,25,ARTIE HARDIE,0,(UNASSIGNED),DV,Duval County,N,,,(UnAssigned),NET 30,11/8/2016,0,,,0,0,0,0,0,0,0,Best Way,Destination,P,N,26-8012043083-9  *16,0,Y,0,Y,P,0,0,(UnAssigned),N,N,0,,,,,,,,,,,,Use Item Price,i,I,,0,+,,,,,,,,,,N,,0,,(UnAssigned),Y,N,,(UnAssigned),,,E,I,N,Y,N,,,0,0,0,0,0,0,M,LEE,N,E,,N,N,E,,E,,N,E,,,,5/2/2011 3:17:53 PM,RANDY,2/3/2016 9:28:31 AM,STEVE,N,10811
OURLA100,OUR LADY STAR OF THE SEA CHURCH,545 HIGHWAY A1A NORTH,,PONTE VEDRA BEACH,FL,32082,904-285-2698,,PATTI,PEAKS,bookkeeper@olsspvb.org,,,,PATTI,PEAKS,bookkeeper@olsspvb.org,,,,,FLORIDASALES,25,ARTIE HARDIE,0,(UNASSIGNED),DV,Duval County,N,,,(UnAssigned),NET 30,6/1/2021,500,,,0,0,0,0,0,0,0,Best Way,Destination,P,N,85-8012618528C-0,0,Y,0,Y,P,0,0,(UnAssigned),N,N,0,,,,,,,,,,,,Use Item Price,i,I,,0,+,DRIVER TO CALL  BEFORE,30 minutes,285-2698 EXT 220,,,HOURS ARE FROM 9:00-4:30 M-F,call 30 MIN before you deliver,904-285-2698 ext 220,,N,,0,,(UnAssigned),Y,N,,(UnAssigned),,,E,I,N,Y,N,,,0,0,0,0,0,0,M,PATTI,N,E,,N,N,E,,E,,N,E,,,,5/2/2011 3:23:55 PM,RANDY,5/25/2017 11:08:39 AM,PETE,N,10812
GOLDC100,GOLD CLUB,320 GENERAL DOOLITTLE DRIVE,,JACKSONVILLE,FL,32225,904-619-6899,,,,,,,,MARGIE,NEAL,,,,,,FLORIDASALES,10,Randy Frontz,0,(UNASSIGNED),DV,Duval County,N,,,(UnAssigned),NET 30,,0,,,0,0,0,0,0,0,0,Best Way,Destination,P,Y,,0,Y,0,Y,P,0,0,(UnAssigned),N,N,0,,,,,,,,,,,,Use Item Price,i,I,,0,+,,,,,,,,,,N,,0,,(UnAssigned),Y,N,,(UnAssigned),,,E,I,N,Y,N,,,0,0,0,0,0,0,P,,N,E,,N,N,E,,E,,N,E,,,,5/2/2011 3:28:14 PM,RANDY,5/2/2011 3:28:43 PM,RANDY,N,10814
GLENN100,GLENN CERTAIN STUDIO,2663 PARK STREET,,JACKSONVILLE,FL,32204,904-388-2001,,,,,,,,,,,,,,,FLORIDASALES,25,ARTIE HARDIE,0,(UNASSIGNED),DV,Duval County,N,,,(UnAssigned),NET 30,,0,,,0,0,0,0,0,0,0,Best Way,Destination,P,Y,,0,Y,0,Y,P,0,0,(UnAssigned),N,N,0,,,,,,,,,,,,Use Item Price,i,I,,0,+,,,,,,,,,,N,,0,,(UnAssigned),Y,N,,(UnAssigned),,,E,I,N,Y,N,,,0,0,0,0,0,0,P,,N,E,,N,N,E,,E,,N,E,,,,5/2/2011 3:30:05 PM,RANDY,9/11/2009 4:42:37 PM,CMS,N,10815
GLENN110,GLENN KERNAN GOLF & COUNTRY CLUB,P.O. BOX 19282,,JACKSONVILLE,FL,32245,904-646-1116,,,,,,,,,,,,,,,FLORIDASALES,25,ARTIE HARDIE,0,(UNASSIGNED),DV,Duval County,N,,,(UnAssigned),NET 30,,0,,,0,0,0,0,0,0,0,Best Way,Destination,P,Y,,0,Y,0,Y,P,0,0,(UnAssigned),N,N,0,,,,,,,,,,,,Use Item Price,i,I,,0,+,,,,,,,,,,N,,0,,(UnAssigned),Y,N,,(UnAssigned),,,E,I,N,Y,N,,,0,0,0,0,0,0,P,,N,E,,N,N,E,,E,,N,E,,,,5/2/2011 3:31:28 PM,RANDY,9/11/2009 4:42:37 PM,CMS,N,10816
MEZZA100,MEZZALUNA,110 NORTH 1ST STREET,,NEPTUNE BEACH,FL,32266,904-246-5100,,NIALL,.,,,,,,,,,,,,FLORIDASALES,25,ARTIE HARDIE,0,(UNASSIGNED),DV,Duval County,N,,,(UnAssigned),NET 30,7/28/2011,0,,,0,0,0,0,0,0,0,Best Way,Destination,P,Y,,0,Y,0,Y,P,0,0,(UnAssigned),Y,N,0,,,,,,,,,,,,Use Item Price,i,I,,0,+,,,,,,,,,,N,,0,,(UnAssigned),Y,N,,(UnAssigned),,,E,I,N,Y,N,,,0,0,0,0,0,0,P,,N,E,,N,N,E,,E,,N,E,,,,5/2/2011 3:34:31 PM,RANDY,7/11/2011 3:12:05 PM,JACKIE,N,10817
NATIV110,NATIVE SUN NATURAL FOODS,10000 SAN JOSE BLVD.,,JACKSONVILLE,FL,32257,904-260-6950,,,,,,,,,,,,,,,FLORIDASALES,25,ARTIE HARDIE,0,(UNASSIGNED),DV,Duval County,N,,,(UnAssigned),NET 30,,0,,,0,0,0,0,0,0,0,Best Way,Destination,P,Y,,0,Y,0,Y,P,0,0,(UnAssigned),N,N,0,,,,,,,,,,,,Use Item Price,i,I,,0,+,,,,,,,,,,N,,0,,(UnAssigned),Y,N,,(UnAssigned),,,E,I,N,Y,N,,,0,0,0,0,0,0,P,,N,E,,N,N,E,,E,,N,E,,,,5/2/2011 3:36:54 PM,RANDY,9/11/2009 4:42:37 PM,CMS,N,10818
JACKS120,JACKSONVILLE AREA LEGAL AID INC.,126 W. ADAMS STREET,,JACKSONVILLE,FL,32202,904-356-8371,,,,,,,,,,,,,,,FLORIDASALES,25,ARTIE HARDIE,0,(UNASSIGNED),DV,Duval County,N,,,(UnAssigned),NET 30,,0,,,0,0,0,0,0,0,0,Best Way,Destination,P,Y,,0,Y,0,Y,P,0,0,(UnAssigned),N,N,0,,,,,,,,,,,,Use Item Price,i,I,,0,+,,,,,,,,,,N,,0,,(UnAssigned),Y,N,,(UnAssigned),,,E,I,N,Y,N,,,0,0,0,0,0,0,P,,N,E,,N,N,E,,E,,N,E,,,,5/2/2011 3:38:50 PM,RANDY,9/11/2009 4:42:37 PM,CMS,N,10819
JACKS130,JACKSONVILLE COUNTRY DAY SCHOOL,P.O. BOX 16309,,JACKSONVILLE,FL,32245,904-641-6644,,,,,,,,,,,,,,,FLORIDASALES,25,ARTIE HARDIE,0,(UNASSIGNED),DV,Duval County,N,,,(UnAssigned),NET 30,,0,,,0,0,0,0,0,0,0,Best Way,Destination,P,Y,,0,Y,0,Y,P,0,0,(UnAssigned),N,N,0,,,,,,,,,,,,Use Item Price,i,I,,0,+,,,,,,,,,,N,,0,,(UnAssigned),Y,N,,(UnAssigned),,,E,I,N,Y,N,,,0,0,0,0,0,0,P,,N,E,,N,N,E,,E,,N,E,,,,5/2/2011 3:40:04 PM,RANDY,9/11/2009 4:42:37 PM,CMS,N,10820
JAVAJ100,JAVA JUNCTION CAFE DL LLC,9745 TOUCHTON ROAD UNIT #1204,,JACKSONVILLE,FL,32246,904-236-3399,,,,,,,,,,,,,,,FLORIDASALES,25,ARTIE HARDIE,0,(UNASSIGNED),DV,Duval County,N,,,(UnAssigned),NET 30,,0,,,0,0,0,0,0,0,0,Best Way,Destination,P,Y,,0,Y,0,Y,P,0,0,(UnAssigned),N,N,0,,,,,,,,,,,,Use Item Price,i,I,,0,+,,,,,,,,,,N,,0,,(UnAssigned),Y,N,,(UnAssigned),,,E,I,N,Y,N,,,0,0,0,0,0,0,P,,N,E,,N,N,E,,E,,N,E,,,,5/2/2011 3:42:16 PM,RANDY,9/11/2009 4:42:37 PM,CMS,N,10821
HUCKI100,HUCKINS YACHT CORPORATION,3482 LAKESHORE BLVD.,,JACKSONVILLE,FL,32210,904-389-1125,904-388-2281,GARY,(KITCHEN),,,,,PATTY,THOMPSON,PTHOMPSON@HUCKINSYACHT.COM,,,,,FLORIDASALES,25,ARTIE HARDIE,0,(UNASSIGNED),DV,Duval County,N,,,(UnAssigned),NET 30,3/19/2026,0,,,434.28,-23.71,0,0,0,0,457.99,Best Way,Destination,P,Y,26-8012437056-4 *16,0,Y,0,Y,P,7,0,Westside,Y,N,0,,,,,,,,,,,,Use Item Price,i,I,,0,+,cust wants paper invs,,,,,,,,,Y,,0,,(UnAssigned),Y,N,,(UnAssigned),,,D,A,N,Y,N,,,0,0,0,0,0,0,P,PATTY,N,E,,N,N,E,,E,,N,E,,,,5/2/2011 3:43:52 PM,RANDY,6/20/2023 10:08:16 AM,NATE,N,10822
HALLS100,HALL'S NURSERY,5645 BLANDING BLVD.,,JACKSONVILLE,FL,32244,904-771-6330,,,,,,,,,,,,,,,FLORIDASALES,25,ARTIE HARDIE,0,(UNASSIGNED),DV,Duval County,N,,,(UnAssigned),NET 30,4/15/2026,0,,,207.02,207.02,0,0,0,0,0,Best Way,Destination,P,N,26-8011959879-7  *16,0,Y,0,Y,P,0,0,(UnAssigned),N,N,0,,,,,,,,,,,,Use Item Price,i,I,,0,+,Cust wants paper invs,,,,,,,,,N,,0,,(UnAssigned),Y,N,,(UnAssigned),,,D,A,N,Y,N,,,0,0,0,0,0,0,P,JIM,N,E,,N,N,E,,E,,N,E,,,,5/2/2011 3:48:24 PM,RANDY,5/7/2025 11:33:00 AM,NATE,N,10824
FLASH110,FLASH DANCERS GENTLEMENS  CLUB,10957 ATLANTIC BLVD.,,JACKSONVILLE,FL,32225,904-619-6899,,,,,,,,,,,,,,,FLORIDASALES,25,ARTIE HARDIE,0,(UNASSIGNED),DV,Duval County,N,,,(UnAssigned),NET 30,,0,,,0,0,0,0,0,0,0,Best Way,Destination,P,Y,,0,Y,0,Y,P,0,0,(UnAssigned),N,N,0,,,,,,,,,,,,Use Item Price,i,I,,0,+,,,,,,,,,,N,,0,,(UnAssigned),Y,N,,(UnAssigned),,,E,I,N,Y,N,,,0,0,0,0,0,0,P,,N,E,,N,N,E,,E,,N,E,,,,5/2/2011 4:08:04 PM,RANDY,9/11/2009 4:42:37 PM,CMS,N,10827
FIREF100,FIRE FIGHTERS EQUIPMENT,P.O. BOX 60189,,JACKSONVILLE,FL,32236,904-356-9333,,,,,,,,,,,,,,,FLORIDASALES,25,ARTIE HARDIE,0,(UNASSIGNED),DV,Duval County,N,,,(UnAssigned),NET 30,,0,,,0,0,0,0,0,0,0,Best Way,Destination,P,Y,,0,Y,0,Y,P,0,0,(UnAssigned),N,N,0,,,,,,,,,,,,Use Item Price,i,I,,0,+,,,,,,,,,,N,,0,,(UnAssigned),Y,N,,(UnAssigned),,,E,I,N,Y,N,,,0,0,0,0,0,0,P,,N,E,,N,N,E,,E,,N,E,,,,5/2/2011 4:09:48 PM,RANDY,9/11/2009 4:42:37 PM,CMS,N,10828
EDGEW110,EDGEWOOD BAKERY INC.,1012 SOUTH EDGEWOOD AVE.,,JACKSONVILLE,FL,32205,904-389-8054,,,,,,,,,,,,,,,FLORIDASALES,51,RANDY FRONTZ,0,(UNASSIGNED),DV,Duval County,N,,,(UnAssigned),NET 30,,0,,,0,0,0,0,0,0,0,Best Way,Destination,P,Y,,0,Y,0,Y,P,0,0,(UnAssigned),N,N,0,,,,,,,,,,,,Use Item Price,i,I,,0,+,,,,,,,,,,N,,0,,(UnAssigned),Y,N,,(UnAssigned),,,E,I,N,Y,N,,,0,0,0,0,0,0,P,,N,E,,N,N,E,,E,,N,E,,,,5/2/2011 4:14:07 PM,RANDY,10/13/2014 4:44:28 PM,RANDY,N,10830
CHARL100,CHARLES & GEORGE CARWASH O/P,1405 PARK AVE,,ORANGE PARK,FL,32073,904-269-8164,,,,,,,,,,,,,,,FLORIDASALES,25,ARTIE HARDIE,0,(UNASSIGNED),DV,Duval County,N,,,(UnAssigned),NET 30,1/7/2026,0,,,0,0,0,0,0,0,0,Best Way,Destination,P,Y,,0,Y,0,Y,P,0,0,(UnAssigned),N,N,0,,,,,,,,,,,,Use Item Price,i,I,,0,+,,,,,,,,,,N,,0,,(UnAssigned),Y,N,,(UnAssigned),,,D,I,N,Y,N,,,0,0,0,0,0,0,P,ACCOUNTS,N,E,,N,N,E,,E,,N,E,,,,5/2/2011 4:15:46 PM,RANDY,12/18/2025 1:44:14 PM,NATE,N,10831
CHARL110,CHARLES & GEORGE CARWASH ROOSEVELT,4495-701 ROOSEVELT BLVD.,,JACKSONVILLE,FL,32210,904-384-3331,,,,,,,,,,,,,,,FLORIDASALES,25,ARTIE HARDIE,0,(UNASSIGNED),DV,Duval County,N,,,(UnAssigned),NET 30,3/26/2019,0,,,0,0,0,0,0,0,0,Best Way,Destination,P,Y,,0,Y,0,Y,P,0,0,(UnAssigned),N,N,0,,,,,,,,,,,,Use Item Price,i,I,,0,+,,,,,,,,,,N,,0,,(UnAssigned),Y,N,,(UnAssigned),,,E,I,N,Y,N,,,0,0,0,0,0,0,M,BECKY,N,E,,Y,N,E,,E,,N,E,,,,5/2/2011 4:17:24 PM,RANDY,6/29/2018 10:18:13 AM,PETE,N,10832
CHARL120,CHARLES & GEORGE CARWASH CASSAT,1354 CASSAT AVE,,JACKSONVILLE,FL,32210,904-387-1846,,,,,,,,,,,,,,,FLORIDASALES,25,ARTIE HARDIE,0,(UNASSIGNED),DV,Duval County,N,,,(UnAssigned),NET 30,4/10/2026,0,,,434.33,434.33,0,0,0,0,0,Best Way,Destination,P,Y,,0,Y,0,Y,P,0,0,(UnAssigned),N,Y,3,2,CHARLES & GEORGE CARWASH CASSAT,1405 PARK AVE.,,ORANGE PARK,FL,32073,,,,,30% Profit Margin,p30,P,,30,+,,,,,,,,,,N,,0,,(UnAssigned),Y,N,,(UnAssigned),,,D,A,N,Y,N,,,0,0,0,0,0,0,P,BECKY,N,E,,N,N,E,,E,,N,E,,,,5/2/2011 4:19:00 PM,RANDY,11/29/2022 2:11:20 PM,NATE,N,10833
BEACH100,"BEACHES LEADER, THE",1114 BEACH BLVD.,,JACKSONVILLE,FL,32250,904-249-9033,,,,,,,,,,,,,,,FLORIDASALES,25,ARTIE HARDIE,0,(UNASSIGNED),DV,Duval County,N,,,(UnAssigned),NET 30,11/13/2015,0,,,0,0,0,0,0,0,0,Best Way,Destination,P,Y,,0,Y,0,Y,P,0,0,(UnAssigned),N,N,0,,,,,,,,,,,,Use Item Price,i,I,,0,+,,,,,,,,,,N,,0,,(UnAssigned),N,N,,(UnAssigned),,,E,I,N,Y,N,,,0,0,0,0,0,0,M,KAREN,N,E,,N,N,E,,E,,N,E,,,,5/2/2011 4:20:16 PM,RANDY,12/1/2015 9:01:52 AM,STEVE,N,10834
BAESY100,B.A.E. SYSTEMS,750 WEST BERKLEY AVE.,,NORFOLK,VA,23523,757-494-4644,,,,,,,,,,,,,,,FLORIDASALES,25,ARTIE HARDIE,0,(UNASSIGNED),DV,Duval County,N,,,(UnAssigned),NET 30,,0,,,0,0,0,0,0,0,0,Best Way,Destination,P,Y,,0,Y,0,Y,P,0,0,(UnAssigned),N,N,0,,,,,,,,,,,,Use Item Price,i,I,,0,+,,,,,,,,,,N,,0,,(UnAssigned),Y,N,,(UnAssigned),,,E,I,N,Y,N,,,0,0,0,0,0,0,P,,N,E,,N,N,E,,E,,N,E,,,,5/2/2011 4:25:40 PM,RANDY,9/11/2009 4:42:37 PM,CMS,N,10835
BAKER100,BAKER & GILMORE  11S,3550 UNIVERSITY BLVD. S SUITE 302,,JACKSONVILLE,FL,32216,904-733-4444,,,,,,,,,,,,,,,FLORIDASALES,25,ARTIE HARDIE,0,(UNASSIGNED),DV,Duval County,N,,,(UnAssigned),NET 30,,0,,,0,0,0,0,0,0,0,Best Way,Destination,P,Y,,0,Y,0,Y,P,0,0,(UnAssigned),N,N,0,,,,,,,,,,,,Use Item Price,i,I,,0,+,,,,,,,,,,N,,0,,(UnAssigned),Y,N,,(UnAssigned),,,E,I,N,Y,N,,,0,0,0,0,0,0,P,,N,E,,N,N,E,,E,,N,E,,,,5/2/2011 4:27:08 PM,RANDY,9/11/2009 4:42:37 PM,CMS,N,10836
SELVA100,SELVA MARINA C C INC.,1600 SELVA MARINA DRIVE,,ATLANTIC BEACH,FL,32233,904-246-4827,,,,,,,,,,,,,,,FLORIDASALES,25,ARTIE HARDIE,0,(UNASSIGNED),DV,Duval County,N,,,(UnAssigned),NET 30,,0,,,0,0,0,0,0,0,0,Best Way,Destination,P,Y,,0,Y,0,Y,P,0,0,(UnAssigned),N,N,0,,,,,,,,,,,,Use Item Price,i,I,,0,+,,,,,,,,,,N,,0,,(UnAssigned),Y,N,,(UnAssigned),,,E,I,N,Y,N,,,0,0,0,0,0,0,P,,N,E,,N,N,E,,E,,N,E,,,,5/2/2011 4:29:58 PM,RANDY,9/11/2009 4:42:37 PM,CMS,N,10837
GATEP100,GATE PETROLEUM COMPANY,P.O. BOX 23627,,JACKSONVILLE,FL,32241,904-448-3017,,,,,,,,,,,,,,,FLORIDASALES,24,Artie Hardie - Existing,0,(UNASSIGNED),DV,Duval County,N,,,(UnAssigned),NET 30,,0,,,0,0,0,0,0,0,0,Best Way,Destination,P,Y,,0,Y,0,Y,P,0,0,(UnAssigned),N,N,0,,,,,,,,,,,,Use Item Price,i,I,,0,+,,,,,,,,,,N,,0,,(UnAssigned),Y,N,,(UnAssigned),,,E,I,N,Y,N,,,0,0,0,0,0,0,P,,N,E,,N,N,E,,E,,N,E,,,,5/2/2011 4:31:38 PM,RANDY,12/5/2013 6:46:38 AM,RANDY,N,10838
M&MIM100,M&M IMPORTED FOODS,9732 OLD ST AUGUSTINE ROAD,,JACKSONVILLE,FL,32257-6040,904-268-7008,,GAYLE,.,,,,,,,,,,,,FLORIDASALES,64,Pat DeRita,0,(UNASSIGNED),DV,Duval County,N,,,(UnAssigned),C.O.D,2/27/2018,1000,,,0,0,0,0,0,0,0,Best Way,Destination,P,N,26-8012007370-0,0,Y,0,Y,P,5,0,Southside,Y,N,0,,,,,,,,,,,,Use Item Price,i,I,,0,+,,,,,,,,,,N,,*MAIN,,(UnAssigned),N,N,,(UnAssigned),,,E,I,N,Y,N,,,0,0,0,0,0,0,P,,N,E,,Y,N,E,,E,,N,E,,,,5/31/2011 10:44:22 AM,JACKIE,6/16/2011 10:47:19 AM,JACKIE,N,10839
SEARS100,SEARS HOLDINGS,1 IMESON PARK BLVD.,,JACKSONVILLE,FL,32218,904-751-8973,,,,,,,,,,,,,,,FLORIDASALES,10,Randy Frontz,0,(UNASSIGNED),DV,Duval County,N,,,(UnAssigned),NET 30,,0,,,0,0,0,0,0,0,0,Best Way,Destination,P,Y,,0,Y,0,Y,P,0,0,(UnAssigned),N,N,0,,,,,,,,,,,,Use Item Price,i,I,,0,+,,,,,,,,,,N,,0,,(UnAssigned),Y,N,,(UnAssigned),,,E,I,N,Y,N,,,0,0,0,0,0,0,P,,N,E,,N,N,E,,E,,N,E,,,,6/22/2011 3:16:45 PM,RANDY,9/11/2009 4:42:37 PM,CMS,N,10840
PITAB100,PITA BAKERY,5931 MERRILL ROAD,,JACKSONVILLE,FL,32211,904-744-0770,,MILAD,.,,,,,,,,,,,,FLORIDASALES,64,Pat DeRita,0,(UNASSIGNED),DV,Duval County,N,,,(UnAssigned),C.O.D. BY REQUEST,8/23/2018,1000,,,0,0,0,0,0,0,0,Best Way,Destination,P,N,26-8015434526-2,0,Y,0,Y,P,12,0,Arlington,Y,N,0,,,,,,,,,,,,Use Item Price,i,I,,0,+,,,,,,DELIVER BEFORE 11:00 AM ONLY,,,Y,N,,0,,(UnAssigned),N,N,,(UnAssigned),,,E,I,N,Y,N,,,0,0,0,0,0,0,P,,N,E,,Y,N,E,,E,,N,E,,,,7/6/2011 10:45:53 AM,JACKIE,3/19/2018 10:31:54 AM,PETE,N,10842
DISPA100,DISPATCH DEPOT,1960 US HWY 1 SOUTH,,ST AUGUSTINE,FL,32086,904-829-5310,904-824-1018,MIKE,MILLARD,dispatchdepot@bellsouth.net,,,,,,,,,,,FLORIDASALES,92,Randy Frontz,0,(UNASSIGNED),DV,Duval County,N,,,(UnAssigned),C.O.D. BY REQUEST,1/25/2012,500,,,0,0,0,0,0,0,0,Best Way,Destination,P,Y,,0,Y,0,Y,P,8,0,St Augustine,Y,N,0,,,,,,,,,,,,Use Item Price,i,I,,0,+,,,,,,,,,,N,,0,,(UnAssigned),Y,N,,(UnAssigned),,,E,I,N,Y,N,,,0,0,0,0,0,0,P,,N,E,,Y,N,E,,E,,N,E,,,,7/11/2011 8:39:06 AM,JACKIE,1/10/2012 9:39:20 AM,JACKIE,N,10843
TANKS100,TANK SWAP TAXI,7859 WEST BEAVER STREET,,JACKSONVILLE,FL,32221,904-642-8265,866-417-4272,TODD,KNOWLES,,,,,,,,,,,,FLORIDASALES,21,DAVID T. HALL-new,0,(UNASSIGNED),DV,Duval County,N,,,(UnAssigned),C.O.D,6/24/2013,500,,,0,0,0,0,0,0,0,Best Way,Destination,P,Y,,0,Y,0,Y,P,7,0,Westside,Y,N,0,,,,,,,,,,,,Use Item Price,i,I,,0,+,,,,,,,,,,N,,0,,(UnAssigned),Y,N,,(UnAssigned),,,E,I,N,Y,N,,,0,0,0,0,0,0,P,,N,E,,Y,N,E,,E,,N,E,,,,7/11/2011 11:33:29 AM,JACKIE,9/11/2009 4:42:37 PM,CMS,N,10844
FLORI120,FLORIDA TRANSFER AND STORAGE,2940 WEST 45TH STREET,,JACKSONVILLE,FL,32209,904-768-9074,904-768-9746,JANINE,.,JANINE@FLATRANSFER.COM,,,,,,,,,,,FLORIDASALES,77,ROBIN FRONTZ-new,0,(UNASSIGNED),DV,Duval County,N,,,(UnAssigned),C.O.D,11/11/2020,0,,,0,0,0,0,0,0,0,Best Way,Destination,P,Y,,0,Y,0,Y,P,7,0,Westside,Y,N,0,,,,,,,,,,,,Use Item Price,i,I,,0,+,,,,,,,,,Y,N,,0,,(UnAssigned),N,N,,(UnAssigned),,,E,I,N,Y,N,,,0,0,0,0,0,0,P,,N,E,,Y,Y,E,JANINE,E,,N,E,,,,7/18/2011 10:53:55 AM,JACKIE,3/24/2021 2:13:43 PM,NATE,N,10845
NEDSS100,NED'S SOUTHSIDE KITCHEN,2450 US HWY 1 SOUTH,,ST. AUGUSTINE,FL,32086,904-794-2088,,NED,POLLACK,,,,,,,,,,,,FLORIDASALES,92,Randy Frontz,0,(UNASSIGNED),SJ,St. Johns County,N,,,(UnAssigned),NET 10,2/27/2014,2000,,,0,0,0,0,0,0,0,Best Way,Destination,P,N,,0,Y,0,Y,P,8,0,St Augustine,Y,N,0,,,,,,,,,,,,Use Item Price,i,I,,0,+,,,,,,CUSTOMER NEEDS DELIVERY BEFORE,11:00 AM NEXT DAY,,,N,CHUCK,0,,(UnAssigned),N,N,,(UnAssigned),,,E,I,N,Y,N,,,0,0,0,0,0,0,P,,N,E,,Y,N,E,,E,,N,E,,,,7/25/2011 3:45:31 PM,SUE,8/30/2011 8:51:36 AM,JACKIE,N,10850
TRAIL100,TRAILER BRIDGE,10405 NEW BERLIN ROAD,,JACKSONVILLE,FL,32226,904-751-7100,,JOSE (JJ),MENDEZ,JMENDEZ@TRAILERBRIDGE.COM,JOSE (JJ),MENDEZ,JMENDEZ@TRAILERBRIDGE.COM,JOSE (JJ),MENDEZ,JMENDEZ@TRAILERBRIDGE.COM,,,,,FLORIDASALES,10,Randy Frontz,0,(UNASSIGNED),DV,Duval County,N,,,(UnAssigned),NET 30,,1000,,,0,0,0,0,0,0,0,Best Way,Destination,P,Y,,0,Y,0,Y,P,0,0,(UnAssigned),N,N,0,,,,,,,,,,,,Use Item Price,i,I,,0,+,,,,,,,,,,N,,0,,(UnAssigned),Y,N,,(UnAssigned),,,E,I,N,Y,N,,,0,0,0,0,0,0,P,,N,E,,N,N,E,,E,,N,E,,,,7/26/2011 8:11:48 AM,SUE,7/26/2011 8:23:08 AM,JACKIE,N,10851
MORAN100,MORAN TOWING OF JACKSONVILLE,9051 DAMES POINT ROAD,,JACKSONVILLE,FL,32226,904-757-6900,,GREG,ZELIGMAN,GREGZ@MORANTUG.COM,GREG,ZELIGMAN,GREGZ@MORANTUG.COM,GREG,ZELIGMAN,GREGZ@MORANTUG.COM,,,,,FLORIDASALES,10,Randy Frontz,0,(UNASSIGNED),DV,Duval County,N,,,(UnAssigned),NET 30,,1000,,,0,0,0,0,0,0,0,Best Way,Destination,P,Y,,0,Y,0,Y,P,0,0,(UnAssigned),N,N,0,,,,,,,,,,,,Use Item Price,i,I,,0,+,,,,,,,,,,N,,0,,(UnAssigned),Y,N,,(UnAssigned),,,E,I,N,Y,N,,,0,0,0,0,0,0,P,,N,E,,N,N,E,,E,,N,E,,,,7/26/2011 8:37:06 AM,SUE,7/26/2011 8:38:14 AM,SUE,N,10852
ORTHA100,ORTHOPAEDIC ASSOCIATES OF,ST AUGUSTINE,ONE ORTHOPAEDIC PLACE,ST AUGUSTINE,FL,32086,904-825-0540,904-209-1055,ANGELA,BAGLEY,abagley@oastaug.com,,,,,,,,,,,FLORIDASALES,92,Randy Frontz,0,(UNASSIGNED),SJ,St. Johns County,N,,,(UnAssigned),NET 30,6/21/2012,2000,,,0,0,0,0,0,0,0,Best Way,Destination,P,Y,,0,Y,0,Y,P,8,0,St Augustine,N,Y,2,2,ORTHAPAEDIC ASSOCIATES OF,3055 CR 210W,UNIT #110,ST JOHNS,FL,32259,,,,,Use Item Price,i,I,,0,+,,,,,,PLEASE DELIVER TO THE BACK,DOOR..PLEASE KNOCK ON THE DOOR,AND THEY WILL OPEN IT.,,N,ANGELA,0,,(UnAssigned),Y,N,,(UnAssigned),,,E,I,N,Y,N,,,0,0,0,0,0,0,M,ANGELA,N,E,,N,N,E,,E,,N,E,,,,7/26/2011 10:44:06 AM,JACKIE,11/12/2014 12:33:15 PM,STEVE,N,10853
BIGGU100,BIG GUY MOVING,9754 BUNCOME ROAD,,JACKSONVILLE,FL,32246,904-859-3137,,JENNIFER,.,,,,,,,,,,,,FLORIDASALES,77,ROBIN FRONTZ-new,0,(UNASSIGNED),DV,Duval County,N,,,(UnAssigned),C.O.D,4/16/2014,500,,,0,0,0,0,0,0,0,PICK UP,Destination,P,Y,,0,Y,0,Y,P,5,0,Southside,Y,N,0,,,,,,,,,,,,Use Item Price,i,I,,0,+,,,,,,,,,,N,,0,,(UnAssigned),N,N,,(UnAssigned),,,E,I,N,Y,N,,,0,0,0,0,0,0,P,,N,E,,Y,N,E,,E,,N,E,,,,7/27/2011 3:50:08 PM,JACKIE,11/7/2014 2:11:02 PM,STEVE,N,10854
SCHOO100,"THE SCHOOL BOARD OF CLAY COUNTY, FL",814 WALNUT STREET,,GREEN COVE SPRINGS,FL,32043-2705,904-284-6500,904-284-6529,COLETTE,WYANNT,,,,,,,,,,,,FLORIDASALES,24,Artie Hardie - Existing,0,(UNASSIGNED),DV,Duval County,N,,,(UnAssigned),NET 30,12/29/2014,1000,,,0,0,0,0,0,0,0,Best Way,Destination,P,N,85-8013573611C-8 *17,0,Y,0,Y,P,6,0,Orange Park,N,Y,2,1,OAKLEAF VILLAGE ELEMENTARY,410 OAKLEAF VILLAGE PARKWAY,,ORANGE PARK,FL,32073,,,,,Use Item Price,i,I,,0,+,,,,,,,,,,N,,0,,(UnAssigned),Y,N,,(UnAssigned),,,E,I,N,Y,N,,,0,0,0,0,0,0,M,ACCOUNTS,N,E,,N,N,E,,E,,N,E,,,,7/28/2011 2:41:24 PM,JACKIE,6/21/2017 9:49:57 AM,DAVID,N,10855
STAUG100,"LVP ST. AUGUSTINE OUTLETS, LLC","1985 CEDAR BRIDGE AVENUE, STE 1",,LAKEWOOD,NJ,8701,904-826-1052,904-826-4470,ANDY,RICE,arice@staugoutlets.com,STACEY,HOOD,SHOOD@STAUGOUTLETS.COM,RIVKA,HIRSCH,RHIRSCH@LIGHTSTONEGROUP.COM,,,,,FLORIDASALES,92,Randy Frontz,0,(UNASSIGNED),SJ,St. Johns County,N,,,(UnAssigned),NET 30,2/8/2012,5000,,,0,0,0,0,0,0,0,Best Way,Destination,P,Y,,0,Y,0,Y,P,0,0,(UnAssigned),N,Y,1,1,"LVP ST. AUGUSTINE OUTLETS, LLC",500 BLEZ OUTLET BLVD,,ST AUGUSTINE,FL,32084,,,,,Use Item Price,i,I,,0,+,,,,,,,,,,N,,*MAIN,,(UnAssigned),Y,N,,(UnAssigned),,,E,I,N,Y,N,,,0,0,0,0,0,0,M,RIVKA,N,E,,N,N,E,,E,,N,E,,,,7/28/2011 4:27:36 PM,JACKIE,10/24/2011 2:24:14 PM,SUE,N,10856
OCEAN100,OCEAN GROVE CAMPGROUND,4225 A1A SOUTH,,ST AUGUSTINE,FL,32084,904-471-3414,904-471-3590,,,,,,,,,,,,,,FLORIDASALES,92,Randy Frontz,0,(UNASSIGNED),SJ,St. Johns County,N,,,(UnAssigned),NET 30,,1000,,,0,0,0,0,0,0,0,Best Way,Destination,P,Y,,0,Y,0,Y,P,0,0,(UnAssigned),N,N,0,,,,,,,,,,,,Use Item Price,i,I,,0,+,,,,,,,,,,N,,0,,(UnAssigned),Y,N,,(UnAssigned),,,E,I,N,Y,N,,,0,0,0,0,0,0,P,,N,E,,N,N,E,,E,,N,E,,,,8/2/2011 8:21:54 AM,JACKIE,8/2/2011 9:06:20 AM,JACKIE,N,10857
MINOR100,MINORCAN MOVING AND STORAGE,1324 MATTIE STREET,,ST AUGUSTINE,FL,32084,904-824-3500,904-824-4323,ROBBY,.,MINORCANMOVING@GMAIL.COM,,,,,,,,,,MINORCAN@BELLSOUTH.NET,FLORIDASALES,92,Randy Frontz,0,(UNASSIGNED),SJ,St. Johns County,N,,,(UnAssigned),2% CASH COD DISCOUNT,10/16/2013,5000,,,0,0,0,0,0,0,0,Best Way,Destination,P,Y,,0,Y,0,Y,P,8,0,St Augustine,Y,N,0,,,,,,,,,,,,Use Item Price,i,I,,0,+,,,,,,,,,,N,,*MAIN,,(UnAssigned),N,N,,(UnAssigned),,,E,I,N,Y,N,,,0,0,0,0,0,0,M,ROBBY,N,E,,Y,N,E,,E,,N,E,,,,8/2/2011 2:03:54 PM,JACKIE,4/26/2012 11:56:25 AM,JACKIE,N,10858
ONETI100,ON TIME MOVING AND STORAGE,3530 AGRICULTURAL CENTER DRIVE,SUITE 202,ST AUGUSTINE,FL,32092,904-794-1200,904-823-0760,JOSEPH,GREEN,,,,,,,,,,,,FLORIDASALES,92,Randy Frontz,0,(UNASSIGNED),SJ,St. Johns County,N,,,(UnAssigned),C.O.D. BY REQUEST,8/10/2011,2000,,,0,0,0,0,0,0,0,Best Way,Destination,P,Y,,0,Y,0,Y,P,8,0,St Augustine,Y,N,0,,,,,,,,,,,,Use Item Price,i,I,,0,+,,,,,,,,,,N,,0,,(UnAssigned),N,N,,(UnAssigned),,,E,I,N,Y,N,,,0,0,0,0,0,0,P,,N,E,,Y,N,E,,E,,N,E,,,,8/3/2011 5:08:19 PM,JACKIE,11/28/2011 9:01:40 AM,SUE,N,10859
COAST100,COASTAL BUILDING SUPPLY,2910 W. BEAVER ST,,JACKSONVILLE,FL,32254,904-861-2500,904-619-8372,TERRY,GRUBB,TERRY@CBSOFJAX.COM,,,,,,,,,,,FLORIDASALES,59,RONNIE BURKE,0,(UNASSIGNED),DV,Duval County,N,,,(UnAssigned),C.O.D,9/26/2012,500,,,0,0,0,0,0,0,0,Best Way,Destination,P,N,26-8015239692-9 *11,0,Y,0,Y,P,7,0,Westside,Y,N,0,,,,,,,,,,,,Use Item Price,i,I,,0,+,,,,,,,,,,N,,0,,(UnAssigned),Y,N,,(UnAssigned),,,E,I,N,Y,N,,,0,0,0,0,0,0,P,,N,E,,Y,N,E,,E,,N,E,,,,8/4/2011 10:50:40 AM,SUE,5/24/2017 8:38:53 AM,RANDY,N,10860
BMBEN100,BMB,11240 BUSINESS PARK BOULEVARD,,JACKSONVILLE,FL,32256,904-880-7925,904-880-7949,,,,,,,,,,,,,,FLORIDASALES,77,ROBIN FRONTZ-new,0,(UNASSIGNED),DV,Duval County,N,,,(UnAssigned),NET 30,8/5/2025,1000,,,-65.85,-65.85,0,0,0,0,0,Best Way,Destination,P,N,26-8013559956-3  *16,0,Y,0,Y,P,5,0,Southside,N,Y,1,11,BMB,11240 BUSINESS PARK BOULEVARD,,,,,,,,,30% Profit Margin,p30,P,,30,+,,,,,,,,,,N,,0,,(UnAssigned),Y,N,,(UnAssigned),,,D,I,N,Y,N,,,0,0,0,0,0,0,M,ADAM,N,E,,N,N,E,,E,,N,E,,,,8/23/2011 2:17:58 PM,JACKIE,6/13/2024 11:26:42 AM,NATE,N,10863
CRAIG100,CRAIG MEMORIAL PARK dba,"CRAIG FUNERAL HOME, INC.",P.O. BOX 99,ST AUGUSTINE,FL,32085,904-824-1672,904-824-4862,,,,,,,,,,,,,,FLORIDASALES,92,Randy Frontz,0,(UNASSIGNED),SJ,St. Johns County,N,,,(UnAssigned),CREDIT CARD,9/8/2011,1000,,,0,0,0,0,0,0,0,Best Way,Destination,P,Y,,0,Y,0,Y,P,0,0,(UnAssigned),Y,Y,1,1,CRAIG FUNERAL HOME,2600 OLD MOULTRIE,,ST AUGUSTINE,FL,32086,CJ KIDD,,,,Use Item Price,i,I,,0,+,,,,,,,,,,N,,0,,(UnAssigned),N,N,,(UnAssigned),,,E,I,N,Y,N,,,0,0,0,0,0,0,M,CJ,N,E,,N,N,E,,E,,N,E,,,,8/24/2011 9:57:11 AM,JACKIE,8/30/2011 5:10:52 PM,JACKIE,N,10864
BURKH100,BURKHARDT SALES AND SERVICE,3935 INMAN ROAD,,ST AUGUSTINE,FL,32084,904-829-3008,,CHAD,DIX,CDIX@BURKHARDTSALES.COM,,,,,,,,,,,FLORIDASALES,92,Randy Frontz,0,(UNASSIGNED),SJ,St. Johns County,N,,,(UnAssigned),NET 30,12/7/2011,2000,,,0,0,0,0,0,0,0,Best Way,Destination,P,Y,,0,Y,0,Y,P,0,0,(UnAssigned),N,N,0,,,,,,,,,,,,Use Item Price,i,I,,0,+,,,,,,,,,,N,,0,,(UnAssigned),N,N,,(UnAssigned),,,E,I,N,Y,N,,,0,0,0,0,0,0,P,,N,E,,N,N,E,,E,,N,E,,,,8/24/2011 3:30:52 PM,JACKIE,1/16/2012 9:12:32 AM,JACKIE,N,10866
MENUD100,MENU DESIGNS,DIVISION OF DAVID DOBBS ENTERPRISES,4600 US 1 NORTH,ST AUGUSTINE,FL,32095,904-824-6171,904-584-1165,,,,,,,,,,,,,,FLORIDASALES,92,Randy Frontz,0,(UNASSIGNED),SJ,St. Johns County,N,,,(UnAssigned),NET 30,10/7/2013,0,,,0,0,0,0,0,0,0,Best Way,Destination,P,Y,,0,Y,0,Y,P,8,0,St Augustine,N,N,0,,,,,,,,,,,,Use Item Price,i,I,,0,+,,,,,,,,,,N,,0,,(UnAssigned),N,N,,(UnAssigned),,,E,I,N,Y,N,,,0,0,0,0,0,0,P,,N,E,,N,N,E,,E,,N,E,,,,8/26/2011 9:24:24 AM,JACKIE,8/26/2011 10:19:48 AM,JACKIE,N,10868
BARRE100,"BARRETT MOVING AND STORAGE,",A SUDDATH COMPANY,2922 W. SERVICE ROAD,EAGAN,MN,55121,1-800-879-1283,1-952-486-4356,MARY JO,MEYER,MARYJO.MEYER@BARRETTMOVING.COM,,,,MARY JO,MEYER,MARYJO.MEYER@BARRETTMOVING.COM,,,,,FLORIDASALES,46,Michael Farah-direct,0,(UNASSIGNED),DV,Duval County,N,,,(UnAssigned),NET 30,7/31/2013,10000,,,0,0,0,0,0,0,0,DROP SHIP,Destination,P,Y,,0,Y,0,Y,P,15,0,Drop Ship,N,Y,3,282,BARRETT MOVING AND STORAGE,N8 W22270 JOHNSON DRIVE,,WAUKESHA,WI,53186,"TODD PETTIJOHN, JOHN COSTELLO",,,,Use Item Price,i,I,,0,+,,,,,,,,,,N,,0,,(UnAssigned),N,N,,(UnAssigned),,,E,I,N,Y,N,,,0,0,0,0,0,0,M,MARY JO,N,E,,N,N,E,,E,,N,E,,,,8/29/2011 5:12:26 PM,JACKIE,8/20/2012 5:24:45 PM,JACKIE,N,10870
MANSO100,MANSON CONSTRUCTION CO.,1720 EAST ADAMS ST,,JACKSONVILLE,FL,32202,904-358-9929,904-633-2039,STEVE,KENNEDY,SKENNEDY@MANSONCONSTRUCTION.COM,STEVE,KENNEDY,SKENNEDY@MANSONCONSTRUCTION.COM,STEVE,KENNEDY,SKENNEDY@MANSONCONSTRUCTION.COM,,,,,FLORIDASALES,58,ROBIN FRONTZ-exist,0,(UNASSIGNED),DV,Duval County,N,,,(UnAssigned),NET 30,,500,,,0,0,0,0,0,0,0,Best Way,Destination,P,Y,,0,Y,0,Y,P,1,0,Downtown,N,N,0,,,,,,,,,,,,Use Item Price,i,I,,0,+,,,,,,,,,,N,,0,,(UnAssigned),Y,N,,(UnAssigned),,,E,I,N,Y,N,,,0,0,0,0,0,0,P,,N,E,,N,N,E,,E,,N,E,,,,8/31/2011 11:10:51 AM,SUE,8/31/2011 11:16:13 AM,SUE,N,10871
STAUG110,CITY OF ST AUGUSTINE BEACH,PUBLIC WORKS DEPT.,2200 HIGHWAY A1A SOUTH,ST AUGUSTINE BEACH,FL,32080,904-471-1119,904-471-4191,FRANKIE,BRIGGS,mchattin@cityofsab.org,,,,AP,CLERK,,,,,,FLORIDASALES,92,Randy Frontz,0,(UNASSIGNED),SJ,St. Johns County,N,,,(UnAssigned),NET 30,10/26/2011,2000,,,0,0,0,0,0,0,0,Best Way,Destination,P,N,,0,Y,0,Y,P,0,0,(UnAssigned),Y,Y,1,1,CITY OF ST AUGUSTINE BEACH,2055 MIZELL ROAD,,ST AUGUSTINE BEACH,FL,32080,,,,,Use Item Price,i,I,,0,+,,,,,,,,,,N,,0,,(UnAssigned),N,N,,(UnAssigned),,,E,I,N,Y,N,,,0,0,0,0,0,0,P,,N,E,,N,N,E,,E,,N,E,,,,9/7/2011 2:33:40 PM,JACKIE,9/27/2011 2:16:13 PM,JACKIE,N,10873
JACKS140,JACKSONVILLE MACHINE AND REPAIR,4100 HAINES STREET,,JACKSONVILLE,FL,32206,904-358-1900,904-854-9463,,,,,,,,,,,,,,FLORIDASALES,100,RANDY FRONTZ,OTHER,Other Accounts,DV,Duval County,N,,,(UnAssigned),NET 30,9/20/2011,500,,,0,0,0,0,0,0,0,Best Way,Destination,P,Y,,0,Y,0,Y,P,0,0,(UnAssigned),N,N,0,,,,,,,,,,,,Use Item Price,i,I,,0,+,,,,,,,,,,N,,0,,(UnAssigned),Y,N,,(UnAssigned),,,E,I,N,Y,N,,,0,0,0,0,0,0,P,,N,E,,N,N,E,,E,,N,E,,,,9/13/2011 10:15:18 AM,SUE,9/13/2012 10:09:11 AM,NEAL,N,10875
ORTEG100,ORTEGA ELEMENTARY SCHOOL,4010 BALTIC STREET,,JACKSONVILLE,FL,32210,904-381-7460,,,,,,,,,,,,,,,FLORIDASALES,10,Randy Frontz,0,(UNASSIGNED),DV,Duval County,N,,,(UnAssigned),C.O.D,,0,,,0,0,0,0,0,0,0,Best Way,Destination,P,Y,,0,Y,0,Y,P,0,0,(UnAssigned),N,N,0,,,,,,,,,,,,Use Item Price,i,I,,0,+,,,,,,,,,,N,,0,,(UnAssigned),Y,N,,(UnAssigned),,,E,I,N,Y,N,,,0,0,0,0,0,0,P,,N,E,,Y,N,E,,E,,N,E,,,,9/15/2011 8:43:42 AM,SUE,9/11/2009 4:42:37 PM,CMS,N,10877
HULLS100,"HULL STOREY GIBSON COMPANIES, LLC",P.O. BOX 204227,,AUGUSTA,GA,30917,904-797-5324,907-797-7488,ROBERT,WILSON,RWILSON@HULLSTOREYGIBSON.COM,ROBERT,WILSON,RWILSON@HULLSTOREYGIBSON.COM,HULL,STOREY GIBSON,,,,,,FLORIDASALES,92,Randy Frontz,0,(UNASSIGNED),SJ,St. Johns County,N,,,(UnAssigned),NET 30,12/12/2012,2000,,,0,0,0,0,0,0,0,Best Way,Destination,P,Y,,0,Y,0,Y,P,0,0,(UnAssigned),N,Y,1,1,PONCE DE LEON MALL,2121 US 1 SOUTH,,ST AUGUSTINE,FL,32086,ROBERT WILSON 706-832-2280,,,,Use Item Price,i,I,,0,+,,,,,,,,,,N,,0,,(UnAssigned),N,N,,(UnAssigned),,,E,I,N,Y,N,,,0,0,0,0,0,0,P,,N,E,,N,N,E,,E,,N,E,,,,9/15/2011 11:42:41 AM,JACKIE,12/20/2011 9:34:29 AM,JACKIE,N,10878
HYDRO110,HYDRO-NUMATICS,5745 COMMERCE RD,,JACKSONVILLE,FL,32211,904-743-9057,904-743-3967,GREG,.,,,,,,,,,,,,FLORIDASALES,58,ROBIN FRONTZ-exist,0,(UNASSIGNED),DV,Duval County,N,,,(UnAssigned),NET 30,9/16/2011,500,,,0,0,0,0,0,0,0,Best Way,Destination,P,Y,,0,Y,0,Y,P,0,0,(UnAssigned),N,N,0,,,,,,,,,,,,Use Item Price,i,I,,0,+,,,,,,,,,,N,,0,,(UnAssigned),Y,N,,(UnAssigned),,,E,I,N,Y,N,,,0,0,0,0,0,0,P,,N,E,,N,N,E,,E,,N,E,,,,9/15/2011 3:48:35 PM,SUE,9/11/2009 4:42:37 PM,CMS,N,10879
JENNI100,JENNINGS CITRUS,11765 N. US HIGHWAY 301,,OXFORD,FL,34484,1-352-748-2235,1-352-748-5644,EDWARD,JENNINGS,JenningsCitrus@cfl.rr.com,DAVID,J,,DENISE,COLE,,,,,,FLORIDASALES,92,Randy Frontz,0,(UNASSIGNED),DV,Duval County,N,,,(UnAssigned),NET 30,6/6/2018,2500,,,0,0,0,0,0,0,0,Best Way,Destination,P,N,80-8013982126-6 *16,0,Y,0,Y,P,8,0,St Augustine,N,Y,1,1,JENNINGS CITRUS,1633 COUNTY ROAD 210 WEST,904-824-5140,JACKSONVILLE,FL,32259,,,,,Use Item Price,i,I,,0,+,,,,,,,,,,N,,0,,(UnAssigned),N,N,,(UnAssigned),,,E,I,N,Y,N,,,0,0,0,0,0,0,P,,N,E,,N,N,E,,E,,N,E,,,,9/19/2011 2:41:26 PM,JACKIE,2/7/2017 1:30:39 PM,PETE,N,10880
GOODN100,GOOD NEWS CHURCH,1357 WILDWOOD AVENUE,,ST AUGUSTINE,FL,32086,904-819-0064,,STEVE,RODENBAUGH,STEVE@GNPC.ORG,STEVE,RODENBAUGH,STEVE@GNPC.ORG,,,,,,,,FLORIDASALES,92,Randy Frontz,0,(UNASSIGNED),SJ,St. Johns County,N,,,(UnAssigned),NET 30,5/23/2012,1000,,,0,0,0,0,0,0,0,Best Way,Destination,P,N,85-8012588698C-6 *16,0,Y,0,Y,P,8,0,St Augustine,N,N,0,,,,,,,,,,,,Use Item Price,i,I,,0,+,,,,,,,,,,N,,0,,(UnAssigned),N,N,,(UnAssigned),,,E,I,N,Y,N,,,0,0,0,0,0,0,P,,N,E,,N,N,E,,E,,N,E,,,,9/21/2011 4:54:54 PM,JACKIE,2/14/2012 8:20:40 AM,JACKIE,N,10882
STAUG130,ST. AUGUSTINE AMPHITHEATRE,1340C A1A SOUTH,,ST. AUGUSTINE,FL,32080,904-209-3759,904-209-3758,ELIZABETH,GLASGOW,EGLASGOW@SJCFL.US,,,,,,,,,,,FLORIDASALES,92,Randy Frontz,0,(UNASSIGNED),EX,Tax Exempt,N,,,(UnAssigned),NET 30,2/13/2014,500,,,0,0,0,0,0,0,0,Best Way,Destination,P,N,85-8012740181C-7 *12,0,Y,0,Y,P,8,0,St Augustine,N,N,0,,,,,,,,,,,,Use Item Price,i,I,,0,+,,,,,,,,,,N,,0,,(UnAssigned),Y,N,,(UnAssigned),,,E,I,N,Y,N,,,0,0,0,0,0,0,P,,N,E,,N,N,E,,E,,N,E,,,,9/30/2011 8:47:24 AM,SUE,7/13/2012 9:01:58 AM,JACKIE,N,10887
STAUG140,ST. AUGUSTINE HEALTH AND REHAB,51 SUNRISE BLVD,,ST. AUGUSTINE,FL,32084,904-824-4479,904-829-0623,WILL,DAWKINS,,,,,,,,,,,,FLORIDASALES,92,Randy Frontz,0,(UNASSIGNED),DV,Duval County,N,,,(UnAssigned),NET 30,,500,,,0,0,0,0,0,0,0,Best Way,Destination,P,Y,,0,Y,0,Y,P,0,0,(UnAssigned),N,N,0,,,,,,,,,,,,Use Item Price,i,I,,0,+,,,,,,,,,,N,,0,,(UnAssigned),Y,N,,(UnAssigned),,,E,I,N,Y,N,,,0,0,0,0,0,0,P,,N,E,,N,N,E,,E,,N,E,,,,9/30/2011 11:13:05 AM,SUE,11/22/2011 10:26:27 AM,SUE,N,10888
GOODM100,GOODMAN DISTRIBUTION INC,1730 DOBBS RD,,ST. AUGUSTINE,FL,32084,904-824-9664,,BRETT,DALTON,BRETT.DALTON@GOODMANMFG.COM,,,,,,,,,,,FLORIDASALES,92,Randy Frontz,0,(UNASSIGNED),DV,Duval County,N,,,(UnAssigned),C.O.D. BY REQUEST,9/26/2012,500,,,0,0,0,0,0,0,0,Best Way,Destination,P,Y,,0,Y,0,Y,P,0,0,(UnAssigned),Y,N,0,,,,,,,,,,,,Use Item Price,i,I,,0,+,,,,,,,,,,N,,0,,(UnAssigned),Y,N,,(UnAssigned),,,E,I,N,Y,N,,,0,0,0,0,0,0,P,,N,E,,Y,N,E,,E,,N,E,,,,9/30/2011 11:36:00 AM,SUE,9/30/2011 11:39:43 AM,SUE,N,10889
MOREY100,MOREY MOVING & STORAGE,1750 DOBBS ROAD,,ST. AUGUSTINE,FL,32084,904-829-6320,904-829-2645,JOE,SCHOOLEY,JOE@MOREYMOVING.NET,,,,,,,,,,,FLORIDASALES,92,Randy Frontz,0,(UNASSIGNED),DV,Duval County,N,,,(UnAssigned),NET 30,8/8/2014,500,,,0,0,0,0,0,0,0,Best Way,Destination,P,Y,,0,Y,0,Y,P,0,0,(UnAssigned),Y,N,0,,,,,,,,,,,,Use Item Price,i,I,,0,+,,,,,,,,,,N,,0,,(UnAssigned),Y,N,,(UnAssigned),,,E,I,N,Y,N,,,0,0,0,0,0,0,P,,N,E,,N,N,E,,E,,N,E,,,,9/30/2011 12:22:28 PM,SUE,11/7/2011 10:01:42 AM,SUE,N,10890
STJOH100,ST. JOHNS COUNTY ROAD AND BRIDGE,1625 STATE ROAD 16,,ST. AUGUSTINE,FL,32084,904-209-0246,904-209-0247,JENNIFER,KINLAW,JKINLAW@SJCFL.US,,,,,,,,,,,FLORIDASALES,92,Randy Frontz,0,(UNASSIGNED),DV,Duval County,N,,,(UnAssigned),CREDIT CARD,12/12/2012,500,,,0,0,0,0,0,0,0,Best Way,Destination,P,Y,,0,Y,0,Y,P,0,0,(UnAssigned),N,N,0,,,,,,,,,,,,Use Item Price,i,I,,0,+,,,,,,,,,,N,,0,,(UnAssigned),Y,N,,(UnAssigned),,,E,I,N,Y,N,,,0,0,0,0,0,0,M,JENNIFER,N,E,,N,N,E,,E,,N,E,,,,10/7/2011 11:31:42 AM,SUE,5/31/2012 9:13:09 AM,JACKIE,N,10892
STJOH110,ST. JOHNS UTILITIES DEPARTMENT,P O BOX 3006,,ST AUGUSTINE,FL,32085,904-209-2700,,KATHY,KELSHAW,,,,,,,,,,,,FLORIDASALES,92,Randy Frontz,0,(UNASSIGNED),SJ,St. Johns County,N,,,(UnAssigned),NET 30,12/14/2011,500,,,0,0,0,0,0,0,0,Best Way,Destination,P,N,,0,Y,0,Y,P,8,0,St Augustine,N,Y,1,1,ST JOHNS UTILITIES DEPARTMENT,1205 SR 16,,ST AUGUSTINE,FL,32085,,,,,Use Item Price,i,I,,0,+,,,,,,,,,,N,,0,,(UnAssigned),Y,N,,(UnAssigned),,,E,I,N,Y,N,,,0,0,0,0,0,0,P,,N,E,,N,N,E,,E,,N,E,,,,10/18/2011 9:31:59 AM,SUE,9/11/2009 4:42:37 PM,CMS,N,10893
SALLY110,SALLY BEAUTY SUPPLY,1550 VANTAGE WAY S.,,JACKSONVILLE,FL,32218-2359,904-741-1490,,,,,TERRY,JOHNSON,,,,,,,,,FLORIDASALES,10,Randy Frontz,0,(UNASSIGNED),DV,Duval County,N,,,(UnAssigned),NET 30,,0,,,0,0,0,0,0,0,0,Best Way,Destination,P,Y,,0,Y,0,Y,P,0,0,(UnAssigned),N,N,0,,,,,,,,,,,,Use Item Price,i,I,,0,+,"BUYS VIBAC FROM TAPE PRODUCTS,",STRETCH FILM FROM DARRELL ASSO,CIATED PACKAGING,,,,,,,N,,0,,(UnAssigned),Y,N,,(UnAssigned),,,E,I,N,Y,N,,,0,0,0,0,0,0,P,,N,E,,N,N,E,,E,,N,E,,,,10/20/2011 2:40:44 PM,RANDY,10/20/2011 2:42:27 PM,RANDY,N,10894
HOSEP110,HOSE POWER,50 INDUSTRIAL LOOP WEST,,ORANGE PARK,FL,32073,904-773-0100,904-264-3288,KENNY,DAVIS,KDAVIS@HOSEBOSS.COM,,,,,,,,,,,FLORIDASALES,51,RANDY FRONTZ,0,(UNASSIGNED),DV,Duval County,N,,,(UnAssigned),NET 30,1/12/2012,2000,,,0,0,0,0,0,0,0,Best Way,Destination,P,Y,20-8011970130-8  *11,0,Y,0,Y,P,6,0,Orange Park,Y,N,0,,,,,,,,,,,,Use Item Price,i,I,,0,+,,,,,,,,,,N,,0,,(UnAssigned),Y,N,,(UnAssigned),,,E,I,N,Y,N,,,0,0,0,0,0,0,P,,N,E,,N,N,E,,E,,N,E,,,,10/24/2011 10:49:42 AM,JACKIE,10/13/2014 4:46:05 PM,RANDY,N,10895
SEABR100,SEABREEZE LINEN,3715 LEEWOOD LANE,,JACKSONVILLE,FL,32216,904-610-9762,,TIMOTHY,DENMARK,TIMDENMARK@HOTMAIL.COM,,,,,,,,,,,FLORIDASALES,10,Randy Frontz,0,(UNASSIGNED),DV,Duval County,N,,,(UnAssigned),NET 30,1/10/2012,500,,,0,0,0,0,0,0,0,Best Way,Destination,P,Y,,0,Y,0,Y,P,0,0,(UnAssigned),N,N,0,,,,,,,,,,,,Use Item Price,i,I,,0,+,,,,,,,,,,N,,0,,(UnAssigned),Y,N,,(UnAssigned),,,E,I,N,Y,N,,,0,0,0,0,0,0,P,,N,E,,N,N,E,,E,,N,E,,,,11/1/2011 11:57:59 AM,SUE,11/1/2011 12:18:34 PM,SUE,N,10896
ABYSS100,ABYSSIONARY MISSIONARY BAPTIST CHUR,10325 INTERSTATE CENTER DRIVE,,JACKSONVILLE,FL,32218-8504,904-696-1770,904-696-1786,,,,,,,,,,,,,,FLORIDASALES,20,RANDY FRONTZ,0,(UNASSIGNED),DV,Duval County,N,,,(UnAssigned),NET 30,,0,,,0,0,0,0,0,0,0,Best Way,Destination,P,Y,85-8012665674C-4,0,Y,0,Y,P,0,0,(UnAssigned),N,N,0,,,,,,,,,,,,Use Item Price,i,I,,0,+,,,,,,,,,,N,,0,,(UnAssigned),Y,N,,(UnAssigned),,,E,I,N,Y,N,,,0,0,0,0,0,0,P,,N,E,,N,N,E,,E,,N,E,,,,11/8/2011 11:13:10 AM,RANDY,6/21/2017 8:18:49 AM,DAVID,N,10897
NASSA100,NASSAU INDUSTRIAL SUPPLY,P.O. BOX 164,,CALLAHAN,FL,32011,904-545-3033,904-355-1476,BO,McFALL,bo@nassauindustrial.comcastbiz.net,,,,,,,,,,,FLORIDASALES,10,Randy Frontz,0,(UNASSIGNED),DV,Duval County,N,,,(UnAssigned),C.O.D,12/23/2013,200,,,0,0,0,0,0,0,0,WILL CALL,Destination,P,N,55-8015756503-4 *11,0,Y,0,Y,P,17,0,Customer Pickup,Y,Y,1,1,NASSAU INDUSTRIAL SUPPLY,NASSAU INDUSTRIAL SUPPLY,45237 MICKLER STREET,CALLAHAN,FL,32011,,,,,Use Item Price,i,I,,0,+,,,,,,,,,,N,,0,,(UnAssigned),N,N,,(UnAssigned),,,E,I,N,Y,N,,,0,0,0,0,0,0,M,BO,N,E,,Y,N,E,,E,,N,E,,,,11/9/2011 2:36:25 PM,JACKIE,11/9/2011 3:29:00 PM,JACKIE,N,10898
PICTE100,THRESHOLD DISCOVERY LLC,1 INDEPENDENT DRIVE STE 100,,JACKSONVILLE,FL,32202-5005,904-356-9992,,CLAY,CROSS,CLAY@THRESHOLDDISCOVERY.COM,,,,,,,,,,WWW.PICTERASOLUTIONS.COM,FLORIDASALES,10,Randy Frontz,0,(UNASSIGNED),DV,Duval County,N,,,(UnAssigned),NET 10,11/26/2024,2000,,,0,0,0,0,0,0,0,Best Way,Destination,P,Y,26-8017309843-7*20,0,Y,0,Y,P,0,0,(UnAssigned),N,N,0,,,,,,,,,,,,Use Item Price,i,I,,0,+,,,,,,,,,,N,,0,,(UnAssigned),N,N,,(UnAssigned),,,E,I,N,Y,N,,,0,0,0,0,0,0,P,CLAY,N,E,,N,N,E,,E,,N,E,,,,11/16/2011 9:37:13 AM,JACKIE,12/29/2022 10:57:03 AM,NATE,N,10899
ARMSE100,ARM SERVICES,6555 TRADE CENTER DR.,,JACKSONVILLE,FL,32254,904-861-3040,904-861-3049,,,,,,,,,,,,,,FLORIDASALES,58,ROBIN FRONTZ-exist,0,(UNASSIGNED),DV,Duval County,N,,,(UnAssigned),C.O.D,11/18/2011,500,,,0,0,0,0,0,0,0,Best Way,Destination,P,Y,,0,Y,0,Y,P,0,0,(UnAssigned),N,N,0,,,,,,,,,,,,Use Item Price,i,I,,0,+,,,,,,,,,,N,,0,,(UnAssigned),Y,N,,(UnAssigned),,,E,I,N,Y,N,,,0,0,0,0,0,0,P,,N,E,,Y,N,E,,E,,N,E,,,,11/16/2011 3:51:57 PM,SUE,9/11/2009 4:42:37 PM,CMS,N,10900
ORTEG110,ORTEGA PRESERVATION SOCIETY,2822 CHEROKEE AVENUE,,JACKSONVILLE,FL,32210,904-389-9294,,RIC,HARDIN,,,,,,,,,,,,FLORIDASALES,20,RANDY FRONTZ,0,(UNASSIGNED),DV,Duval County,N,,,(UnAssigned),NET 30,12/12/2012,2000,,,0,0,0,0,0,0,0,Best Way,Destination,P,Y,,0,Y,0,Y,P,0,0,(UnAssigned),N,N,0,,,,,,,,,,,,Use Item Price,i,I,,0,+,,,,,,,,,,N,,0,,(UnAssigned),N,N,,(UnAssigned),,,E,I,N,Y,N,,,0,0,0,0,0,0,P,,N,E,,N,N,E,,E,,N,E,,,,11/21/2011 11:12:29 AM,JACKIE,9/11/2009 4:42:37 PM,CMS,N,10902
BROAD100,BROADWATER HOMEOWNER ASSOCIATION,14286-19 BEACH BLVD. #152,,JACKSONVILLE,FL,32250,904-422-5544,,WAYNE,WETHERINGTON,onlygators@gmail.com,,,,,,,,,,,FLORIDASALES,20,RANDY FRONTZ,0,(UNASSIGNED),DV,Duval County,N,,,(UnAssigned),NET 30,12/12/2012,0,,,0,0,0,0,0,0,0,Best Way,Destination,P,Y,,0,Y,0,Y,P,0,0,(UnAssigned),N,N,0,,,,,,,,,,,,Use Item Price,i,I,,0,+,,,,,,,,,,N,,0,,(UnAssigned),Y,N,,(UnAssigned),,,E,I,N,Y,N,,,0,0,0,0,0,0,P,,N,E,,N,N,E,,E,,N,E,,,,12/1/2011 11:25:00 AM,RANDY,12/1/2011 11:25:44 AM,RANDY,N,10904
HOSEP120,HOSE POWER,3110 WINTER LAKE ROAD,,LAKELAND,FL,33803,1-863-669-9333,1-863-669-0323,,,,,,,,,,,,,,FLORIDASALES,21,DAVID T. HALL-new,0,(UNASSIGNED),DV,Duval County,N,,,(UnAssigned),NET 30,12/15/2011,1000,,,0,0,0,0,0,0,0,Best Way,Destination,P,N,63-8011970131-4  *11,0,Y,0,Y,P,13,0,Miscellaneous,N,N,0,,,,,,,,,,,,Use Item Price,i,I,,0,+,,,,bill op office,,,,,,N,,0,,(UnAssigned),N,N,,(UnAssigned),,,E,I,N,Y,N,,,0,0,0,0,0,0,P,,N,E,,N,N,E,,E,,N,E,,,,12/8/2011 3:11:39 PM,JACKIE,5/8/2014 3:17:27 PM,JACKIE,N,10906
MTHER100,MT. HERMAN EXCEPTIONAL STUDENT,CENTER,1741 FRANCIS STREET,JACKSONVILLE,FL,32209,904-630-6740,904-630-6738,KATHY,GALENTINE,GALENTINEK@DUVALSCHOOLS.ORG,,,,,,,,,,,FLORIDASALES,20,RANDY FRONTZ,0,(UNASSIGNED),DV,Duval County,N,,,(UnAssigned),NET 30,4/16/2012,2500,,,0,0,0,0,0,0,0,Best Way,Destination,P,N,85-8013988912C-0 *13,0,Y,0,Y,P,2,0,Northside,N,N,0,,,,,,,,,,,,Use Item Price,i,I,,0,+,,,,,,,,,,N,,0,,(UnAssigned),N,N,,(UnAssigned),,,E,I,N,Y,N,,,0,0,0,0,0,0,P,,N,E,,N,N,E,,E,,N,E,,,,1/9/2012 3:10:13 PM,JACKIE,1/9/2012 3:24:25 PM,JACKIE,N,10910
COVAN100,COVAN WORLDWIDE MOVING,1 COVAN DRIVE,,MIDLAND CITY,AL,36350,904-786-1300,904-786-6003,WILL,TROTTER,WILL.TROTTER@COLEMANAMERICAN.COM,WILL,TROTTER,WILL.TROTTER@COLEMANAMERICAN.COM,,,,,,,,FLORIDASALES,99,RANDY FRONTZ,0,(UNASSIGNED),DV,Duval County,N,,,(UnAssigned),CREDIT CARD,3/8/2013,1500,,,0,0,0,0,0,0,0,Best Way,Destination,P,Y,,0,Y,0,Y,P,0,0,(UnAssigned),Y,Y,1,1,COVAN WORLDWIDE MOVING,1200-A ELLIS ROAD NORTH,,JACKSONVILLE,FL,32254,,,,,Use Item Price,i,I,,0,+,,,,,,,,,,N,,0,,(UnAssigned),N,N,,(UnAssigned),,,E,I,N,Y,N,,,0,0,0,0,0,0,P,,N,E,,Y,N,E,,E,,N,E,,,,1/26/2012 8:39:35 AM,JACKIE,3/22/2013 11:25:57 AM,NEAL,N,10912
WELLS100,WELLS & DREW COMPANY,3414 GALILEE ROAD,,JACKSONVILLE,FL,32207,904-399-1510,904-399-1884,JEFF,HOUSER,,,,,.,.,.,,,,,FLORIDASALES,10,Randy Frontz,0,(UNASSIGNED),DV,Duval County,N,,,(UnAssigned),NET 30,4/16/2026,0,,,128.48,128.48,0,0,0,0,0,BESTWAY,Destination,P,N,26-8012041557-1 *17,0,Y,0,Y,P,17,0,Customer Pickup,N,Y,1,1,WELLS & DREW COMPANY,3414 Galilee Rd.,,Jacksonville,FL,32207,Blake Houser,,,,20% Profit Margin,p20,P,,20,+,,,,,,,,,,N,,0,,(UnAssigned),N,N,,(UnAssigned),,,C,A,N,Y,N,,,0,0,0,0,0,0,M,AP,N,E,,N,N,E,,E,,N,E,,,,2/9/2012 9:50:20 AM,JOHN,3/31/2026 10:01:45 AM,NATE,N,10913
HARLO100,HAROLD'S MEAT MARKET,11219 LEM TURNER RD.,,JACKSONVILLE,FL,32218,904-765-1686,904-766-3427,RICHARD,.,,RICHARD,.,,,,,,,,,FLORIDASALES,24,Artie Hardie - Existing,0,(UNASSIGNED),DV,Duval County,N,,,(UnAssigned),C.O.D. BY REQUEST,3/21/2013,0,,,0,0,0,0,0,0,0,Best Way,Destination,P,N,26-8015588958-1  *12,0,Y,0,Y,P,2,0,Northside,Y,N,0,,,,,,,,,,,,Use Item Price,i,I,,0,+,,,,,,,,,,N,,0,,(UnAssigned),N,N,,(UnAssigned),,,E,I,N,Y,N,,,0,0,0,0,0,0,P,,N,E,,Y,N,E,,E,,N,E,,,,3/6/2012 4:32:30 PM,RANDY,12/5/2013 6:40:19 AM,RANDY,N,10916
SIPRI100,"SI PRINTING SOLUTIONS, LLC",P.O. BOX 600315,,JACKSONVILLE,FL,32260-0315,904-268-1367,904-339-9388,TODD,WITHERS,todd@sunshineimage.net,,,,,,,,,,,FLORIDASALES,10,Randy Frontz,0,(UNASSIGNED),DV,Duval County,N,,,(UnAssigned),NET 30,4/30/2014,1000,,,0,0,0,0,0,0,0,Best Way,Destination,P,N,26-8013191667-8  *12,0,Y,0,Y,P,17,0,Customer Pickup,N,Y,1,1,SUNSHINE IMAGE,13826 CARTERS GROVE LANE,,JACKSONVILLE,FL,32223-5012,,,,,Use Item Price,i,I,,0,+,,,,,,,,,,N,,0,,(UnAssigned),N,N,,(UnAssigned),,,E,I,N,Y,N,,,0,0,0,0,0,0,P,,N,E,,N,N,E,,E,,N,E,,,,3/14/2012 9:58:42 AM,JACKIE,4/21/2014 9:20:02 AM,JOHN,N,10918
SECON100,LUTHERAN SOCIAL SERVICES,4615 PHILLIPS HIGHWAY,,JACKSONVILLE,FL,32207,904-353-3663,904-358-4281,JULI,HAJDINI,JHAJDINI@WENOURISHHOPE.ORG,JULI,HAJDINI,JHAJDINI@WENOURISHHOPE.ORG,JULI,HAJDINI,JHAJDINI@WENOURISHHOPE.ORG,,,,,FLORIDASALES,50,RANDY FRONTZ,0,(UNASSIGNED),DV,Duval County,N,,,(UnAssigned),NET 30,7/17/2014,5000,,,0,0,0,0,0,0,0,Best Way,Destination,P,N,85-8012585005C-5,0,Y,0,Y,P,1,0,Downtown,N,Y,1,1,SECOND HARVEST,1502 JESSIE ST,,JACKSONVILLE,FL,32206,JULI HAJDINI,,,,Use Item Price,i,I,,0,+,,,,,,,,,,N,,0,,(UnAssigned),Y,N,,(UnAssigned),,,E,I,N,Y,N,,,0,0,0,0,0,0,M,CEDDRINA,N,E,,N,N,E,,E,,N,E,,,,3/16/2012 10:41:48 AM,NEAL,12/18/2014 1:02:56 PM,STEVE,N,10919
EDBOY100,ED BOYAJIAN,5225 JULINGTON FOREST LN.,,JACKSONVILLE,FL,32258,904-292-8997,,ED,BOYAJIAN,,ED,BOYAJIAN,,ED,BOYAJIAN,,,,,,FLORIDASALES,10,Randy Frontz,0,(UNASSIGNED),DV,Duval County,N,,,(UnAssigned),C.O.D. BY REQUEST,,0,,,0,0,0,0,0,0,0,Best Way,Destination,P,Y,,0,Y,0,Y,P,0,0,(UnAssigned),N,N,0,,,,,,,,,,,,Use Item Price,i,I,,0,+,,,,,,,,,,N,,0,,(UnAssigned),Y,N,,(UnAssigned),,,E,I,N,Y,N,,,0,0,0,0,0,0,P,,N,E,,Y,N,E,,E,,N,E,,,,4/5/2012 10:04:59 AM,RANDY,4/5/2012 10:05:55 AM,RANDY,N,10921
SUNSE100,SUN SERVICE- TURNKEY SOLUTIONS,1008 FOUNTAIN RD,,JACKSONVILLE,FL,32205,,,WALTER,VAN HALTER,WALTER@SUN-SERVICE.NET,,,,,,,,,,,FLORIDASALES,10,Randy Frontz,0,(UNASSIGNED),DV,Duval County,N,,,(UnAssigned),NET 30,,0,,,0,0,0,0,0,0,0,Best Way,Destination,P,Y,,0,Y,0,Y,P,0,0,(UnAssigned),N,N,0,,,,,,,,,,,,Use Item Price,i,I,,0,+,,,,,,,,,,N,,0,,(UnAssigned),Y,N,,(UnAssigned),,,E,I,N,Y,N,,,0,0,0,0,0,0,P,,N,E,,N,N,E,,E,,N,E,,,,4/17/2012 9:36:12 AM,NEAL,4/18/2012 12:24:05 PM,JACKIE,N,10922
CERTE100,CERTEX LIFTING PRODUCTS AND SERVICE,250 NORTH ELLIS,,JACKSONVILLE,FL,32254,904-786-7700,904-781-7919,ANDY,PAYMER,apaymer@certex.com,ANDY,PAYMER,apaymer@certex.com,,,,,,,,FLORIDASALES,100,RANDY FRONTZ,0,(UNASSIGNED),DV,Duval County,N,,,(UnAssigned),NET 30,,0,,,0,0,0,0,0,0,0,Best Way,Destination,P,Y,,0,Y,0,Y,P,0,0,(UnAssigned),N,N,0,,,,,,,,,,,,Use Item Price,i,I,,0,+,,,,,,,,,,N,,0,,(UnAssigned),Y,N,,(UnAssigned),,,E,I,N,Y,N,,,0,0,0,0,0,0,P,,N,E,,N,N,E,,E,,N,E,,,,4/25/2012 9:30:19 AM,RANDY,4/25/2012 9:30:53 AM,RANDY,N,10924
BARNE100,BARNEY'S PUMPS INC.,11306 BUSINESS PARK BLVD.,,JACKSONVILLE,FL,32256,904-260-0669,904-260-4913,LUJUANA,PICKETT,pickettl@barneyspumps.com,LUJUANA,PICKETT,pickettl@barneyspumps.com,LUJUANA,PICKETT,pickettl@barneyspumps.com,,,,,FLORIDASALES,100,RANDY FRONTZ,0,(UNASSIGNED),DV,Duval County,N,,,(UnAssigned),NET 30,,0,,,0,0,0,0,0,0,0,Best Way,Destination,P,Y,,0,Y,0,Y,P,0,0,(UnAssigned),N,N,0,,,,,,,,,,,,Use Item Price,i,I,,0,+,,,,,,,,,,N,,0,,(UnAssigned),Y,N,,(UnAssigned),,,E,I,N,Y,N,,,0,0,0,0,0,0,P,,N,E,,N,N,E,,E,,N,E,,,,4/25/2012 9:34:24 AM,RANDY,1/15/2013 10:43:33 AM,NEAL,N,10925
KEVIN100,KEVINS ENVIROMENTAL CLEANING SERVIC,5238-23 NORWOOD AVENUE,,JACKSONVILLE,FL,32208,904-235-5890,,KEVIN,ROBERTS,KEVINSJANITIORAL@HOTMAIL.COM,KEVIN,ROBERTS,KEVINSJANITIORAL@HOTMAIL.COM,KEVIN,ROBERTS,KEVINSJANITIORAL@HOTMAIL.COM,,,,,FLORIDASALES,10,Randy Frontz,0,(UNASSIGNED),DV,Duval County,N,,,(UnAssigned),C.O.D. BY REQUEST,4/25/2012,0,,,0,0,0,0,0,0,0,Best Way,Destination,P,Y,,0,Y,0,Y,P,0,0,(UnAssigned),N,N,0,,,,,,,,,,,,Use Item Price,i,I,,0,+,,,,,,,,,,N,,0,,(UnAssigned),Y,N,,(UnAssigned),,,E,I,N,Y,N,,,0,0,0,0,0,0,P,,N,E,,Y,N,E,,E,,N,E,,,,4/25/2012 11:18:02 AM,RANDY,9/11/2009 4:42:37 PM,CMS,N,10927
MAUDL100,MAUDLIN INTERNATIONAL TRUCKS INC,1881 PICKETVILLE RD.,,JACKSONVILLE,FL,32220,904-783-9822,904-783-9830,CHRIS,JOHNSON,,CHRIS,JOHNSON,,,,,,,,,FLORIDASALES,100,RANDY FRONTZ,0,(UNASSIGNED),DV,Duval County,N,,,(UnAssigned),NET 30,4/3/2013,0,,,0,0,0,0,0,0,0,Best Way,Destination,P,Y,,0,Y,0,Y,P,0,0,(UnAssigned),N,N,0,,,,,,,,,,,,Use Item Price,i,I,,0,+,,,,,,,,,,N,,0,,(UnAssigned),Y,N,,(UnAssigned),,,E,I,N,Y,N,,,0,0,0,0,0,0,P,,N,E,,N,N,E,,E,,N,E,,,,4/26/2012 8:54:29 AM,RANDY,6/25/2012 3:11:41 PM,JACKIE,N,10928
CHURC100,EXCEL CHURCH,3563 PHILLIPS HIGHWAY,BUILDING C,JACKSONVILLE,FL,32207,904-739-6900,904-828-5599,SONYA,Accounting,BILLING@Excelfl.org,SONYA,LEMONS,SONYALEMONS@EXCELFL.ORG,,,,,,,http://www.thechurchgroup.com/index.php,FLORIDASALES,51,RANDY FRONTZ,0,(UNASSIGNED),DV,Duval County,N,,,(UnAssigned),NET 30,4/9/2026,3000,,,-173.5,-230.07,0,0,56.57,0,0,Best Way,Destination,P,N,85-8012795590C-1,0,Y,0,Y,P,5,0,Southside,N,Y,1,1,EXCEL CHURCH,3563 PHILLIPS HIGHWAY,BUILDING C,JACKSONVILLE,FL,32207,,,,,Use Item Price,i,I,,0,+,,,,,,Closed Mondays!!,,,,N,,0,,(UnAssigned),Y,N,,(UnAssigned),,,D,A,N,Y,N,,,0,0,0,0,0,0,M,SONYA,N,E,,N,Y,E,SONYA,E,,N,E,,,,4/26/2012 11:09:23 AM,RANDY,1/26/2018 10:43:29 AM,BRITTANY,N,10929
WORLD110,WORLD ELECTRIC SUPPLY,569 STUART LANE,,JACKSONVILLE,FL,32205,904-378-4000,,MARK,SMITH,mark.smith@worldelectricsupply.con,MARK,SMITH,mark.smith@worldelectricsupply.con,,,,,,,,FLORIDASALES,100,RANDY FRONTZ,0,(UNASSIGNED),DV,Duval County,N,,,(UnAssigned),NET 30,,0,,,0,0,0,0,0,0,0,Best Way,Destination,P,Y,,0,Y,0,Y,P,0,0,(UnAssigned),N,N,0,,,,,,,,,,,,Use Item Price,i,I,,0,+,,,,,,,,,,N,,0,,(UnAssigned),Y,N,,(UnAssigned),,,E,I,N,Y,N,,,0,0,0,0,0,0,P,,N,E,,N,N,E,,E,,N,E,,,,4/27/2012 10:18:51 AM,RANDY,3/21/2024 10:22:17 AM,NATE,N,10931
DURHA100,DURHAM BUILDING MATERIALS,5914 NORWOOD AVE.,,JACKSONVILLE,FL,32208,904-764-9541,,CHUCK,BARNHART SR.,nickc.durhambuilding@comcast.net,CHUCK,BARNHART SR.,nickc.durhambuilding@comcast.net,,,,,,,,FLORIDASALES,100,RANDY FRONTZ,0,(UNASSIGNED),DV,Duval County,N,,,(UnAssigned),NET 30,,0,,,0,0,0,0,0,0,0,Best Way,Destination,P,Y,,0,Y,0,Y,P,0,0,(UnAssigned),N,N,0,,,,,,,,,,,,Use Item Price,i,I,,0,+,,,,,,,,,,N,,0,,(UnAssigned),Y,N,,(UnAssigned),,,E,I,N,Y,N,,,0,0,0,0,0,0,P,,N,E,,N,N,E,,E,,N,E,,,,4/27/2012 11:27:55 AM,RANDY,9/11/2009 4:42:37 PM,CMS,N,10932
DURHA110,DURHAM BUILDING MATERIALS INC.,5914 NORWOOD AVE,,JACKSONVILLE,FL,32208,(904)764-9541,(904)766-0786,,,,,,,,,,,,,,FLORIDASALES,99,RANDY FRONTZ,0,(UNASSIGNED),DV,Duval County,N,,,(UnAssigned),NET 30,,0,,,0,0,0,0,0,0,0,Best Way,Destination,P,Y,,0,Y,0,Y,P,0,0,(UnAssigned),N,N,0,,,,,,,,,,,,Use Item Price,i,I,,0,+,,,,,,,,,,N,,0,,(UnAssigned),Y,N,,(UnAssigned),,,E,I,N,Y,N,,,0,0,0,0,0,0,P,,N,E,,N,N,E,,E,,N,E,,,,4/30/2012 3:28:24 PM,NEAL,5/29/2012 11:18:29 AM,NEAL,N,10933
PREMI110,PREMIER WATER & ENERGY TECH INC,11481 COLUMBIA PARK DRIVE WEST,,JACKSONVILLE,FL,32258,904-268-1152,904-268-6851,,,,,,,,,,,,,,FLORIDASALES,99,RANDY FRONTZ,0,(UNASSIGNED),DV,Duval County,N,,,(UnAssigned),NET 30,6/6/2013,0,,,0,0,0,0,0,0,0,Best Way,Destination,P,Y,,0,Y,0,Y,P,0,0,(UnAssigned),N,N,0,,,,,,,,,,,,Use Item Price,i,I,,0,+,,,,,,,,,,N,,0,,(UnAssigned),Y,N,,(UnAssigned),,,E,I,N,Y,N,,,0,0,0,0,0,0,P,,N,E,,N,N,E,,E,,N,E,,,,5/2/2012 9:52:48 AM,NEAL,6/3/2013 2:23:21 PM,JOHN,N,10934
STJOH120,ST. JOHNS COUNY PARKS & RECREATION,2172 MIZELL ROAD,,ST AUGUSTINE,FL,32080,904-209-0329,904-209-0321,JAYNE,DELANY,JDELANY@SJCFL.US,,,,,,,,,,,FLORIDASALES,92,Randy Frontz,0,(UNASSIGNED),DV,Duval County,N,,,(UnAssigned),NET 30,7/5/2012,5000,,,0,0,0,0,0,0,0,Best Way,Destination,P,N,85-8012740181C-7 *12,0,Y,0,Y,P,8,0,St Augustine,N,Y,2,1,ST JOHNS COUNTY PARK & RECREATION,860 W. 16TH STREET,,ST AUGUSTINE,FL,32080,,,,,Use Item Price,i,I,,0,+,,,,,,,,,,N,,0,,(UnAssigned),Y,N,,(UnAssigned),,,E,I,N,Y,N,,,0,0,0,0,0,0,M,JAYNE,N,E,,N,N,E,,E,,N,E,,,,5/2/2012 10:05:33 AM,JACKIE,5/17/2012 9:10:18 AM,JACKIE,N,10936
EGCON100,EG CONTROLS,11790 PHILIPS HWY,,JACKSONVILLE,FL,32256,904-292-0110,904-292-0118,BILL,RAY,BRAY@EGCONTROLS.COM,,,,,,,,,,,FLORIDASALES,100,RANDY FRONTZ,0,(UNASSIGNED),DV,Duval County,N,,,(UnAssigned),NET 30,6/14/2012,5000,,,0,0,0,0,0,0,0,Best Way,Destination,P,N,26-8012257981-5,0,Y,0,Y,P,5,0,Southside,N,N,0,,,,,,,,,,,,Use Item Price,i,I,,0,+,,,,,,,,,,N,,0,,(UnAssigned),Y,N,,(UnAssigned),,,E,I,N,Y,N,,,0,0,0,0,0,0,P,,N,E,,N,N,E,,E,,N,E,,,,5/3/2012 2:07:45 PM,NEAL,6/12/2012 10:47:06 AM,JACKIE,N,10938
ADVAN100,ADVANCED WHEEL SALES,1200 NORTH ELLIS ROAD #4,,JACKSONVILLE,FL,32254,904-693-6427,904-639-6428,ERIC,.,ebrooks@advancedwheelsales.com,,,,,,,,,,,FLORIDASALES,77,ROBIN FRONTZ-new,0,(UNASSIGNED),DV,Duval County,N,,,(UnAssigned),CREDIT CARD,11/1/2012,1000,,,0,0,0,0,0,0,0,Best Way,Destination,P,Y,,0,Y,0,Y,P,7,0,Westside,N,N,0,,,,,,,,,,,,Use Item Price,i,I,,0,+,,,,,,,,,,N,,0,,(UnAssigned),Y,N,,(UnAssigned),,,E,I,N,Y,N,,,0,0,0,0,0,0,M,ERIC,N,E,,N,N,E,,E,,N,E,,,,5/9/2012 12:34:28 PM,JACKIE,11/1/2012 2:50:42 PM,JACKIE,N,10939
CREAT100,CREATURE COMFORTS PET RESORT,5534 PARK STREET,,JACKSONVILLE,FL,32205,904-389-9008,904-384-4585,HOLLENE,WRIGHT,CCPETRESORT@NETZERO.COM,HOLLENE,WRIGHT,CCPETRESORT@NETZERO.COM,HOLLENE,WRIGHT,CCPETRESORT@NETZERO.COM,,,,,FLORIDASALES,24,Artie Hardie - Existing,0,(UNASSIGNED),DV,Duval County,N,,,(UnAssigned),NET 30,5/7/2025,0,,,0,0,0,0,0,0,0,Best Way,Destination,P,Y,,0,Y,0,Y,P,0,0,(UnAssigned),N,N,0,,,,,,,,,,,,Use Item Price,i,I,,0,+,,,,,,,,,,N,,0,,(UnAssigned),Y,N,,(UnAssigned),,,D,I,N,Y,N,,,0,0,0,0,0,0,P,,N,E,,N,N,E,,E,,N,E,,,,5/15/2012 10:54:55 AM,NEAL,12/5/2013 6:28:45 AM,RANDY,N,10940
HOSPI100,HOSPITALITY INN,7071 103RD STREET,,JACKSONVILLE,FL,32210,904-777-5700,904-777-2201,,,,,,,,,,,,,,FLORIDASALES,99,RANDY FRONTZ,0,(UNASSIGNED),DV,Duval County,N,,,(UnAssigned),NET 30,,0,,,0,0,0,0,0,0,0,Best Way,Destination,P,Y,,0,Y,0,Y,P,0,0,(UnAssigned),N,N,0,,,,,,,,,,,,Use Item Price,i,I,,0,+,,,,,,,,,,N,,0,,(UnAssigned),Y,N,,(UnAssigned),,,E,I,N,Y,N,,,0,0,0,0,0,0,P,,N,E,,N,N,E,,E,,N,E,,,,5/15/2012 11:26:33 AM,NEAL,5/16/2012 3:30:39 PM,NEAL,N,10941
VIVID100,"VIVID IMAGES USA, INC.",13671 GLENHAVE COURT,,JACKSONVILLE,FL,32224,904-620-0303,904-620-0021,DAN,TAPPER,DAN@VIVIDIMAGESUSA.COM,DAN,TAPPER,DAN@VIVIDIMAGESUSA.COM,DAN,TAPPER,DAN@VIVIDIMAGESUSA.COM,,,,,FLORIDASALES,100,RANDY FRONTZ,0,(UNASSIGNED),DV,Duval County,N,,,(UnAssigned),NET 30,8/21/2025,0,,,0,0,0,0,0,0,0,Best Way,Destination,P,Y,,0,Y,0,Y,P,0,0,(UnAssigned),N,N,0,,,,,,,,,,,,Use Item Price,i,I,,0,+,,,,,,,,,Y,N,,0,,(UnAssigned),Y,N,,(UnAssigned),,,D,A,N,Y,N,,,0,0,0,0,0,0,M,ACCOUNTS,N,E,,N,N,E,,E,,N,E,,,,5/15/2012 1:12:34 PM,NEAL,8/20/2025 8:11:36 AM,NATE,N,10942
SEACO100,SEACOAST SUPPLY,2919 DAWN RD,,JACKSONVILLE,FL,32207,904-731-2290,904-737-6524,CHARLES,CAREY,CCAREY@LWSUPPLY.COM,CHARLES,CAREY,CCAREY@LWSUPPLY.COM,CHARLES,CAREY,CCAREY@LWSUPPLY.COM,,,,,FLORIDASALES,100,RANDY FRONTZ,0,(UNASSIGNED),DV,Duval County,N,,,(UnAssigned),NET 30,9/28/2018,0,,,0,0,0,0,0,0,0,Best Way,Destination,P,Y,,0,Y,0,Y,P,0,0,(UnAssigned),N,N,0,,,,,,,,,,,,Use Item Price,i,I,,0,+,,,,,,,,,,N,,0,,(UnAssigned),Y,N,,(UnAssigned),,,E,I,N,Y,N,,,0,0,0,0,0,0,P,,N,E,,N,N,E,,E,,N,E,,,,5/16/2012 3:27:23 PM,NEAL,3/24/2021 2:14:27 PM,NATE,N,10944
LIFTP100,LIFTPOWER,5820 COMMONWEALTH AVE,,JACKSONVILLE,FL,32254,904-783-0250,904-781-4871,MICHAEL,DEAN,MDEAN@LIFTPOWER.COM,MICHAEL,DEAN,MDEAN@LIFTPOWER.COM,MICHAEL,DEAN,MDEAN@LIFTPOWER.COM,,,,,FLORIDASALES,100,RANDY FRONTZ,0,(UNASSIGNED),DV,Duval County,N,,,(UnAssigned),NET 30,,0,,,0,0,0,0,0,0,0,Best Way,Destination,P,Y,,0,Y,0,Y,P,0,0,(UnAssigned),N,N,0,,,,,,,,,,,,Use Item Price,i,I,,0,+,,,,,,,,,,N,,0,,(UnAssigned),Y,N,,(UnAssigned),,,E,I,N,Y,N,,,0,0,0,0,0,0,P,,N,E,,N,N,E,,E,,N,E,,,,5/16/2012 3:29:48 PM,NEAL,3/22/2013 11:14:51 AM,NEAL,N,10945
SURFA100,SURFACE PREP SUPPLY,600 EAST 8TH STREET,,JACKSONVILLE,FL,32206,904-355-0516,904-355-2022,,,,,,,,,,,,,,FLORIDASALES,100,RANDY FRONTZ,0,(UNASSIGNED),DV,Duval County,N,,,(UnAssigned),NET 30,10/16/2013,0,,,0,0,0,0,0,0,0,Best Way,Destination,P,Y,,0,Y,0,Y,P,0,0,(UnAssigned),N,N,0,,,,,,,,,,,,Use Item Price,i,I,,0,+,,,,,,,,,,N,,0,,(UnAssigned),Y,N,,(UnAssigned),,,E,I,N,Y,N,,,0,0,0,0,0,0,P,,N,E,,N,N,E,,E,,N,E,,,,5/16/2012 3:44:09 PM,NEAL,9/11/2009 4:42:37 PM,CMS,N,10946
BAILE100,BAILEY'S POWERHOUSE GYM,1418 ROMNEY ST,,JACKSONVILLE,FL,32211,904-744-9986,904-744-6998,ART,DRUHL,ARTDRUHL@BAILEYSGYM.COM,ART,DRUHL,ARTDRUHL@BAILEYSGYM.COM,,,,,,,,FLORIDASALES,51,RANDY FRONTZ,0,(UNASSIGNED),DV,Duval County,N,,,(UnAssigned),NET 30,,0,,,0,0,0,0,0,0,0,Best Way,Destination,P,Y,,0,Y,0,Y,P,0,0,(UnAssigned),N,N,0,,,,,,,,,,,,Use Item Price,i,I,,0,+,,,,,,,,,,N,,0,,(UnAssigned),Y,N,,(UnAssigned),,,E,I,N,Y,N,,,0,0,0,0,0,0,P,,N,E,,N,N,E,,E,,N,E,,,,5/18/2012 1:21:45 PM,NEAL,10/13/2014 4:44:55 PM,RANDY,N,10947
MOYER100,MOYER MARBLE & TILE CO.,7016 DAVIS CREEK RD,,JACKSONVILLE,FL,32256,904-260-7573,904-260-0771,MIKE,MAHORNEY,MMAHORNEY@MOYERCOMPANY.COM,,,,PAM,MOYER,PMOYER@MOYERCOMPANY.COM,,,,,FLORIDASALES,0,NONE,0,(UNASSIGNED),DV,Duval County,N,,,(UnAssigned),NET 30,3/20/2026,2000,,,192.32,115.39,0,0,76.93,0,0,Best Way,Destination,P,Y,,0,N,0,Y,P,5,0,Southside,N,N,0,,,,,,,,,,,,Use Item Price,i,I,,0,+,,,,,,,,,,N,,0,,(UnAssigned),Y,N,,(UnAssigned),,,D,A,N,Y,N,,,0,0,0,0,0,0,M,PAM,N,E,,N,N,E,,E,,N,E,,,,5/25/2012 10:24:08 AM,NEAL,7/17/2025 12:55:47 PM,JEFF,N,10948
STOTT100,STOTT BOLT & SUPPLY COMPANY,5538 HIGHWAY AVE.,,JACKSONVILLE,FL,32254,904-786-6160,,,,,,,,Mike,Ruttle,sales@stottbolt.com,,,,,FLORIDASALES,50,RANDY FRONTZ,0,(UNASSIGNED),DV,Duval County,N,,,(UnAssigned),NET 30,1/31/2025,0,,,167.49,0,0,0,0,0,167.49,Best Way,Destination,P,Y,,0,Y,0,Y,P,0,0,(UnAssigned),N,N,0,,,,,,,,,,,,Use Item Price,i,I,,0,+,,,,,,,,,,N,,0,,(UnAssigned),Y,N,,(UnAssigned),,,E,A,N,Y,N,,,0,0,0,0,0,0,M,ACCOUNTING,N,E,,N,N,E,,E,,N,E,,,,6/12/2012 1:48:46 PM,NEAL,9/27/2022 3:59:48 PM,JEFF,N,10951
MRENG100,M R ENGINE PARTS INC.,2445 HARPER ST,,JACKSONVILLE,FL,32203,904-356-9422,,,,,,,,,,,,,,,FLORIDASALES,10,Randy Frontz,0,(UNASSIGNED),DV,Duval County,N,,,(UnAssigned),NET 30,,0,,,0,0,0,0,0,0,0,Best Way,Destination,P,Y,,0,Y,0,Y,P,0,0,(UnAssigned),N,N,0,,,,,,,,,,,,Use Item Price,i,I,,0,+,,,,,,,,,,N,,0,,(UnAssigned),Y,N,,(UnAssigned),,,E,I,N,Y,N,,,0,0,0,0,0,0,P,,N,E,,N,N,E,,E,,N,E,,,,6/14/2012 9:22:25 AM,NEAL,9/11/2009 4:42:37 PM,CMS,N,10952
COAST110,COASTAL FILMS OF FLORIDA,P.O. Box 200235,,Pittsburgh,PA,15251-0235,904-786-2031,904-781-6451,Luann,Friede,luann.friede@sigmaplastics.com,Rodney,Black,rodney.black@sigmaplastics.com,Robert,Barlanti,robert.barlanti@sigmaplastics.com,,,,,FLORIDASALES,51,RANDY FRONTZ,0,(UNASSIGNED),DV,Duval County,N,,,(UnAssigned),NET 30,,0,,,0,0,0,0,0,0,0,Best Way,Destination,P,Y,,0,Y,0,Y,P,0,0,(UnAssigned),N,N,0,,,,,,,,,,,,30% Profit Margin,p30,P,,30,+,,,,,,,,,,N,,0,,(UnAssigned),Y,N,,(UnAssigned),,,E,I,N,Y,N,,,0,0,0,0,0,0,P,,N,E,,N,N,E,,E,,N,E,,,,6/25/2012 11:40:15 AM,RANDY,2/12/2024 12:39:28 PM,JEFF,N,10955
KWIKP100,KWIKPRINT,4868 VICTOR STREET,,JACKSONVILLE,FL,32207,904-737-3755,904-730-0349,,,,,,,,,,,,,,FLORIDASALES,24,Artie Hardie - Existing,0,(UNASSIGNED),DV,Duval County,N,,,(UnAssigned),NET 30,,0,,,0,0,0,0,0,0,0,Best Way,Destination,P,Y,,0,Y,0,Y,P,0,0,(UnAssigned),N,N,0,,,,,,,,,,,,Use Item Price,i,I,,0,+,,,,,,,,,,N,,0,,(UnAssigned),Y,N,,(UnAssigned),,,E,I,N,Y,N,,,0,0,0,0,0,0,P,,N,E,,N,N,E,,E,,N,E,,,,7/9/2012 11:50:31 AM,NEAL,12/5/2013 6:47:31 AM,RANDY,N,10957
SUNRI100,SUNRISE PRODUCE,2208 W. 21ST ST,,JACKSONVILLE,FL,32209,904-366-1368,904-366-1370,,,,,,,,,,,,,,FLORIDASALES,100,RANDY FRONTZ,0,(UNASSIGNED),DV,Duval County,N,,,(UnAssigned),NET 30,,0,,,0,0,0,0,0,0,0,Best Way,Destination,P,Y,,0,Y,0,Y,P,0,0,(UnAssigned),N,N,0,,,,,,,,,,,,Use Item Price,i,I,,0,+,,,,,,,,,,N,,0,,(UnAssigned),Y,N,,(UnAssigned),,,E,I,N,Y,N,,,0,0,0,0,0,0,P,,N,E,,N,N,E,,E,,N,E,,,,7/13/2012 8:44:47 AM,NEAL,9/11/2009 4:42:37 PM,CMS,N,10958
NATIO100,NATIONWIDE PARTS,6873 PHILLIPS INDUSTRIAL BLVD,,JACKSONVILLE,FL,32256,904-886-9991,904-680-5119,RACHEL,automotive,rachel.s@searchparts.com,,,,,,,,,,,FLORIDASALES,100,RANDY FRONTZ,0,(UNASSIGNED),DV,Duval County,N,,,(UnAssigned),CREDIT CARD,11/6/2015,500,,,0,0,0,0,0,0,0,Best Way,Destination,P,Y,,0,Y,0,Y,P,5,0,Southside,N,N,0,,,,,,,,,,,,Use Item Price,i,I,,0,+,,,,,,,,,,N,,0,,(UnAssigned),Y,N,,(UnAssigned),,,E,I,N,Y,N,,,0,0,0,0,0,0,P,PAULA,N,E,,N,N,E,,E,,N,E,,,,7/19/2012 2:37:20 PM,JACKIE,11/4/2015 8:19:28 AM,STEVE,N,10959
PEDIC100,PEDICRAFT,4134 ST AUGUSTINE RD,,JACKSONVILLE,FL,32207,904-396-9627,904-348-3171,,,,,,,,,,,,,,FLORIDASALES,51,RANDY FRONTZ,0,(UNASSIGNED),DV,Duval County,N,,,(UnAssigned),NET 30,,0,,,0,0,0,0,0,0,0,Best Way,Destination,P,Y,,0,Y,0,Y,P,0,0,(UnAssigned),N,N,0,,,,,,,,,,,,Use Item Price,i,I,,0,+,,,,,,,,,,N,,0,,(UnAssigned),Y,N,,(UnAssigned),,,E,I,N,Y,N,,,0,0,0,0,0,0,P,,N,E,,N,N,E,,E,,N,E,,,,7/23/2012 11:29:28 AM,NEAL,10/14/2014 9:26:45 AM,RANDY,N,10960
BENNE100,BENNER CHINA & GLASSWARE OF FLORIDA,5329 POWERS AVE,,JACKSONVILLE,FL,32207,904-733-4620,904-733-4622,KEITH,FORET,,KEITH,FORET,,,,,,,,,FLORIDASALES,24,Artie Hardie - Existing,0,(UNASSIGNED),DV,Duval County,N,,,(UnAssigned),NET 30,,0,,,0,0,0,0,0,0,0,Best Way,Destination,P,Y,,0,Y,0,Y,P,0,0,(UnAssigned),N,N,0,,,,,,,,,,,,Use Item Price,i,I,,0,+,,,,,,,,,,N,,0,,(UnAssigned),Y,N,,(UnAssigned),,,E,I,N,Y,N,,,0,0,0,0,0,0,P,,N,E,,N,N,E,,E,,N,E,,,,7/24/2012 11:37:58 AM,NEAL,12/5/2013 6:48:16 AM,RANDY,N,10961
NATIO110,NATIONAL DISTRIBUTING COMPANY,9423 NORTH MAIN STREET,,JACKSONVILLE,FL,32218,904-714-7200,,,,,,,,,,,,,,,FLORIDASALES,100,RANDY FRONTZ,0,(UNASSIGNED),DV,Duval County,N,,,(UnAssigned),NET 30,,0,,,0,0,0,0,0,0,0,Best Way,Destination,P,Y,,0,Y,0,Y,P,0,0,(UnAssigned),N,N,0,,,,,,,,,,,,Use Item Price,i,I,,0,+,,,,,,,,,,N,,0,,(UnAssigned),Y,N,,(UnAssigned),,,E,I,N,Y,N,,,0,0,0,0,0,0,P,,N,E,,N,N,E,,E,,N,E,,,,7/26/2012 10:39:22 AM,NEAL,9/11/2009 4:42:37 PM,CMS,N,10962
PENSE100,PENSER SC,11001 PRITCHARD RD,,JACKSONVILLE,FL,32219,904-345-3942,,,,,,,,,,,,,,,FLORIDASALES,100,RANDY FRONTZ,0,(UNASSIGNED),DV,Duval County,N,,,(UnAssigned),NET 30,,0,,,0,0,0,0,0,0,0,Best Way,Destination,P,Y,,0,Y,0,Y,P,0,0,(UnAssigned),N,N,0,,,,,,,,,,,,Use Item Price,i,I,,0,+,,,,,,,,,,N,,0,,(UnAssigned),Y,N,,(UnAssigned),,,E,I,N,Y,N,,,0,0,0,0,0,0,P,,N,E,,N,N,E,,E,,N,E,,,,7/26/2012 10:42:16 AM,NEAL,7/26/2012 10:42:44 AM,NEAL,N,10963
FLORI130,FLORIDA CUSTOM MARBLE,4566 ST AUGUSTINE RD,,JACKSONVILLE,FL,32207,904-737-4513,,,,,,,,,,,,,,,FLORIDASALES,24,Artie Hardie - Existing,0,(UNASSIGNED),DV,Duval County,N,,,(UnAssigned),NET 30,9/17/2014,0,,,0,0,0,0,0,0,0,Best Way,Destination,P,Y,,0,Y,0,Y,P,0,0,(UnAssigned),N,N,0,,,,,,,,,,,,Use Item Price,i,I,,0,+,,,,,,,,,,N,,0,,(UnAssigned),Y,N,,(UnAssigned),,,E,I,N,Y,N,,,0,0,0,0,0,0,P,,N,E,,N,N,E,,E,,N,E,,,,7/31/2012 10:17:04 AM,NEAL,10/8/2014 11:18:50 AM,JOHN,N,10964
SOUTH130,SOUTHSIDE UNITED METHODIST CHURCH,3120 HENDRICKS AVE,,JACKSONVILLE,FL,32207,904-396-2676,904-396-2679,,,,TONY,CHAFIN,T.CHAFIN@SOUTHSIDEMETHODIST.ORG,,,,,,,,FLORIDASALES,100,RANDY FRONTZ,0,(UNASSIGNED),DV,Duval County,N,,,(UnAssigned),NET 30,,0,,,0,0,0,0,0,0,0,Best Way,Destination,P,Y,,0,Y,0,Y,P,0,0,(UnAssigned),N,N,0,,,,,,,,,,,,Use Item Price,i,I,,0,+,,,,,,,,,,N,,0,,(UnAssigned),Y,N,,(UnAssigned),,,E,I,N,Y,N,,,0,0,0,0,0,0,P,,N,E,,N,N,E,,E,,N,E,,,,7/31/2012 2:17:32 PM,NEAL,8/20/2012 1:35:09 PM,NEAL,N,10965
PAKSK100,PAKS KARATE,1840 BLANDING BLVD.,,JACKSONVILLE,FL,32210,904-384-1111,,MR,PAK,,MR,PAK,,MR,PAK,,,,,,FLORIDASALES,10,Randy Frontz,0,(UNASSIGNED),DV,Duval County,N,,,(UnAssigned),NET 30,7/12/2022,0,,,67.96,0,0,0,0,0,67.96,Best Way,Destination,P,Y,,0,Y,0,Y,P,0,0,(UnAssigned),N,N,0,,,,,,,,,,,,Use Item Price,i,I,,0,+,,,,,,,,,,N,,0,,(UnAssigned),Y,N,,(UnAssigned),,,E,I,N,Y,N,,,0,0,0,0,0,0,P,,N,E,,N,N,E,,E,,N,E,,,,8/2/2012 10:00:39 AM,RANDY,3/26/2018 8:30:23 AM,RANDY,N,10966
PATSL100,PAT'S LIQUOR,,,,,,,,,,,,,,,,,,,,,FLORIDASALES,62,JOHN CANNON - EXIST,0,(UNASSIGNED),DV,Duval County,N,,,(UnAssigned),NET 30,,0,,,0,0,0,0,0,0,0,Best Way,Destination,P,Y,,0,Y,0,Y,P,0,0,(UnAssigned),N,N,0,,,,,,,,,,,,Use Item Price,i,I,,0,+,,,,,,,,,,N,,0,,(UnAssigned),Y,N,,(UnAssigned),,,E,I,N,Y,N,,,0,0,0,0,0,0,P,,N,E,,N,N,E,,E,,N,E,,,,8/9/2012 9:04:42 AM,NEAL,1/6/2014 9:08:05 AM,RANDY,N,10968
THIST100,THIS THAT AND THEN SOME,1807 SPRINKLE DRIVE,,JACKSONVILLE,FL,32211,904-536-5701,,,,,,,,,,,,,,,FLORIDASALES,10,Randy Frontz,0,(UNASSIGNED),DV,Duval County,N,,,(UnAssigned),CREDIT CARD,4/10/2013,200,,,0,0,0,0,0,0,0,CUSTOMER PICKUP,Destination,P,Y,,0,Y,0,Y,P,17,0,Customer Pickup,Y,N,0,,,,,,,,,,,,Use Item Price,i,I,,0,+,,,,,,,,,,N,,0,,(UnAssigned),N,N,,(UnAssigned),,,E,I,N,Y,N,,,0,0,0,0,0,0,P,,N,E,,N,N,E,,E,,N,E,,,,8/21/2012 9:41:05 AM,JACKIE,3/12/2013 10:42:13 AM,JACKIE,N,10970
AANNU100,AANNUNCIATION CATHOLIC SCHOOL,1610 BLANDING BLVD,,JACKSONVILLE,FL,32206,904-282-0504,904-282-6808,,,,,,,,,,,,,,FLORIDASALES,100,RANDY FRONTZ,0,(UNASSIGNED),DV,Duval County,N,,,(UnAssigned),NET 30,,0,,,0,0,0,0,0,0,0,Best Way,Destination,P,Y,,0,Y,0,Y,P,0,0,(UnAssigned),N,N,0,,,,,,,,,,,,Use Item Price,i,I,,0,+,,,,,,,,,,N,,0,,(UnAssigned),Y,N,,(UnAssigned),,,E,I,N,Y,N,,,0,0,0,0,0,0,P,,N,E,,N,N,E,,E,,N,E,,,,8/28/2012 9:13:57 AM,NEAL,9/11/2009 4:42:37 PM,CMS,N,10974
MORAL100,"MORALE, WELFARE & RECREATION (MWR)",NAVAL AIR STATION JACKSONVILLE,BOX 14 BLDG 1,JACKSONVILLE,FL,32212,904-542-3123 or 904-509-6579,904-542-8861,,,,MARGARET,BAKER,margaret.baker1@navy.mil,,,,,,,,FLORIDASALES,46,Michael Farah-direct,0,(UNASSIGNED),DV,Duval County,N,,,(UnAssigned),NET 30,8/5/2013,0,,,0,0,0,0,0,0,0,Best Way,Destination,P,N,,0,Y,0,Y,P,7,0,Westside,N,N,0,,,,,,,,,,,,Use Item Price,i,I,,0,+,,,,,,,,,,N,,0,,(UnAssigned),N,N,,(UnAssigned),,,E,I,N,Y,N,,,0,0,0,0,0,0,P,,N,E,,N,N,E,,E,,N,E,,,,8/31/2012 12:12:50 PM,RANDY,7/29/2013 12:45:47 PM,LILA,N,10975
ENDUR100,ENDURIS,7167 OLD KINGS RD,,JACKSONVILLE,FL,32219,904-421-3309,904-421-3308,KEVIN,RUNNINGER,KRUNNINGER@ENDURIS.COM,KEVIN,RUNNINGER,KRUNNINGER@ENDURIS.COM,KEVIN,RUNNINGER,KRUNNINGER@ENDURIS.COM,,,,,FLORIDASALES,100,RANDY FRONTZ,0,(UNASSIGNED),DV,Duval County,N,,,(UnAssigned),NET 30,,0,,,0,0,0,0,0,0,0,Best Way,Destination,P,Y,,0,Y,0,Y,P,0,0,(UnAssigned),N,N,0,,,,,,,,,,,,Use Item Price,i,I,,0,+,,,,,,,,,,N,,0,,(UnAssigned),Y,N,,(UnAssigned),,,E,I,N,Y,N,,,0,0,0,0,0,0,P,,N,E,,N,N,E,,E,,N,E,,,,9/5/2012 2:04:27 PM,NEAL,9/11/2009 4:42:37 PM,CMS,N,10977
SOUTH140,SOUTHERN WHEEL & RIM,1044 NORTH LANE AVE.,,JACKSONVILLE,FL,32254,904-786-7542,904-786-1442,MIKE,ROHN,MIKEROHN@GCRTIRES.COM,MIKE,ROHN,MIKEROHN@GCRTIRES.COM,MIKE,ROHN,MIKEROHN@GCRTIRES.COM,,,,,FLORIDASALES,100,RANDY FRONTZ,0,(UNASSIGNED),DV,Duval County,N,,,(UnAssigned),NET 30,,0,,,0,0,0,0,0,0,0,Best Way,Destination,P,Y,,0,Y,0,Y,P,0,0,(UnAssigned),N,N,0,,,,,,,,,,,,Use Item Price,i,I,,0,+,,,,,,,,,,N,,0,,(UnAssigned),Y,N,,(UnAssigned),,,E,I,N,Y,N,,,0,0,0,0,0,0,P,,N,E,,N,N,E,,E,,N,E,,,,9/5/2012 2:07:16 PM,NEAL,9/11/2009 4:42:37 PM,CMS,N,10978
MIMIS100,MIMI'S OLD FASHION CLEANING,10355 MACON RD,,JACKSONVILLE,FL,32219,904-304-6687,,MIKE & CHERYL,ROHN,MIMISCLEANING@YMAIL.COM,MIKE & CHERYL,ROHN,MIMISCLEANING@YMAIL.COM,MIKE & CHERYL,ROHN,MIMISCLEANING@YMAIL.COM,,,,,FLORIDASALES,100,RANDY FRONTZ,0,(UNASSIGNED),DV,Duval County,N,,,(UnAssigned),NET 30,,0,,,0,0,0,0,0,0,0,Best Way,Destination,P,Y,,0,Y,0,Y,P,0,0,(UnAssigned),N,N,0,,,,,,,,,,,,Use Item Price,i,I,,0,+,,,,,,,,,,N,,0,,(UnAssigned),Y,N,,(UnAssigned),,,E,I,N,Y,N,,,0,0,0,0,0,0,P,,N,E,,N,N,E,,E,,N,E,,,,9/5/2012 2:10:04 PM,NEAL,9/11/2009 4:42:37 PM,CMS,N,10979
KEITH100,KEITH PIERSON TOYOTA,6501 YOUNGERMAN CIRCLE,,JACKSONVILLE,FL,32244,904-771-9172,,,,,,,,,,,,,,,FLORIDASALES,100,RANDY FRONTZ,0,(UNASSIGNED),DV,Duval County,N,,,(UnAssigned),NET 30,,0,,,0,0,0,0,0,0,0,Best Way,Destination,P,Y,,0,Y,0,Y,P,0,0,(UnAssigned),N,N,0,,,,,,,,,,,,Use Item Price,i,I,,0,+,,,,,,,,,,N,,0,,(UnAssigned),Y,N,,(UnAssigned),,,E,I,N,Y,N,,,0,0,0,0,0,0,P,,N,E,,N,N,E,,E,,N,E,,,,9/13/2012 8:30:55 AM,NEAL,9/11/2009 4:42:37 PM,CMS,N,10982
KAPLA100,KAPLAN COLLEGE,7450 BEACH BLVD,,JACKSONVILLE,FL,32216,904-855-2400,,,,,,,,,,,,,,,FLORIDASALES,100,RANDY FRONTZ,0,(UNASSIGNED),DV,Duval County,N,,,(UnAssigned),NET 30,,0,,,0,0,0,0,0,0,0,Best Way,Destination,P,Y,,0,Y,0,Y,P,0,0,(UnAssigned),N,N,0,,,,,,,,,,,,Use Item Price,i,I,,0,+,,,,,,,,,,N,,0,,(UnAssigned),Y,N,,(UnAssigned),,,E,I,N,Y,N,,,0,0,0,0,0,0,P,,N,E,,N,N,E,,E,,N,E,,,,9/13/2012 8:57:46 AM,NEAL,9/11/2009 4:42:37 PM,CMS,N,10985
UNDER100,UNDER PRESSURE,7142 BEACH BLVD,,JACKSONVILLE,FL,32216,904-721-1410,,,,,,,,,,,,,,,FLORIDASALES,100,RANDY FRONTZ,0,(UNASSIGNED),DV,Duval County,N,,,(UnAssigned),NET 30,,0,,,0,0,0,0,0,0,0,Best Way,Destination,P,Y,,0,Y,0,Y,P,0,0,(UnAssigned),N,N,0,,,,,,,,,,,,Use Item Price,i,I,,0,+,,,,,,,,,,N,,0,,(UnAssigned),Y,N,,(UnAssigned),,,E,I,N,Y,N,,,0,0,0,0,0,0,P,,N,E,,N,N,E,,E,,N,E,,,,9/13/2012 8:59:28 AM,NEAL,9/13/2012 8:59:37 AM,NEAL,N,10986
FLORI140,FLORIDA INDUSTRIAL BATTERY,2725 W. BEAVER STREET,,JACKSONVILLE,FL,32254,904-384-2338,,,,,,,,,,,,,,,FLORIDASALES,100,RANDY FRONTZ,0,(UNASSIGNED),DV,Duval County,N,,,(UnAssigned),NET 30,,0,,,0,0,0,0,0,0,0,Best Way,Destination,P,Y,,0,Y,0,Y,P,0,0,(UnAssigned),N,N,0,,,,,,,,,,,,Use Item Price,i,I,,0,+,,,,,,,,,,N,,0,,(UnAssigned),Y,N,,(UnAssigned),,,E,I,N,Y,N,,,0,0,0,0,0,0,P,,N,E,,N,N,E,,E,,N,E,,,,9/13/2012 9:02:18 AM,NEAL,9/11/2009 4:42:37 PM,CMS,N,10987
CHRIS110,CHRISTIAN FAMILY CHAPEL,10365 OLD ST AUGUSTINE RD,,JACKSONVILLE,FL,32257,904-262-3000,,,,,,,,,,,,,,,FLORIDASALES,100,RANDY FRONTZ,0,(UNASSIGNED),DV,Duval County,N,,,(UnAssigned),NET 30,,0,,,0,0,0,0,0,0,0,Best Way,Destination,P,Y,,0,Y,0,Y,P,0,0,(UnAssigned),N,N,0,,,,,,,,,,,,Use Item Price,i,I,,0,+,,,,,,,,,,N,,0,,(UnAssigned),Y,N,,(UnAssigned),,,E,I,N,Y,N,,,0,0,0,0,0,0,P,,N,E,,N,N,E,,E,,N,E,,,,9/13/2012 10:00:33 AM,NEAL,9/11/2009 4:42:37 PM,CMS,N,10988
JACKS150,JACKSONVILLE INDUSTRIAL SUPPLY,351 HECKSHER DRIVE,,JACKSONVILLE,FL,32226,904-757-3232,,,,,,,,,,,,,,,FLORIDASALES,100,RANDY FRONTZ,0,(UNASSIGNED),DV,Duval County,N,,,(UnAssigned),NET 30,,0,,,0,0,0,0,0,0,0,Best Way,Destination,P,Y,,0,Y,0,Y,P,0,0,(UnAssigned),N,N,0,,,,,,,,,,,,Use Item Price,i,I,,0,+,,,,,,,,,,N,,0,,(UnAssigned),Y,N,,(UnAssigned),,,E,I,N,Y,N,,,0,0,0,0,0,0,P,,N,E,,N,N,E,,E,,N,E,,,,9/13/2012 10:04:13 AM,NEAL,9/11/2009 4:42:37 PM,CMS,N,10990
VICTO100,VICTORY CHRISTIAN ACADEMY,10613 LEM TURNER RD,,JACKSONVILLE,FL,32218,904-764-7781,,,,,,,,,,,,,,,FLORIDASALES,100,RANDY FRONTZ,0,(UNASSIGNED),DV,Duval County,N,,,(UnAssigned),NET 30,,0,,,0,0,0,0,0,0,0,Best Way,Destination,P,Y,,0,Y,0,Y,P,0,0,(UnAssigned),N,N,0,,,,,,,,,,,,Use Item Price,i,I,,0,+,,,,,,,,,,N,,0,,(UnAssigned),Y,N,,(UnAssigned),,,E,I,N,Y,N,,,0,0,0,0,0,0,P,,N,E,,N,N,E,,E,,N,E,,,,9/13/2012 10:05:44 AM,NEAL,9/11/2009 4:42:37 PM,CMS,N,10991
CYPRE100,CYPRESS TRUCK LINES,1414 LINDROSE STREET,,JACKSONVILLE,FL,32206,904-356-9322,,,,,,,,,,,,,,,FLORIDASALES,59,RONNIE BURKE,0,(UNASSIGNED),DV,Duval County,N,,,(UnAssigned),NET 30,,0,,,0,0,0,0,0,0,0,Best Way,Destination,P,Y,,0,Y,0,Y,P,0,0,(UnAssigned),N,N,0,,,,,,,,,,,,Use Item Price,i,I,,0,+,,,,,,,,,,N,,0,,(UnAssigned),Y,N,,(UnAssigned),,,E,I,N,Y,N,,,0,0,0,0,0,0,P,,N,E,,N,N,E,,E,,N,E,,,,9/13/2012 10:07:24 AM,NEAL,5/24/2017 8:39:20 AM,RANDY,N,10992
JONES100,JONES CHEMICAL,1433 TALLYRAND AVE,,JACKSONVILLE,FL,32206,904-355-0779,,,,,,,,,,,,,,,FLORIDASALES,10,Randy Frontz,0,(UNASSIGNED),DV,Duval County,N,,,(UnAssigned),NET 30,,0,,,0,0,0,0,0,0,0,Best Way,Destination,P,Y,,0,Y,0,Y,P,0,0,(UnAssigned),N,N,0,,,,,,,,,,,,Use Item Price,i,I,,0,+,,,,,,,,,,N,,0,,(UnAssigned),Y,N,,(UnAssigned),,,E,I,N,Y,N,,,0,0,0,0,0,0,P,,N,E,,N,N,E,,E,,N,E,,,,9/13/2012 10:11:18 AM,NEAL,11/20/2017 8:57:41 AM,RANDY,N,10993
IKONO100,IKON OFFICE SOLUTIONS,1 INDEPENDENT DR #B1,,JACKSONVILLE,FL,32202,904-356-4980,904-355-5161,,,,,,,,,,,,,,FLORIDASALES,100,RANDY FRONTZ,0,(UNASSIGNED),DV,Duval County,N,,,(UnAssigned),NET 30,,0,,,0,0,0,0,0,0,0,Best Way,Destination,P,Y,,0,Y,0,Y,P,0,0,(UnAssigned),N,N,0,,,,,,,,,,,,Use Item Price,i,I,,0,+,,,,,,,,,,N,,0,,(UnAssigned),Y,N,,(UnAssigned),,,E,I,N,Y,N,,,0,0,0,0,0,0,P,,N,E,,N,N,E,,E,,N,E,,,,9/13/2012 10:57:29 AM,NEAL,9/11/2009 4:42:37 PM,CMS,N,10995
GREEN100,GREENFIELD ELEMENTARY SCHOOLS,6343 KNIGHTS LANE NORTH,,JACKSONVILLE,FL,32216,904-739-5346,,,,,,,,,,,,,,,FLORIDASALES,10,Randy Frontz,0,(UNASSIGNED),DV,Duval County,N,,,(UnAssigned),NET 30,9/20/2012,0,,,0,0,0,0,0,0,0,Best Way,Destination,P,N,,0,Y,0,Y,P,5,0,Southside,N,N,0,,,,,,,,,,,,Use Item Price,i,I,,0,+,,,,,,,,,,N,,0,,(UnAssigned),N,N,,(UnAssigned),,,E,I,N,Y,N,,,0,0,0,0,0,0,P,,N,E,,N,N,E,,E,,N,E,,,,9/18/2012 10:43:09 AM,JACKIE,9/11/2009 4:42:37 PM,CMS,N,10996
JACKS160,JACKSONVILLE SPECIALTY ADVG,2727 ATLANTIC BLVD,,JACKSONVILLE,FL,32207,904-398-7072,904-398-8607,,,,,,,,,,,,,,FLORIDASALES,100,RANDY FRONTZ,0,(UNASSIGNED),DV,Duval County,N,,,(UnAssigned),NET 30,,0,,,0,0,0,0,0,0,0,Best Way,Destination,P,Y,,0,Y,0,Y,P,0,0,(UnAssigned),N,N,0,,,,,,,,,,,,Use Item Price,i,I,,0,+,,,,,,,,,,N,,0,,(UnAssigned),Y,N,,(UnAssigned),,,E,I,N,Y,N,,,0,0,0,0,0,0,P,,N,E,,N,N,E,,E,,N,E,,,,9/19/2012 11:16:30 AM,NEAL,9/11/2009 4:42:37 PM,CMS,N,10997
CDICO100,CDI CORP(M&T COMPANY),13557 LAKE NEWMAN ST,,JACKSONVILLE,FL,32221,904-778-2103,,JULIA,RIDDLE,JULIA.RIDDLE@CDICORP.COM,JULIA,RIDDLE,JULIA.RIDDLE@CDICORP.COM,,,,,,,,FLORIDASALES,100,RANDY FRONTZ,0,(UNASSIGNED),DV,Duval County,N,,,(UnAssigned),NET 30,,0,,,0,0,0,0,0,0,0,Best Way,Destination,P,Y,,0,Y,0,Y,P,0,0,(UnAssigned),N,N,0,,,,,,,,,,,,Use Item Price,i,I,,0,+,,,,,,,,,,N,,0,,(UnAssigned),Y,N,,(UnAssigned),,,E,I,N,Y,N,,,0,0,0,0,0,0,P,,N,E,,N,N,E,,E,,N,E,,,,9/19/2012 11:19:46 AM,NEAL,3/22/2013 11:24:13 AM,NEAL,N,10999
ANGIE100,ANGIE'S SUBS,1436 BEACH BLVD,,JACKSONVILLE,FL,32250,904-246-2519,,ASHLEY,LOCKERMAN,ASHLEY.LOCKERMAN@GMAIL.COM,,,,,,,,,,,FLORIDASALES,100,RANDY FRONTZ,0,(UNASSIGNED),DV,Duval County,N,,,(UnAssigned),NET 30,7/12/2013,0,,,0,0,0,0,0,0,0,Best Way,Destination,P,Y,,0,Y,0,Y,P,0,0,(UnAssigned),Y,N,0,,,,,,,,,,,,Use Item Price,i,I,,0,+,,,,,,,,,,N,,0,,(UnAssigned),Y,N,,(UnAssigned),,,E,I,N,Y,N,,,0,0,0,0,0,0,M,CATIE,N,E,,N,N,E,,E,,N,E,,,,10/2/2012 9:18:46 AM,NEAL,1/10/2013 9:09:26 AM,JACKIE,N,11000
GREGO100,GREGORY DRIVE ELEMENTARY SCHOOL,7800 GREGORY DRIVE,,JACKSONVILLE,FL,32210,904-573-1190,904-573-3218,FAYE,HOGG,HOGGF@DUVALSCHOOLS.ORG,FAYE,HOGG,HOGGF@DUVALSCHOOLS.ORG,FAYE,HOGG,HOGGF@DUVALSCHOOLS.ORG,,,,,FLORIDASALES,100,RANDY FRONTZ,0,(UNASSIGNED),DV,Duval County,N,,,(UnAssigned),CREDIT CARD,2/25/2013,0,,,0,0,0,0,0,0,0,Best Way,Destination,P,N,85-8013988912C-0 *13,0,Y,0,Y,P,0,0,(UnAssigned),N,N,0,,,,,,,,,,,,Use Item Price,i,I,,0,+,,,,,,,,,,N,,0,,(UnAssigned),N,N,,(UnAssigned),,,E,I,N,Y,N,,,0,0,0,0,0,0,P,,N,E,,N,N,E,,E,,N,E,,,,10/5/2012 11:59:25 AM,JACKIE,2/25/2013 1:53:30 PM,JOHN,N,11001
COLEM100,COLEMAN MUSIC & ENTERTAINMENT,1015 HAINES ST.,,JACKSONVILLE,FL,32206,904-598-8477,904-598-8478,SUSAN,HAAS,shaas@colemanmusicandentertainment.com,CANDIE,ROSAS,CROSAS@COLEMANMUSICANDENTERTAINMENT.COM,SUSAN,HAAS,shaas@colemanmusicandentertainment.com,,,,,FLORIDASALES,100,RANDY FRONTZ,0,(UNASSIGNED),DV,Duval County,N,,,(UnAssigned),NET 30,11/7/2023,0,,,0,0,0,0,0,0,0,Best Way,Destination,P,N,20-8013957016-8 *16,0,Y,0,Y,P,0,0,(UnAssigned),N,N,0,,,,,,,,,,,,Use Item Price,i,I,,0,+,,,,,,,,,,N,,0,,(UnAssigned),Y,N,,(UnAssigned),,,E,A,N,Y,N,,,0,0,0,0,0,0,M,SUSAN,N,E,,N,N,E,,E,,N,E,,,,10/11/2012 9:34:44 AM,NEAL,6/21/2017 10:29:22 AM,DAVID,N,11002
CONSE100,CONSER MOVING & STORAGE OF,JACKSONVILLE LLC,8451 WESTERN WAY,JACKSONVILLE,FL,32256,904-786-0242,904-783-6205,Amanda,A/P,,,,,Amanda,A/P,,,,,,FLORIDASALES,45,Michael Farah,0,(UNASSIGNED),DV,Duval County,N,,,(UnAssigned),NET 30,8/20/2014,2000,,,0,0,0,0,0,0,0,Best Way,Destination,P,Y,,0,Y,0,Y,P,7,0,Westside,N,Y,2,1,CONSER MOVING & STORAGE OF,8451 WESTERN WAY,,JACKSONVILLE,FL,32256,,,,,Use Item Price,i,I,,0,+,,,,,,,,,,N,,0,,(UnAssigned),Y,N,,(UnAssigned),,,E,I,N,Y,N,,,0,0,0,0,0,0,M,t,N,E,,N,N,E,,E,,N,E,,,,11/2/2012 9:35:52 AM,JACKIE,4/4/2017 1:22:16 PM,DAVID,N,11003
S&PUS100,S&P USA VENTILATION SYSTEMS L.L.C,6393 POWERS AVENUE,,JACKSONVILLE,FL,32217,904-731-4711,904-730-0753,BECKY,CHAMBERS,bchambers@solerpalau-usa.com,,,,,,,,,,,FLORIDASALES,99,RANDY FRONTZ,0,(UNASSIGNED),DV,Duval County,N,,,(UnAssigned),NET 30,,1000,,,0,0,0,0,0,0,0,Best Way,Destination,P,Y,,0,Y,0,Y,P,5,0,Southside,N,N,0,,,,,,,,,,,,Use Item Price,i,I,,0,+,,,,,,,,,,N,,0,,(UnAssigned),Y,N,,(UnAssigned),,,E,I,N,Y,N,,,0,0,0,0,0,0,P,,N,E,,N,N,E,,E,,N,E,,,,11/9/2012 8:41:31 AM,JACKIE,11/9/2012 8:43:25 AM,JACKIE,N,11006
AMSAN100,INTERLINE BRANDS/AMSAN,P.O. BOX 2317,,JACKSONVILLE,FL,32203-2317,904-421-1400,904-,BRIAN,SEYMOUR,BRIAN.SEYMOUR@AMSAN.COM,,,,,,,,,,,FLORIDASALES,10,Randy Frontz,0,(UNASSIGNED),DV,Duval County,N,,,(UnAssigned),CREDIT CARD,12/6/2012,2000,,,0,0,0,0,0,0,0,Best Way,Destination,P,N,80-8013369557-5,0,Y,0,Y,P,1,0,Downtown,N,Y,1,1,AMSAN,801 WEST BAY STREET,,JACKSONVILLE,FL,32204,,,,,Use Item Price,i,I,,0,+,,,,,,,,,,N,,0,,(UnAssigned),N,N,,(UnAssigned),,,E,I,N,Y,N,,,0,0,0,0,0,0,P,,N,E,,N,N,E,,E,,N,E,,,,11/9/2012 11:30:45 AM,JACKIE,11/12/2012 5:00:31 PM,JACKIE,N,11007
ANGIE110,ANGIE'S GROM,204 3RD AVENUE SOUTH,,JACKSONVILLE BEACH,FL,32250,904-241-3663,,KELLY,.,,,,,,,,,,,,FLORIDASALES,100,RANDY FRONTZ,0,(UNASSIGNED),DV,Duval County,N,,,(UnAssigned),NET 30,1/4/2013,2000,,,0,0,0,0,0,0,0,Best Way,Destination,P,Y,,0,Y,0,Y,P,3,0,Beaches,Y,N,0,,,,,,,,,,,,Use Item Price,i,I,,0,+,,,,,,,,,,N,,0,,(UnAssigned),Y,N,,(UnAssigned),,,E,I,N,Y,N,,,0,0,0,0,0,0,P,,N,E,,N,N,E,,E,,N,E,,,,11/12/2012 4:10:31 PM,JACKIE,1/4/2013 11:39:52 AM,JACKIE,N,11008
EASTS100,EASTSIDE VAN AND STORAGE,4836 SOUTHEAST POWELL BLVD,,PORTLAND,OR,97206,1-503-777-4181,,CLIFF,YOUNGSTROM,CLIFF@MOVE-NORTHWEST.COM,,,,,,,,,,,FLORIDASALES,46,Michael Farah-direct,0,(UNASSIGNED),DV,Duval County,N,,,(UnAssigned),NET 30,1/14/2013,5000,,,0,0,0,0,0,0,0,Best Way,Destination,P,Y,,0,Y,0,Y,P,15,0,Drop Ship,N,N,0,,,,,,,,,,,,Use Item Price,i,I,,0,+,,,,,,,,,,N,,0,,(UnAssigned),Y,N,,(UnAssigned),,,E,I,N,Y,N,,,0,0,0,0,0,0,P,,N,E,,N,N,E,,E,,N,E,,,,12/19/2012 1:09:58 PM,JACKIE,12/19/2012 3:44:35 PM,JACKIE,N,11014
EPPER100,EPPERSON & CO.,8180 NORMANDY BLVD,,JACKSONVILLE,FL,32210,,,,,,,,,,,,,,,,FLORIDASALES,10,Randy Frontz,0,(UNASSIGNED),DV,Duval County,N,,,(UnAssigned),NET 30,10/14/2021,0,,,0,0,0,0,0,0,0,Best Way,Destination,P,Y,,0,Y,0,Y,P,0,0,(UnAssigned),N,N,0,,,,,,,,,,,,Use Item Price,i,I,,0,+,,,,,,,,,,N,,0,,(UnAssigned),Y,N,,(UnAssigned),,,E,I,N,Y,N,,,0,0,0,0,0,0,P,,N,E,,N,N,E,,E,,N,E,,,,12/21/2012 9:12:25 AM,NEAL,9/11/2009 4:42:37 PM,CMS,N,11015
ACGRI100,AC GRIFFIN & SON,56340 GRIFFIN FARM ROAD,,CALLAHAN,FL,32011,904-879-3115,,LARRY,(AC GRIFFIN),,MATT,GRIFFIN,,MATT,GRIFFIN,,,,,,FLORIDASALES,62,JOHN CANNON - EXIST,0,(UNASSIGNED),EX,Tax Exempt,N,,,(UnAssigned),NET 30,7/31/2013,5000,,,0,0,0,0,0,0,0,PICKUP,Destination,P,N,55-8012444488-5,0,Y,0,Y,P,17,0,Customer Pickup,Y,N,0,,,,,,,,,,,,Cost + 10% Markup,m10,M,,10,+,,,,,,,,,,Y,MATT,*MAIN,,(UnAssigned),N,N,,(UnAssigned),,,E,I,N,Y,N,,,0,0,0,0,0,0,P,,N,E,,Y,N,E,,E,,N,E,,,,12/27/2012 8:12:54 AM,LILA,1/6/2014 9:13:39 AM,RANDY,N,11017
EMERI100,BLEVINS CAPITAL PARTNERS,421 HART LANE,,NASHVILLE,TN,37216,,,GERRI,ROLFE,,GERRI,ROLFE,,GERRI,ROLFE,,,,,,FLORIDASALES,51,RANDY FRONTZ,0,(UNASSIGNED),DV,Duval County,N,,,(UnAssigned),NET 30,8/11/2023,1000,,,0,0,0,0,0,0,0,Best Way,Destination,P,Y,,0,Y,0,Y,P,7,0,Westside,N,Y,1,1,EMERIK PROPERTIES,6740 BROADWAY AVE,,JACKSONVILLE,FL,32254,MICHAEL ROLFE,Call Geri 904-514-6300,30 mins prior,,Use Item Price,i,I,,0,+,,,,,,CALL 30 MIN BEFORE DELIVERY,,,,Y,MICHAEL ROLFE,*MAIN,,(UnAssigned),Y,N,,(UnAssigned),,,E,I,N,Y,N,,,0,0,0,0,0,0,M,DENISE,N,E,,N,N,E,,E,,N,E,,,,1/2/2013 1:53:17 PM,LILA,1/6/2026 2:47:58 PM,NATE,N,11019
TROYS100,TROY'S MOVING,8715 BELLE RIVE BLVD #3807,,JACKSONVILLE,FL,32256,904-382-0450,,,,,,,,,,,,,,,FLORIDASALES,99,RANDY FRONTZ,0,(UNASSIGNED),DV,Duval County,N,,,(UnAssigned),NET 30,12/1/2014,0,,,0,0,0,0,0,0,0,Best Way,Destination,P,Y,,0,Y,0,Y,P,0,0,(UnAssigned),N,N,0,,,,,,,,,,,,Use Item Price,i,I,,0,+,,,,,,,,,,N,,0,,(UnAssigned),Y,N,,(UnAssigned),,,E,I,N,Y,N,,,0,0,0,0,0,0,P,,N,E,,N,N,E,,E,,N,E,,,,1/3/2013 11:21:42 AM,NEAL,9/11/2009 4:42:37 PM,CMS,N,11021
GEORG110,GEORGE'S CAFE,5022 GATE PARKWAY,SUITE 400,JACKSONVILLE,FL,32256,904-527-5268,,,,,,,,,,,,,,,FLORIDASALES,64,Pat DeRita,FOOD,RESTURANTS,DV,Duval County,N,,,(UnAssigned),C.O.D. BY REQUEST,9/19/2014,500,,,0,0,0,0,0,0,0,Best Way,Destination,P,N,,0,Y,0,Y,P,5,0,Southside,Y,N,0,,,,,,,,,,,,Use Item Price,i,I,,0,+,Did not want to give email add,,,,,,,,,N,,0,,(UnAssigned),Y,N,,(UnAssigned),,,E,I,N,Y,N,,,0,0,0,0,0,0,P,,N,E,,Y,N,E,,E,,N,E,,,,1/3/2013 3:06:56 PM,LILA,10/24/2014 11:46:42 AM,STEVE,N,11022
CLEAN100,CLEAN WORK BOOTH INC.,2344 JONES ROAD,,JACKSONVILLE,FL,32220-1286,904-303-8510,,BRETT,BESSENT,,BRETT,BESSENT,,,,,,,,,FLORIDASALES,100,RANDY FRONTZ,0,(UNASSIGNED),DV,Duval County,N,,,(UnAssigned),C.O.D,2/15/2024,500,,,0,0,0,0,0,0,0,Best Way,Destination,P,N,26-8013453602-6  *16,0,Y,0,Y,P,0,0,(UnAssigned),N,N,0,,,,,,,,,,,,Use Item Price,i,I,,0,+,,,,,,,,,,N,,0,,(UnAssigned),N,N,,(UnAssigned),,,E,A,N,Y,N,,,0,0,0,0,0,0,M,KYLE,N,E,,Y,N,E,,E,,N,E,,,,1/7/2013 2:01:26 PM,JACKIE,5/3/2021 3:13:31 PM,NATE,N,11023
EASTO100,EASTON SANDERSON & CO,300 E STATE STREET,SUITE G,JACKSONVILLE,FL,32202,904-356-2228,904-634-4953,LAURI,SMITH,LSMITH@ESCRESULTS.COM,LAURI,SMITH,LSMITH@ESCRESULTS.COM,,,,,,,,FLORIDASALES,50,RANDY FRONTZ,PROSERV,"PROF. SERVICES, DR. ATTORNEY",DV,Duval County,N,,,(UnAssigned),NET 30,2/25/2026,1000,,,0,0,0,0,0,0,0,Best Way,Destination,P,Y,,0,Y,0,Y,P,0,0,(UnAssigned),Y,N,0,,,,,,,,,,,,30% Profit Margin,p30,P,,30,+,CLOSED WED/THUR/FRI,,,,,,,,,Y,,0,,(UnAssigned),Y,N,,(UnAssigned),,,D,A,N,Y,N,,,0,0,0,0,0,0,M,LAURI,N,E,,N,N,E,,E,,N,E,,,,1/7/2013 4:33:24 PM,LILA,11/29/2022 3:23:56 PM,NATE,N,11024
JORGE100,"JORGENSEN CONTRACT SERVICES, LLC",1645 E. Highway 50,SUITE 302,Clermont,FL,32707,352-432-3949,904-781-2269,KELLY,HARRAN,jcs_invoices@royjorgensen.com,CRAIG,BROWNING,,KELLY,HARRAN,jcs_invoices@royjorgensen.com,,,,,FLORIDASALES,10,Randy Frontz,0,(UNASSIGNED),DV,Duval County,N,,,(UnAssigned),NET 30,3/26/2020,5000,,,0,0,0,0,0,0,0,Best Way,Destination,P,Y,,0,Y,0,Y,P,7,0,Westside,Y,Y,1,JAX,"JORGENSEN CONTRACT SERVICES, LLC",530 SOUTH ELLIS RD.,BUILDING 100 - SUITE 105,JACKSONVILLE,FL,32254,,,,,Use Item Price,i,I,,0,+,,,,,,,,,,Y,,0,,(UnAssigned),Y,N,,(UnAssigned),,,E,I,N,Y,N,,,0,0,0,0,0,0,M,KELLY,N,E,,N,N,E,,E,,N,E,,,,1/9/2013 10:23:05 AM,LILA,1/9/2018 9:06:30 AM,RANDY,N,11025
EAGLE110,EAGLE PEWTER INC.,1229 CLARK STREET,,JACKSONVILLE,FL,32206,904-342-6462,,PAT,SERRA,eaglepewter@hotmail.com,PAT,SERRA,eaglepewter@hotmail.com,PAT,SERRA,eaglepewter@hotmail.com,,,,,FLORIDASALES,10,Randy Frontz,0,(UNASSIGNED),DV,Duval County,N,,,(UnAssigned),NET 30,2/1/2013,0,,,0,0,0,0,0,0,0,Best Way,Destination,P,Y,,0,Y,0,Y,P,0,0,(UnAssigned),N,N,0,,,,,,,,,,,,Use Item Price,i,I,,0,+,,,,,,,,,,N,,0,,(UnAssigned),Y,N,,(UnAssigned),,,E,I,N,Y,N,,,0,0,0,0,0,0,P,,N,E,,N,N,E,,E,,N,E,,,,1/21/2013 4:04:35 PM,RANDY,1/21/2013 4:12:48 PM,RANDY,N,11027
ARKAN100,ARK ANIMAL HOSPITAL,12585 PHILLIPS HWY,,JACKSONVILLE,FL,32209,904-886-2751,904-886-2757,MARY LYNN,-  OFFICE,,,,,,,,,,,,FLORIDASALES,20,RANDY FRONTZ,HEALCARE,"HEALTHCARE HOSP,CLINIC",DV,Duval County,N,,,(UnAssigned),NET 30,,500,,,0,0,0,0,0,0,0,Best Way,Destination,P,Y,,0,Y,0,Y,P,0,0,(UnAssigned),Y,N,0,,,,,,,,,,,,Use Item Price,i,I,,0,+,,,,,,,,,,Y,,0,,(UnAssigned),Y,N,,(UnAssigned),,,E,I,N,Y,N,,,0,0,0,0,0,0,P,,N,E,,N,N,E,,E,,N,E,,,,1/23/2013 9:32:57 AM,LILA,1/23/2013 9:42:34 AM,LILA,N,11028
RAMAL100,THE RAMALLAH CLUB OF JACKSONVILLE,3130 PARENTAL HOME ROAD,,JACKSONVILLE,FL,33216,904-733-5211,,ISSA,ODEH,ISSAODEH76@GMAIL.COM,,,,,,,,,,,FLORIDASALES,10,Randy Frontz,0,(UNASSIGNED),DV,Duval County,N,,,(UnAssigned),NET 30,3/14/2018,1000,,,0,0,0,0,0,0,0,Best Way,Destination,P,Y,,0,Y,0,Y,P,5,0,Southside,N,N,0,,,,,,,,,,,,Use Item Price,i,I,,0,+,,,,,,GLENN ECHOLS 885-4533,,,Y,N,,0,,(UnAssigned),Y,N,,(UnAssigned),,,E,I,N,Y,N,,,0,0,0,0,0,0,M,ISSA,N,E,,N,N,E,,E,,N,E,,,,1/29/2013 9:23:20 AM,JACKIE,6/12/2018 11:45:28 AM,PETE,N,11029
KIDSP100,KIDS PARK,4274 HERSCHEL ST,,JACKSONVILLE,FL,32210,904-614-1479,,TERESA,RISLEY,JAXFL@KIDSPARK.COM,TERESA,RISLEY,JAXFL@KIDSPARK.COM,TERESA,RISLEY,JAXFL@KIDSPARK.COM,,,,,FLORIDASALES,100,RANDY FRONTZ,0,(UNASSIGNED),DV,Duval County,N,,,(UnAssigned),NET 30,8/23/2016,1000,,,0,0,0,0,0,0,0,Best Way,Destination,P,Y,,0,Y,0,Y,P,0,0,(UnAssigned),N,Y,2,1,KIDS PARK,4274 HERSCHEL ST,,JACKSONVILLE,FL,32210,,,,,Use Item Price,i,I,,0,+,,,,,,,,,,N,,0,,(UnAssigned),Y,N,,(UnAssigned),,,E,I,N,Y,N,,,0,0,0,0,0,0,M,TERESA,N,E,,N,N,E,,E,,N,E,,,,2/5/2013 2:20:36 PM,RANDY,2/3/2016 9:07:09 AM,STEVE,N,11033
NASSA110,NASSAU COUNTY SHERIFF'S DEPT,76001 BOBBY MOORE CIRCLE,,YULEE,FL,32097,904-312-3445,,,,,CALEB,(MECHANIC),,,,,,,,,FLORIDASALES,16,Lila Martin,0,(UNASSIGNED),NC,Nassau County,N,,,(UnAssigned),CREDIT CARD,3/31/2015,500,,,0,0,0,0,0,0,0,PICKUP,Destination,P,N,85-8012622244C-8,0,Y,0,Y,P,17,0,Customer Pickup,Y,N,0,,,,,,,,,,,,Use Item Price,i,I,,0,+,,,,,,,,,,Y,,*MAIN,,(UnAssigned),N,N,,(UnAssigned),,,E,I,N,Y,N,,,0,0,0,0,0,0,P,,N,E,,N,N,E,,E,,N,E,,,,2/5/2013 4:04:22 PM,LILA,2/5/2013 4:09:35 PM,JACKIE,N,11034
ATLAN100,ATLANTIC QUALITY PARTS -- DIVISION,OF ARROWHEAD ELECTRICAL PRODUCTS,3787 95TH AVENUE NE   SUITE 250,BLAINE,MN,55014,904-725-5202,904-725-0747,JOSH,WILSON,josh@aidtractor.com,JOSH,WILSON,josh@aidtractor.com,,,,,,,,FLORIDASALES,50,RANDY FRONTZ,0,(UNASSIGNED),DV,Duval County,N,,,(UnAssigned),NET 30,4/14/2014,2000,,,0,0,0,0,0,0,0,Best Way,Destination,P,Y,,0,Y,0,Y,P,7,0,Westside,N,Y,1,1234,ATLANTIC QUALITY PARTS -- DIVISION,5061 SHAWLAND,,JACKSONVILLE,FL,32254,,,,,Use Item Price,i,I,,0,+,,,,,,,,,,N,,0,,(UnAssigned),Y,N,,(UnAssigned),,,E,I,N,Y,N,,,0,0,0,0,0,0,M,WES,N,E,,N,N,E,,E,,N,E,,,,2/8/2013 4:38:17 PM,JACKIE,11/3/2014 11:58:12 AM,STEVE,N,11036
JACKB100,JACK BECKER,,,JACKSONVILLE,FL,,,,FRED,CLEMONS,FCLEMONS@JACKBECKER.COM,FRED,CLEMONS,FCLEMONS@JACKBECKER.COM,,,,,,,,FLORIDASALES,51,RANDY FRONTZ,0,(UNASSIGNED),DV,Duval County,N,,,(UnAssigned),NET 30,,0,,,0,0,0,0,0,0,0,Best Way,Destination,P,Y,,0,Y,0,Y,P,0,0,(UnAssigned),N,N,0,,,,,,,,,,,,Use Item Price,i,I,,0,+,,,,,,,,,,N,,0,,(UnAssigned),Y,N,,(UnAssigned),,,E,I,N,Y,N,,,0,0,0,0,0,0,P,,N,E,,N,N,E,,E,,N,E,,,,2/22/2013 11:07:48 AM,NEAL,10/13/2014 4:18:44 PM,RANDY,N,11037
LEGIS100,LEGIE'S E-SCRAP RECYCLING,8030 PHILIPS HWY,SUITE 12B,JACKSONVILLE,FL,32256,904-551-2369,904-683-4157,MILLIE,MILLIE,LEGIE58@YAHOO.COM,,,,,,,,,,,FLORIDASALES,10,Randy Frontz,0,(UNASSIGNED),DV,Duval County,N,,,(UnAssigned),NET 30,4/10/2018,0,,,0,0,0,0,0,0,0,Best Way,Destination,P,Y,,0,Y,0,Y,P,0,0,(UnAssigned),N,N,0,,,,,,,,,,,,Use Item Price,i,I,,0,+,,,,,,,,,,N,,0,,(UnAssigned),Y,N,,(UnAssigned),,,E,I,N,Y,N,,,0,0,0,0,0,0,M,MILLIE,N,E,,N,N,E,,E,,N,E,,,,2/27/2013 10:23:01 AM,LILA,4/8/2015 11:55:34 AM,STEVE,N,11038
MAINT100,ALLBRITE SALES,2204 HAINES STREET,,JACKSONVILLE,FL,32206,904-502-5420,,JEFF,SUSLAK,jsuslak@msupply.net,,,,,,,,,,,FLORIDASALES,10,Randy Frontz,0,(UNASSIGNED),DV,Duval County,N,,,(UnAssigned),C.O.D. BY REQUEST,6/6/2023,500,,,0,0,0,0,0,0,0,Best Way,Destination,P,N,26-8012463026-7,0,Y,0,Y,P,7,0,Westside,Y,N,0,,,,,,,,,,,,35% Profit Margin,p35,P,,35,+,,,,,,,,,,Y,,*MAIN,,(UnAssigned),N,N,,(UnAssigned),,,E,A,N,Y,N,,,0,0,0,0,0,0,M,AP,N,E,,Y,N,E,,E,,N,E,,,,2/28/2013 2:12:42 PM,LILA,11/21/2022 3:46:04 PM,NATE,N,11039
LILLA100,"LILLA GAYLE MARTIN, MD",1893 KINGSLEY AVE,SUITE B,ORANGE PARK,FL,32073,904-276-3535,,CARLYLE,MARTIN,ckmnorules1@lgmartinmd.com,,,,CARLYLE,MARTIN,ckmnorules1@lgmartinmd.com,,,,,FLORIDASALES,25,ARTIE HARDIE,PROSERV,"PROF. SERVICES, DR. ATTORNEY",CL,Clay County,N,,,(UnAssigned),NET 30,4/1/2020,500,,,0,0,0,0,0,0,0,Best Way,Destination,P,Y,,0,Y,0,Y,P,6,0,Orange Park,Y,N,0,,,,,,,,,,,,Use Item Price,i,I,,0,+,Cust wants paper inv,,,,,,,,,Y,,*MAIN,,(UnAssigned),Y,N,,(UnAssigned),,,E,I,N,Y,N,,,0,0,0,0,0,0,P,CARLYLE,N,E,,N,N,E,,E,,N,E,,,,3/7/2013 3:52:23 PM,LILA,1/20/2015 10:52:49 AM,STEVE,N,11040
TODDS100,TODD'S TRANSMISSION,5355 WACISSA AVE,,JACKSONVILLE,FL,32254,904-355-6040,904-355-7569,TODD,OWNER,,,,,,,,,,,,FLORIDASALES,58,ROBIN FRONTZ-exist,OTHER,Other Accounts,DV,Duval County,N,,,(UnAssigned),NET 30,4/3/2013,500,,,0,0,0,0,0,0,0,Best Way,Destination,P,Y,,0,Y,0,Y,P,7,0,Westside,Y,N,0,,,,,,,,,,,,Use Item Price,i,I,,0,+,,,,,,,,,,Y,,*MAIN,,(UnAssigned),Y,N,,(UnAssigned),,,E,I,N,Y,N,,,0,0,0,0,0,0,P,,N,E,,N,N,E,,E,,N,E,,,,3/19/2013 10:52:11 AM,LILA,3/19/2013 4:50:57 PM,LILA,N,11042
R&JEN100,R & J ENTERPRISES,981 MARTIN AVE.,,GREEN COVE SPRINGS,FL,32043,904-529-7479,,STEVE,TYLER,,STEVE,TYLER,,STEVE,TYLER,,,,,,FLORIDASALES,10,Randy Frontz,0,(UNASSIGNED),DV,Duval County,N,,,(UnAssigned),C.O.D. BY REQUEST,9/15/2014,0,,,0,0,0,0,0,0,0,Best Way,Destination,P,N,20-8014955421-3  *15,0,Y,0,Y,P,0,0,(UnAssigned),N,N,0,,,,,,,,,,,,Use Item Price,i,I,,0,+,,,,,,,,,,N,,0,,(UnAssigned),Y,N,,(UnAssigned),,,E,I,N,Y,N,,,0,0,0,0,0,0,P,,N,E,,Y,N,E,,E,,N,E,,,,3/28/2013 11:13:14 AM,RANDY,2/5/2015 8:21:55 AM,STEVE,N,11044
STEVE100,STEVE BURDICK,109 EAST AVENUE,,WAVERLY,GA,31565,,,,,,,,,,,,,,,SEBURDICK58@GMAIL.COM,FLORIDASALES,10,Randy Frontz,0,(UNASSIGNED),DV,Duval County,N,,,(UnAssigned),NET 30,,0,,,0,0,0,0,0,0,0,Best Way,Destination,P,Y,,0,Y,0,Y,P,0,0,(UnAssigned),N,N,0,,,,,,,,,,,,Use Item Price,i,I,,0,+,,,,,,,,,,N,,0,,(UnAssigned),Y,N,,(UnAssigned),,,E,I,N,Y,N,,,0,0,0,0,0,0,P,,N,E,,N,N,E,,E,,N,E,,,,4/16/2013 10:44:16 AM,JACKIE,4/30/2013 3:36:36 PM,JACKIE,N,11046
AMERI110,AMERICAN FIRE SAFETY INC,108 HALSEMA ROAD NORTH,,JACKSONVILLE,FL,32220,904-781-2460,904-781-2483,,,,,,,,,,,,,,FLORIDASALES,10,Randy Frontz,0,(UNASSIGNED),DV,Duval County,N,,,(UnAssigned),C.O.D,,0,,,0,0,0,0,0,0,0,Best Way,Destination,P,Y,,0,Y,0,Y,P,0,0,(UnAssigned),N,N,0,,,,,,,,,,,,Use Item Price,i,I,,0,+,,,,,,,,,,N,,0,,(UnAssigned),Y,N,,(UnAssigned),,,E,I,N,Y,N,,,0,0,0,0,0,0,P,,N,E,,Y,N,E,,E,,N,E,,,,4/23/2013 11:29:51 AM,JACKIE,9/11/2009 4:42:37 PM,CMS,N,11048
JACQU100,JACQUELINE SEYMOUR,4420 Iroquois Avenue,,JACKSONVILLE,FL,32220,,,,,,,,,,,,,,,,FLORIDASALES,10,Randy Frontz,0,(UNASSIGNED),DV,Duval County,N,,,(UnAssigned),NET 30,,0,,,0,0,0,0,0,0,0,Best Way,Destination,P,Y,,0,Y,0,Y,P,0,0,(UnAssigned),N,N,0,,,,,,,,,,,,Use Item Price,i,I,,0,+,,,,,,,,,,N,,0,,(UnAssigned),N,N,,(UnAssigned),,,E,I,N,Y,N,,,0,0,0,0,0,0,P,,N,E,,N,N,E,,E,,N,E,,,,4/25/2013 2:46:01 PM,JACKIE,4/25/2013 2:48:04 PM,JACKIE,N,11049
AKELS100,AKEL'S DELI,245 RIVERSIDE AVE,(NEXT TO YMCA),JACKSONVILLE,FL,32202,904-791-3336,,MARVIN,AKEL,,,,,,,,,,,,FLORIDASALES,10,Randy Frontz,0,(UNASSIGNED),DV,Duval County,N,,,(UnAssigned),C.O.D. BY REQUEST,6/30/2015,0,,,0,0,0,0,0,0,0,DERITA,Destination,P,Y,26-8013645967-5 2014,0,Y,0,Y,P,7,0,Westside,Y,N,0,,,,,,,,,,,,Cost + 12% Markup,m12,M,,12,+,,,,,,,,,,Y,MARVIN,0,,(UnAssigned),N,N,,(UnAssigned),,,E,I,N,Y,N,,,0,0,0,0,0,0,P,,N,E,,Y,N,E,,E,,N,E,,,,4/26/2013 10:42:45 AM,LILA,1/19/2016 9:50:16 AM,STEVE,N,11050
SOLID100,SOLID FOUNDATION LLC.,,,,,,904-647-0266,,ZACK & DANIEL,LLC,,ZACK & DANIEL,LLC,,ZACK & DANIEL,LLC,,,,,,FLORIDASALES,10,Randy Frontz,0,(UNASSIGNED),DV,Duval County,N,,,(UnAssigned),C.O.D,,0,,,0,0,0,0,0,0,0,CUSTOMER PICKUP,Destination,P,Y,,0,Y,0,Y,P,0,0,(UnAssigned),N,N,0,,,,,,,,,,,,Use Item Price,i,I,,0,+,,,,,,,,,,N,,0,,(UnAssigned),Y,N,,(UnAssigned),,,E,I,N,Y,N,,,0,0,0,0,0,0,P,,N,E,,Y,N,E,,E,,N,E,,,,5/9/2013 10:09:08 AM,RANDY,5/9/2013 10:10:14 AM,RANDY,N,11052
NTSPE100,NATIONAL TIRE SOLUTIONS INC,1550 SPEARING ST,,JACKSONVILLE,FL,32206,904-398-9544,904-398-9543,JENNIE,MIGLIARESE,NATIONALTIREVP@BELLSOUTH.NET,JENNIE,MIGLIARESE,NATIONALTIREVP@BELLSOUTH.NET,JENNIE,MIGLIARESE,NATIONALTIREVP@BELLSOUTH.NET,,,,,FLORIDASALES,50,RANDY FRONTZ,0,(UNASSIGNED),DV,Duval County,N,,,(UnAssigned),NET 30,9/20/2022,0,,,0,0,0,0,0,0,0,Best Way,Destination,P,Y,,0,Y,0,Y,P,0,0,(UnAssigned),N,N,0,,,,,,,,,,,,Use Item Price,i,I,,0,+,,,,,,,,,,N,,0,,(UnAssigned),Y,N,,(UnAssigned),,,E,A,N,Y,N,,,0,0,0,0,0,0,M,JENNIE,N,E,,N,N,E,,E,,N,E,,,,5/24/2013 9:40:50 AM,NEAL,10/20/2015 11:57:26 AM,BRITTANY,N,11055
ABCSU100,ABC SUPPLY CO. (BRADCO),834 LANE AVE N.,,JACKSONVILLE,FL,32254,904-781-7878,904-781-7175,CHRIS,CHASSE,CHRIS.CHASSE@ABCSUPPLY.COM,CHRIS,CHASSE,CHRIS.CHASSE@ABCSUPPLY.COM,CHRIS,CHASSE,CHRIS.CHASSE@ABCSUPPLY.COM,,,,,FLORIDASALES,10,Randy Frontz,0,(UNASSIGNED),DV,Duval County,N,,,(UnAssigned),NET 30,,0,,,0,0,0,0,0,0,0,Best Way,Destination,P,Y,,0,Y,0,Y,P,0,0,(UnAssigned),N,N,0,,,,,,,,,,,,Use Item Price,i,I,,0,+,,,,,,,,,,N,,0,,(UnAssigned),Y,N,,(UnAssigned),,,E,I,N,Y,N,,,0,0,0,0,0,0,P,,N,E,,N,N,E,,E,,N,E,,,,6/6/2013 1:29:23 PM,NEAL,9/11/2009 4:42:37 PM,CMS,N,11058
720GL100,720 GLASSWORKS,JAMES STANFORD,1173 winterhawk dr,ST AUGUSTINE,FL,322086,352-514-3737,,JAMES,STANFORD,720GLASSWORKS@GMAIL.COM,JAMES,STANFORD,720GLASSWORKS@GMAIL.COM,JAMES,STANFORD,720GLASSWORKS@GMAIL.COM,JAMES,STANFORD,720GLASSWORKS@GMAIL.COM,,FLORIDASALES,10,Randy Frontz,0,(UNASSIGNED),DV,Duval County,N,,,(UnAssigned),C.O.D. BY REQUEST,12/19/2025,0,,,5.32,0,0,0,0,0,5.32,CPU,Destination,P,N,65-8016546235-1  *16,0,Y,0,Y,P,17,0,Customer Pickup,Y,Y,1,1,720 GLASSWORKS,1173 winterhawk dr,,,,,,,,,30% Profit Margin,p30,P,,30,+,,,,,,,,,,Y,,0,,(UnAssigned),N,N,,(UnAssigned),,,D,A,N,Y,N,,,0,0,0,0,0,0,P,,N,E,,Y,N,E,,E,,N,E,,,,6/11/2013 10:56:33 AM,LILA,6/13/2024 11:16:54 AM,NATE,N,11059
SAWGR100,SAWGRASS COUNTRY CLUB,10034 GOLF CLUB DRIVE,,PONTE VEDRA BEACH,FL,32082,904-273-3704,,,,,,,,,,,,,,,FLORIDASALES,25,ARTIE HARDIE,0,(UNASSIGNED),SJ,St. Johns County,N,,,(UnAssigned),NET 30,2/24/2026,1000,,,0,0,0,0,0,0,0,Best Way,Destination,P,Y,,0,Y,0,Y,P,3,0,Beaches,N,Y,1,1,SAWGRASS COUNTRY CLUB,GOLF COURSE MAINTENANCE,10034 GOLF CLUB DRIVE,PONTE VEDRA BEACH,FL,32082,PAT,SOUTHERN ENTRANCE,,,Cost + 15% Markup,m15,M,,15,+,,,,,,,,,,Y,,0,,(UnAssigned),Y,N,,(UnAssigned),,,D,A,N,Y,N,,,0,0,0,0,0,0,M,Pat,N,E,,N,N,E,,E,,N,E,,,,6/12/2013 3:39:15 PM,LILA,5/6/2024 3:42:15 PM,NATE,N,11060
UNDER110,UNDERWOOD JEWELERS,3617 ST JOHNS AVENUE,,JACKSONVILLE,FL,32205,904-388-7212,,LUWANA,A/P,lhill@brombergs.com,,,,KATHRYN,BRYSON,kbryson@underwoodjewelers.com,,,,,FLORIDASALES,25,ARTIE HARDIE,0,(UNASSIGNED),DV,Duval County,N,,,(UnAssigned),NET 30,2/13/2026,0,,,579.75,0,0,0,185.16,0,394.59,Best Way,Destination,P,Y,,0,Y,0,Y,P,7,0,Westside,N,N,0,,,,,,,,,,,,Use Item Price,i,I,,0,+,SUSIE PH # 904-398-9741,Customer wants US mail invoice,,,,,,,,Y,,0,,(UnAssigned),Y,N,,(UnAssigned),,,D,A,N,Y,N,,,0,0,0,0,0,0,M,Denise,N,E,,Y,N,E,,E,,N,E,,,,6/13/2013 12:32:41 PM,LILA,2/27/2026 10:25:09 AM,NATE,N,11061
SCALL100,SCALLANS CRAWFISH,8538 MALLORY ROAD,UNIT 3,JACKSONVILLE,FL,32220,904-699-2074,,,,,,,,,,,,,,,FLORIDASALES,25,ARTIE HARDIE,0,(UNASSIGNED),DV,Duval County,N,,,(UnAssigned),CREDIT CARD,11/7/2024,0,,,4,0,0,0,0,0,4,Best Way,Destination,P,N,26-8012480854-0  *16,0,Y,0,Y,P,0,0,(UnAssigned),Y,N,0,,,,,,,,,,,,30% Profit Margin,p30,P,,30,+,3/1`8 Will send check for Inv,135908,,,,CALL DON 1 HOUR B4 DELIVERY,TO BE SURE HE IS THERE,,,Y,DON,0,,(UnAssigned),Y,N,,(UnAssigned),,,E,A,N,Y,N,,,0,0,0,0,0,0,P,,N,E,,Y,N,E,,E,,N,E,,,,6/14/2013 1:45:20 AM,LILA,2/10/2023 12:11:08 PM,JEFF,N,11063
TABLE100,TABLE 1,220 PONTE VEDRA PARK DR,SUITE,PONTE VEDRA BEACH,FL,32082,904-280-5515,,DON,PITTMAN,,,,,,,,,,,,FLORIDASALES,25,ARTIE HARDIE,0,(UNASSIGNED),SJ,St. Johns County,N,,,(UnAssigned),NET 30,10/2/2018,0,,,0,0,0,0,0,0,0,Best Way,Destination,P,Y,,0,Y,0,Y,P,3,0,Beaches,Y,Y,1,1,TABLE 1,330 A1A N.,,PONTE VEDRA BEACH,FL,32082,,,,,Use Item Price,i,I,,0,+,,,,,,,,,,Y,,0,,(UnAssigned),Y,N,,(UnAssigned),,,E,I,N,Y,N,,,0,0,0,0,0,0,M,MICHELLE,N,E,,Y,N,E,,E,,N,E,,,,6/17/2013 10:47:00 PM,LILA,1/29/2018 1:25:24 PM,BRITTANY,N,11065
GOODW100,GOODWILL INDUSTRIES OF NORTH FLA,4527 LENOX AVE,,JACKSONVILLE,FL,32205,,,,,,,,,,,,,,,,FLORIDASALES,25,ARTIE HARDIE,0,(UNASSIGNED),DV,Duval County,N,,,(UnAssigned),NET 30,,0,,,0,0,0,0,0,0,0,Best Way,Destination,P,Y,,0,Y,0,Y,P,0,0,(UnAssigned),Y,N,0,,,,,,,,,,,,Cost + 30% Markup,m30,M,,30,+,,,,,,,,,,Y,,0,,(UnAssigned),Y,N,,(UnAssigned),,,E,I,N,Y,N,,,0,0,0,0,0,0,P,,N,E,,Y,N,E,,E,,N,E,,,,6/17/2013 10:51:30 PM,LILA,6/17/2013 10:58:25 PM,LILA,N,11066
SMITH100,SMITH PACKAGING & EQUIPMENT,2931 MERCURY ROAD,,JACKSONVILLE,FL,32207,904-731-4193,,,,,,,,,,,,,,,FLORIDASALES,25,ARTIE HARDIE,0,(UNASSIGNED),DV,Duval County,N,,,(UnAssigned),NET 30,3/21/2014,0,,,0,0,0,0,0,0,0,Best Way,Destination,P,Y,,0,Y,0,Y,P,0,0,(UnAssigned),Y,N,0,,,,,,,,,,,,Use Item Price,i,I,,0,+,,,,,,,,,,Y,,0,,(UnAssigned),Y,N,,(UnAssigned),,,E,I,N,Y,N,,,0,0,0,0,0,0,P,,N,E,,Y,N,E,,E,,N,E,,,,6/18/2013 7:40:46 AM,LILA,6/18/2013 7:41:02 AM,LILA,N,11067
CUPCA100,CUPCAKE GIRLS DESSERT CO,13546-2 BEACH BLVD,,JACKSONVILLE,FL,32224,,,,,,,,,,,,,,,,FLORIDASALES,25,ARTIE HARDIE,0,(UNASSIGNED),DV,Duval County,N,,,(UnAssigned),CREDIT CARD,9/13/2013,0,,,0,0,0,0,0,0,0,Best Way,Destination,P,N,26-8016103566-2,0,Y,0,Y,P,0,0,(UnAssigned),N,N,0,,,,,,,,,,,,Use Item Price,i,I,,0,+,,,,,,,,,,Y,,0,,(UnAssigned),Y,N,,(UnAssigned),,,E,I,N,Y,N,,,0,0,0,0,0,0,P,,N,E,,Y,N,E,,E,,N,E,,,,6/18/2013 8:06:34 AM,LILA,9/17/2013 5:24:37 PM,JACKIE,N,11069
SANJO110,SAN JOSE EPISCOPAL DAY SCHOOL,7423 SAN JOSE BLVD,,JACKSONVILLE,FL,32217,,,,,,,,,,,,,,,,FLORIDASALES,7,Eugene Aman,0,(UNASSIGNED),DV,Duval County,N,,,(UnAssigned),NET 30,4/9/2026,0,,,188.82,188.82,0,0,0,0,0,Best Way,Destination,P,N,85-8012667707C-917,0,Y,0,Y,P,5,0,Southside,Y,N,0,,,,,,,,,,,,Use Item Price,i,I,,0,+,,,,,,****DELIVER TO BACK DOOR****,CALL 904-504-1463 15 MIN BEFOR,**DELIVER B4 2:00PM****,,Y,,0,,(UnAssigned),Y,N,,(UnAssigned),,,C,A,N,Y,N,,,0,0,0,0,0,0,M,ACCOUNTS,N,E,,N,N,E,,E,,N,E,,,,6/19/2013 9:29:33 AM,LILA,4/8/2026 2:40:16 PM,NATE,N,11070
CLARA100,CLARA WHITE MISSION,613 W ASHLEY STREET,,JACKSONVILLE,FL,32202,904-354-4162,,,,,,,,,,,,,,,FLORIDASALES,25,ARTIE HARDIE,0,(UNASSIGNED),DV,Duval County,N,,,(UnAssigned),NET 30,10/8/2020,0,,,0,0,0,0,0,0,0,Best Way,Destination,P,N,85-8012646178C-6 *19,0,Y,0,Y,P,0,0,(UnAssigned),Y,N,0,,,,,,,,,,,,Use Item Price,i,I,,0,+,,,,,,,,,Y,Y,,0,,(UnAssigned),Y,N,,(UnAssigned),,,E,I,N,Y,N,,,0,0,0,0,0,0,M,Leena,N,E,,Y,N,E,,E,,N,E,,,,6/19/2013 1:23:26 PM,LILA,9/26/2019 10:05:45 AM,NATE,N,11071
ENDEK100,TREBOL FLORIDA LLC.,11400 NEW BERLIN ROAD,,JACKSONVILLE,FL,32226,904-751-2828,904-751-6828,BILL,CASTLEBERRY,,,,,ACCOUNTS,PAYABLE,invoicesusa@gtrebol.com,,,,,FLORIDASALES,25,ARTIE HARDIE,0,(UNASSIGNED),DV,Duval County,N,,,(UnAssigned),NET 30,2/15/2021,0,,,0,0,0,0,0,0,0,Best Way,Destination,P,N,26-8013749810-9 *16,0,Y,0,Y,P,0,0,(UnAssigned),Y,N,0,,,,,,,,,,,,Use Item Price,i,I,,0,+,,,,,,,,,,N,,0,,(UnAssigned),Y,N,,(UnAssigned),,,E,I,N,Y,N,,,0,0,0,0,0,0,M,ACCOUNTS,N,E,,Y,N,E,,E,,N,E,,,,6/19/2013 2:52:31 PM,LILA,6/5/2017 10:43:46 AM,DAVID,N,11072
WOODS100,THE WOODS COMMUNITY ASSOCIATION,2130 WOODS DRIVE EAST,,JACKSONVILLE,FL,32246,904-361-8150,,BUDDY,MAINTENANCE,,,,,,,,,,,,FLORIDASALES,25,ARTIE HARDIE,0,(UNASSIGNED),DV,Duval County,N,,,(UnAssigned),NET 30,3/5/2026,0,,,0,0,0,0,0,0,0,Best Way,Destination,P,Y,,0,Y,0,Y,P,0,0,(UnAssigned),N,N,0,,,,,,,,,,,,Use Item Price,i,I,,0,+,,,,,,,,,,Y,,0,,(UnAssigned),Y,N,,(UnAssigned),,,D,A,N,Y,N,,,0,0,0,0,0,0,M,CARYN,N,E,,N,N,E,,E,,N,E,,,,6/24/2013 9:04:32 AM,LILA,10/1/2015 10:03:10 AM,STEVE,N,11074
SUBUR100,"SUBURBAN STATIONERS, INC.",16 STACK STREET,,MIDDLETOWN,CT,06457-2243,860-347-0299,,TIM,VIOLA,TIM@SUBURBANOP.COM,MICHAEL,FARAH,MICHAEL@SUBURBANOP.COM,BARBER,BEN,ben@suburbanop.com,,,,,FLORIDASALES,93,RANDY FRONTZ,0,(UNASSIGNED),DV,Duval County,N,,,(UnAssigned),NET 30,7/17/2013,10000,,,0,0,0,0,0,0,0,Best Way,Destination,P,N,3028628-003,0,Y,0,Y,P,0,0,(UnAssigned),N,N,0,,,,,,,,,,,,Use Item Price,i,I,,0,+,,,,,,,,,,Y,,0,,(UnAssigned),Y,N,,(UnAssigned),,,E,I,N,Y,N,,,0,0,0,0,0,0,M,BARBER,N,E,,N,N,E,,E,,N,E,BARBER,,,6/25/2013 4:15:35 PM,RANDY,7/17/2013 6:33:49 PM,LILA,N,11075
COAST120,COASTAL COOKIES,12521 PLANTERS GLEN DRIVE,,DALLAS,TX,75244,904-353-3232,,,,,,,,,,,,,,,FLORIDASALES,25,ARTIE HARDIE,0,(UNASSIGNED),EX,Tax Exempt,N,,,(UnAssigned),NET 30,10/30/2019,0,,,0,0,0,0,0,0,0,Best Way,Destination,P,N,26-8012006073-5 *16,0,Y,0,Y,P,0,0,(UnAssigned),Y,Y,1,1,COASTAL COOKIES,2 INDEPENDENT DRIVE,SUITE 136,JACKSONVILLE,FL,32202,,,,,Use Item Price,i,I,,0,+,,,,,,,,,,Y,,*MAIN,,(UnAssigned),Y,N,,(UnAssigned),,,E,I,N,Y,N,,,0,0,0,0,0,0,M,SUSAN,N,E,,N,N,E,,E,,N,E,,,,6/27/2013 1:28:26 PM,LILA,5/12/2016 2:36:44 PM,RANDY,N,11077
GILMO100,GILMON'S BAKERY,11362-13 SAN JOSE BLVD,,JACKSONVILLE,FL,32223,904-288-8128,,,,,,,,,,,,,,,FLORIDASALES,25,ARTIE HARDIE,0,(UNASSIGNED),DV,Duval County,N,,,(UnAssigned),NET 30,4/1/2014,0,,,0,0,0,0,0,0,0,Best Way,Destination,P,Y,,0,Y,0,Y,P,0,0,(UnAssigned),Y,N,0,,,,,,,,,,,,Use Item Price,i,I,,0,+,,,,,,,,,,Y,,0,,(UnAssigned),Y,N,,(UnAssigned),,,E,I,N,Y,N,,,0,0,0,0,0,0,P,,N,E,,N,N,E,,E,,N,E,,,,6/27/2013 6:01:07 PM,LILA,7/17/2013 1:18:56 PM,LILA,N,11078
JACKS170,JACKSONFILL,1420VANTAGE WAY S.,,JACKSONVILLE,FL,32218,904-741-0073,,CAROL,FUGATE,accounting@jacksonfill.com,WAYNE,BENNETT,wbennett@jacksonfill.com,WAYNE,BENNETT,wbennett@jacksonfill.com,,,,,FLORIDASALES,10,Randy Frontz,0,(UNASSIGNED),DV,Duval County,N,,,(UnAssigned),NET 30,5/24/2017,0,,,0,0,0,0,0,0,0,Best Way,Destination,P,Y,,0,Y,0,Y,P,0,0,(UnAssigned),N,N,0,,,,,,,,,,,,Use Item Price,i,I,,0,+,,,,,,,,,,N,,0,,(UnAssigned),Y,N,,(UnAssigned),,,E,I,N,Y,N,,,0,0,0,0,0,0,M,CAROL,N,E,,N,N,E,,E,,N,E,,,,6/28/2013 3:19:57 PM,RANDY,12/1/2015 9:16:50 AM,STEVE,N,11079
SHAWS100,SHAW'S SOUTHERN BELLE,821 VIRGINIA STREET,,JACKSONVILLE,FL,32208,904-768-1591 X 221,,,,,,,,,,,,,,,FLORIDASALES,25,ARTIE HARDIE,0,(UNASSIGNED),DV,Duval County,N,,,(UnAssigned),NET 30,,0,,,0,0,0,0,0,0,0,Best Way,Destination,P,Y,,0,Y,0,Y,P,0,0,(UnAssigned),N,N,0,,,,,,,,,,,,Use Item Price,i,I,,0,+,,,,,,,,,,Y,,0,,(UnAssigned),Y,N,,(UnAssigned),,,E,I,N,Y,N,,,0,0,0,0,0,0,P,,N,E,,N,N,E,,E,,N,E,,,,6/30/2013 9:08:05 PM,LILA,9/11/2009 4:42:37 PM,CMS,N,11080
DONUT100,DONUTS ETC,6189 GRAYLING DRIVE,,JACKSONVILLE,FL,32255,,,,,,,,,,,,,,,,FLORIDASALES,25,ARTIE HARDIE,0,(UNASSIGNED),DV,Duval County,N,,,(UnAssigned),NET 30,,0,,,0,0,0,0,0,0,0,Best Way,Destination,P,Y,,0,Y,0,Y,P,0,0,(UnAssigned),N,N,0,,,,,,,,,,,,Use Item Price,i,I,,0,+,,,,,,,,,,Y,,0,,(UnAssigned),Y,N,,(UnAssigned),,,E,I,N,Y,N,,,0,0,0,0,0,0,P,,N,E,,N,N,E,,E,,N,E,,,,6/30/2013 10:39:16 PM,LILA,9/11/2009 4:42:37 PM,CMS,N,11081
TROUT100,TROUT RIVER FISH COMPANY,8074 N MAIN STREET,,JACKSONVILLE,FL,32208,904-765-8651,,,,,,,,,,,,,,,FLORIDASALES,25,ARTIE HARDIE,0,(UNASSIGNED),DV,Duval County,N,,,(UnAssigned),NET 30,7/3/2013,0,,,0,0,0,0,0,0,0,Best Way,Destination,P,Y,,0,Y,0,Y,P,0,0,(UnAssigned),N,N,0,,,,,,,,,,,,Use Item Price,i,I,,0,+,,,,,,,,,,N,,0,,(UnAssigned),Y,N,,(UnAssigned),,,E,I,N,Y,N,,,0,0,0,0,0,0,P,,N,E,,N,N,E,,E,,N,E,,,,7/2/2013 3:33:39 PM,JACKIE,7/3/2013 9:10:33 AM,JACKIE,N,11082
FSU1D100,FSU1 dba ANAGO OF JACKSONVILLE,8400 BAYMEADOWS WAY,SUITE 9,JACKSONVILLE,FL,32256,904-997-8822,904-997-9050,FRANK,YOURNETT,FYOURNETT@ANAGOJAX.COM,FRANK,YOURNETT,FYOURNETT@ANAGOJAX.COM,JOHANNA,PELAEZ RAMIREZ,JRAMIREZ@ANAGOJAX.COM,,,,,FLORIDASALES,10,Randy Frontz,0,(UNASSIGNED),DV,Duval County,N,,,(UnAssigned),NET 30,4/24/2014,0,,,0,0,0,0,0,0,0,Best Way,Destination,P,N,26-8016254902-7 2014,0,Y,0,Y,P,5,0,Southside,N,Y,5,8833,FSU1 dba ANAGO OF JACKSONVILLE,8400 BAYMEADOWS WAY SUITE 9,,JACKSONVILLE,FL,32256,FRANK,,,,Use Item Price,i,I,,0,+,,,,,,,,,,N,,0,,(UnAssigned),Y,N,,(UnAssigned),,,E,I,N,Y,N,,,0,0,0,0,0,0,M,FRANK,N,E,,N,N,E,,E,,N,E,,,,7/5/2013 8:16:59 AM,RANDY,10/9/2014 3:25:15 PM,JOHN,N,11083
PROGR100,PROGRESSIVE POWER PRODUCTS,4462 NORTH LIBERTY STREET,,JACKSONVILLE,FL,32206,9043541819,9043548161,KEVIN,KRONEISS,,,,,NANCY,CATES,,,,,,FLORIDASALES,10,Randy Frontz,0,(UNASSIGNED),DV,Duval County,N,,,(UnAssigned),NET 30,10/12/2016,0,,,0,0,0,0,0,0,0,Best Way,Destination,P,Y,,0,Y,0,Y,P,0,0,(UnAssigned),N,N,0,,,,,,,,,,,,Use Item Price,i,I,,0,+,,,,,,,,,,N,,0,,(UnAssigned),Y,N,,(UnAssigned),,,E,I,N,Y,N,,,0,0,0,0,0,0,P,,N,E,,N,N,E,,E,,N,E,,,,7/18/2013 9:10:49 AM,JACKIE,10/15/2014 10:40:47 AM,JOHN,N,11085
NORMA100,NORMANDY VILLAGE DIALYSIS,7764 NORMANDY BLVD,,JACKSONVILLE,FL,32221,904-781-7272,,,,,,,,,,,,,,,FLORIDASALES,100,RANDY FRONTZ,0,(UNASSIGNED),DV,Duval County,N,,,(UnAssigned),NET 30,,0,,,0,0,0,0,0,0,0,Best Way,Destination,P,Y,,0,Y,0,Y,P,0,0,(UnAssigned),N,N,0,,,,,,,,,,,,Use Item Price,i,I,,0,+,,,,,,,,,,N,,0,,(UnAssigned),Y,N,,(UnAssigned),,,E,I,N,Y,N,,,0,0,0,0,0,0,P,,N,E,,N,N,E,,E,,N,E,,,,7/23/2013 1:48:47 PM,JACKIE,9/11/2009 4:42:37 PM,CMS,N,11087
WJCTC100,WJCT CHANNEL 7,100 FESTIVAL PARK AVENUE,,JACKSONVILLE,FL,32202,904-353-7770,,CLIFF,BOUCHARD,,CLIFF,BOUCHARD,,,,,,,,,FLORIDASALES,25,ARTIE HARDIE,0,(UNASSIGNED),DV,Duval County,N,,,(UnAssigned),NET 30,3/30/2026,0,,,365.45,365.45,0,0,0,0,0,Best Way,Destination,P,N,85-8012646948C-3,0,Y,0,Y,P,0,0,(UnAssigned),Y,N,0,,,,,,,,,,,,Use Item Price,i,I,,0,+,Cust prefers paper invoice,,,,,,,,,Y,,0,,(UnAssigned),Y,N,,(UnAssigned),,,C,A,N,Y,N,,,0,0,0,0,0,0,M,Rusty,N,E,,N,N,E,,E,,N,E,,,,7/23/2013 5:15:30 PM,LILA,12/5/2023 8:28:50 AM,JEFF,N,11088
MUDVI100,MUDVILLE GRILLE,3105 BEACH BLVD,,JACKSONVILLE,FL,32207,,,,,,,,,,,,,,,,FLORIDASALES,10,Randy Frontz,0,(UNASSIGNED),DV,Duval County,N,,,(UnAssigned),NET 30,,0,,,0,0,0,0,0,0,0,Best Way,Destination,P,Y,,0,Y,0,Y,P,0,0,(UnAssigned),N,N,0,,,,,,,,,,,,Use Item Price,i,I,,0,+,,,,,,,,,,N,,0,,(UnAssigned),Y,N,,(UnAssigned),,,E,I,N,Y,N,,,0,0,0,0,0,0,P,,N,E,,N,N,E,,E,,N,E,,,,7/24/2013 1:21:39 PM,JACKIE,9/11/2009 4:42:37 PM,CMS,N,11089
CSX..100,CSX  INTERMODAL TERMINAL,5902 SPORTSMAN CLUB RD,,JACKSONVILLE,FL,32219,345-7000,,,,,,,,,,,,,,,FLORIDASALES,52,RANDY FRONTZ,0,(UNASSIGNED),DV,Duval County,N,,,(UnAssigned),NET 30,4/29/2015,0,,,0,0,0,0,0,0,0,Best Way,Destination,P,Y,,0,Y,0,Y,P,0,0,(UnAssigned),N,N,0,,,,,,,,,,,,Use Item Price,i,I,,0,+,,,,,,,,,,N,,0,,(UnAssigned),Y,N,,(UnAssigned),,,E,I,N,Y,N,,,0,0,0,0,0,0,P,,N,E,,N,N,E,,E,,N,E,,,,7/29/2013 10:52:37 AM,JACKIE,4/29/2015 10:26:03 AM,STEVE,N,11090
FERRE100,FERRELL'S SEAFOOD,,,JACKSONVILLE,FL,,,,,,,,,,,,,,,,,FLORIDASALES,10,Randy Frontz,0,(UNASSIGNED),DV,Duval County,N,,,(UnAssigned),NET 30,,0,,,0,0,0,0,0,0,0,Best Way,Destination,P,Y,,0,Y,0,Y,P,0,0,(UnAssigned),N,N,0,,,,,,,,,,,,Use Item Price,i,I,,0,+,,,,,,,,,,N,,0,,(UnAssigned),Y,N,,(UnAssigned),,,E,I,N,Y,N,,,0,0,0,0,0,0,P,,N,E,,N,N,E,,E,,N,E,,,,7/29/2013 7:03:01 PM,LILA,9/11/2009 4:42:37 PM,CMS,N,11091
TVDOC100,TV DOCTOR,125 INDUSTRIAL LOOP  W,UNIT E,ORANGE PARK,FL,32073,,,TIM,NOLAN,TIM@TVDOCTOR.US,TIM,NOLAN,TIM@TVDOCTOR.US,TIM,NOLAN,TIM@TVDOCTOR.US,,,,,FLORIDASALES,10,Randy Frontz,0,(UNASSIGNED),DV,Duval County,N,,,(UnAssigned),NET 30,1/14/2014,0,,,0,0,0,0,0,0,0,Best Way,Destination,P,Y,,0,Y,0,Y,P,0,0,(UnAssigned),N,N,0,,,,,,,,,,,,Use Item Price,i,I,,0,+,,,,,,,,,,N,,0,,(UnAssigned),Y,N,,(UnAssigned),,,E,I,N,Y,N,,,0,0,0,0,0,0,P,,N,E,,N,N,E,,E,,N,E,,,,8/6/2013 10:15:54 AM,JACKIE,8/12/2013 1:56:03 PM,JACKIE,N,11092
ARLIN120,ARLINGTON PRESBYTERIAN CHURCH,1351 SPRINKLE DRIVE,,JACKSONVILLE,FL,32211,904-743-1211,,KERRI,(BOOKKEEPER),,,,,,,,,,,,FLORIDASALES,24,Artie Hardie - Existing,CHURCHES,CHURCHES,DV,Duval County,N,,,(UnAssigned),NET 30,8/20/2013,500,,,0,0,0,0,0,0,0,Best Way,Destination,P,N,,0,Y,0,Y,P,5,0,Southside,Y,N,0,,,,,,,,,,,,Use Item Price,i,I,,0,+,,,,,,,,,,Y,,0,,(UnAssigned),Y,N,,(UnAssigned),,,E,I,N,Y,N,,,0,0,0,0,0,0,P,,N,E,,N,N,E,,E,,N,E,,,,8/7/2013 3:24:20 PM,LILA,6/3/2015 1:06:42 PM,RANDY,N,11094
BISHO100,BISHOP J. SNYDER,5001 Samaritan Way,,Jacksonville,FL,32210,904-771-1029,,,,,,,,,,,,,,,FLORIDASALES,7,Eugene Aman,0,(UNASSIGNED),EX,Tax Exempt,N,,,(UnAssigned),NET 30,4/16/2026,0,,,1197.34,907.28,0,0,0,0,290.06,Best Way,Destination,P,N,85-8012564735C-8,0,Y,0,Y,P,0,0,(UnAssigned),N,N,0,,,,,,,,,,,,Use Item Price,i,I,,0,+,,,,,,,,,,N,,0,,(UnAssigned),Y,N,,(UnAssigned),,,C,I,N,Y,N,,,0,0,0,0,0,0,P,James,N,E,,N,N,E,,E,,N,E,,,,8/7/2013 4:07:02 PM,NEAL,1/30/2026 2:23:32 PM,JEFF,N,11095
BESTW100,BESTWAY INDUSTRIAL SUPPLY,1928 BRUCE STREET,,LAKELAND,FL,33801,863-858-9253,863-683-7034,WAYNE,SMITH,BESTWAYCO@AOL.COM,,,,,,,,,,,FLORIDASALES,10,Randy Frontz,0,(UNASSIGNED),EX,Tax Exempt,N,,,(UnAssigned),NET 30,12/22/2014,0,,,0,0,0,0,0,0,0,Best Way,Destination,P,N,63-801391668-0 *13,0,Y,0,Y,P,0,0,(UnAssigned),N,N,0,,,,,,,,,,,,Use Item Price,i,I,,0,+,,,,,,,,,,N,,0,,(UnAssigned),Y,N,,(UnAssigned),,,E,I,N,Y,N,,,0,0,0,0,0,0,P,,N,E,,N,N,E,,E,,N,E,,,,8/8/2013 8:37:12 AM,JACKIE,6/21/2017 8:56:23 AM,DAVID,N,11096
C&SWH110,C & S WHOLESALE GROCERS,PO BOX 821,,BRATTLEBORO,VT,5302,802-257-4371,802-257-6612,Cara,McInnis,cmcinnis@cswg.com,Tom,Barr,TomBarr@biloholdings.com,ACCOUNTS,PAYABLE,merchandiseinvoices@cswg.com,,,,,FLORIDASALES,10,Randy Frontz,0,(UNASSIGNED),DV,Duval County,N,,,(UnAssigned),NET 30,4/14/2026,20000,,,11181.6,8106.6,0,260,0,0,2815,Best Way,Destination,P,N,26-8016202388-4*17,0,Y,0,Y,P,7,0,Westside,N,Y,1,GEN100,GENERAL MERCHANDISE DIST CENTER,5050 EDGEWOOD CT,,JACKSONVILLE,FL,32254,,,,,Use Item Price,i,I,,0,+,Customer doesn't take invoices,on email.,,VENDOR #32206,,,,,,Y,,*MAIN,,(UnAssigned),N,N,,(UnAssigned),,,A,A,Y,Y,N,,,0,0,0,0,0,0,M,AP,Y,E,OPEN INVOICE,N,N,E,,E,,N,E,,,,8/12/2013 9:29:58 AM,LILA,6/27/2025 10:40:19 AM,NATE,N,11097
RULON100,RULON INTERNATIONAL,2000 RING WAY ROAD,,ST. AUGUSTINE,FL,32092,904-584-1400,904-584-1499,TIM R,TYLER,ttyler@rulonco.com,TIM R,TYLER,ttyler@rulonco.com,VINCENT,NUGENT,vincent@rulonco.com,,,,,FLORIDASALES,93,RANDY FRONTZ,0,(UNASSIGNED),SJ,St. Johns County,N,,,(UnAssigned),NET 30,1/10/2017,10000,,,0,0,0,0,0,0,0,Best Way,Destination,P,N,65-8013532571-0  *16,0,Y,0,Y,P,0,0,(UnAssigned),N,N,0,,,,,,,,,,,,Use Item Price,i,I,,0,+,,,,,,,,,,Y,,0,,(UnAssigned),Y,N,,(UnAssigned),,,E,I,N,Y,N,,,0,0,0,0,0,0,M,VINCENT,Y,E,TIM R,N,N,E,,E,,N,E,,,,8/13/2013 7:46:09 AM,RANDY,1/15/2016 11:00:12 AM,STEVE,N,11098
EASTE110,EASTERN LIFT TRUCK CO.,549 E. LINWOOD AVE,,MAPLE SHADE,NJ,8052,856-779-8880,,JOHN,MURPHY,jdmurphy@comcast.net,JOHN,MURPHY,jdmurphy@comcast.net,,,,,,,,FLORIDASALES,10,Randy Frontz,0,(UNASSIGNED),DV,Duval County,N,,,(UnAssigned),NET 30,8/21/2013,0,,,0,0,0,0,0,0,0,Best Way,Destination,P,Y,,0,Y,0,Y,P,0,0,(UnAssigned),N,N,0,,,,,,,,,,,,Use Item Price,i,I,,0,+,,,,,,,,,,N,,0,,(UnAssigned),Y,N,,(UnAssigned),,,E,I,N,Y,N,,,0,0,0,0,0,0,P,,N,E,,N,N,E,,E,,N,E,,,,8/15/2013 2:44:22 PM,RANDY,9/11/2009 4:42:37 PM,CMS,N,11100
PUROC100,PuroClean Emergency Services,4737 Dellwood Ave.,,Jacksonville,FL,32205,904-573-3566,904-,Wayne,Terry,wterry@puroclean.com,,,,Wayne,Terry,wterry@puroclean.com,,,,,FLORIDASALES,10,Randy Frontz,0,(UNASSIGNED),DV,Duval County,N,,,(UnAssigned),NET 30,8/19/2013,0,,,0,0,0,0,0,0,0,Best Way,Destination,P,Y,,0,Y,0,Y,P,0,0,(UnAssigned),N,N,0,,,,,,,,,,,,Use Item Price,i,I,,0,+,,,,,,,,,,N,,0,,(UnAssigned),Y,N,,(UnAssigned),,,E,I,N,Y,N,,,0,0,0,0,0,0,P,,N,E,,N,N,E,,E,,N,E,,,,8/16/2013 7:22:31 AM,RANDY,10/7/2014 12:31:06 PM,JOHN,N,11101
I10JA100,I-10 JAX HOTELS LLC,DBA REALITIES LOUNGE,510 SOUTH LANE AVENUE,JACKSONVILLE,FL,32254,904-786-0500X269,,LINDA,LOUNGE,,LINDA,LOUNGE,,,,,,,,,FLORIDASALES,10,Randy Frontz,0,(UNASSIGNED),DV,Duval County,N,,,(UnAssigned),NET 30,11/3/2013,0,,,0,0,0,0,0,0,0,Best Way,Destination,P,Y,,0,Y,0,Y,P,0,0,(UnAssigned),N,N,0,,,,,,,,,,,,Use Item Price,i,I,,0,+,LINDAS CELL 248-9264,,,,,,,,,N,,0,,(UnAssigned),Y,N,,(UnAssigned),,,E,I,N,Y,N,,,0,0,0,0,0,0,P,,N,E,,N,N,E,,E,,N,E,,,,8/16/2013 10:01:26 AM,JACKIE,11/5/2014 12:33:12 PM,STEVE,N,11102
RECOV100,RECOVERY COORDINATOR UMTBN,3901 University Blvd. South,Suite 119,Jacksonville,FL,32216,(904) 304-8371,,,,,,,,,,,,,,,FLORIDASALES,10,Randy Frontz,0,(UNASSIGNED),DV,Duval County,N,,,(UnAssigned),NET 30,,0,,,0,0,0,0,0,0,0,Best Way,Destination,P,Y,,0,Y,0,Y,P,0,0,(UnAssigned),N,N,0,,,,,,,,,,,,Use Item Price,i,I,,0,+,,,,,,,,,,N,,0,,(UnAssigned),Y,N,,(UnAssigned),,,E,I,N,Y,N,,,0,0,0,0,0,0,P,,N,E,,N,N,E,,E,,N,E,,,,8/19/2013 2:33:54 PM,JACKIE,8/19/2013 2:35:12 PM,JACKIE,N,11103
COMMU100,HIDDEN HILLS COUNTRY CLUB ESTATES,7400 BAYMEADOWS WAY,SUITE 317,JACKSONVILLE,FL,32256,904-646-1201,,BERNARD,VILA,invoices@cmcjaxfla.com,MICHELLE,GRIGGS,MGRIGGS@cmcjaxfla.com,BERNARD,VILA,invoices@cmcjaxfla.com,,,,,FLORIDASALES,25,ARTIE HARDIE,0,(UNASSIGNED),DV,Duval County,N,,,(UnAssigned),NET 30,8/27/2018,0,,,0,0,0,0,0,0,0,Best Way,Destination,P,Y,,0,Y,0,Y,P,5,0,Southside,Y,Y,1,1,"CMC OF JAX, INC",12495 MISSION HILL DRIVE SOUTH,(DELIVER TO GUARD GATE),JACKSONVILLE,FL,32225,OFFICER LINDSAY,M-FRI 7-3PM,REF PROPERTY #JAX 208,,Use Item Price,i,I,,0,+,,,,,,M-FRI 7-3PM,,,,Y,JAX218,*MAIN,,(UnAssigned),Y,N,,(UnAssigned),,,E,I,N,Y,N,,,0,0,0,0,0,0,M,Billing,N,E,,N,N,E,,E,,N,E,Billing,,,8/21/2013 3:08:12 PM,LILA,5/3/2021 3:22:47 PM,NATE,N,11104
MANDA100,MANDARIN PRESBYTERIAN CHURCH,11844 MANDARIN RD,,JACKSONVILLE,FL,32223,904-680-9944,,,,,,,,,,,,,,,FLORIDASALES,24,Artie Hardie - Existing,CHURCHES,CHURCHES,DV,Duval County,N,,,(UnAssigned),NET 30,4/24/2014,500,,,0,0,0,0,0,0,0,Best Way,Destination,P,N,85-8012683674C-8,0,Y,0,Y,P,5,0,Southside,Y,N,0,,,,,,,,,,,,Use Item Price,i,I,,0,+,,,,,,,,,,Y,,*MAIN,,(UnAssigned),Y,N,,(UnAssigned),,,E,I,N,Y,N,,,0,0,0,0,0,0,P,,N,E,,Y,N,E,,E,,N,E,,,,8/23/2013 12:59:03 PM,LILA,6/3/2015 1:07:22 PM,RANDY,N,11105
DEWFR100,DEW FRESH,2326 BLANDING BLVD,,JACKSONVILLE,FL,32210,904-387-1455,,BEVERLY,MANAGER,,,,,,,,,,,,FLORIDASALES,25,ARTIE HARDIE,0,(UNASSIGNED),DV,Duval County,N,,,(UnAssigned),NET 30,5/3/2016,0,,,0,0,0,0,0,0,0,Best Way,Destination,P,Y,,0,Y,0,Y,P,0,0,(UnAssigned),N,N,0,,,,,,,,,,,,Use Item Price,i,I,,0,+,,,,,,,,,,N,,0,,(UnAssigned),Y,N,,(UnAssigned),,,E,I,N,Y,N,,,0,0,0,0,0,0,P,,N,E,,N,N,E,,E,,N,E,,,,8/27/2013 4:15:30 PM,LILA,8/27/2013 4:46:28 PM,LILA,N,11106
DUVAL120,DUVAL ASPHALT,7544 PHILLIPS HIGHWAY,,JACKSONVILLE,FL,32256,904-296-2020,,ACCOUNTS,PAYABLE x223,apinvoices@duvalasphalt.com,,,,,,,,,,,FLORIDASALES,25,ARTIE HARDIE,0,(UNASSIGNED),DV,Duval County,N,,,(UnAssigned),NET 30,11/11/2015,0,,,0,0,0,0,0,0,0,Best Way,Destination,P,Y,,0,Y,0,Y,P,0,0,(UnAssigned),N,N,0,,,,,,,,,,,,Use Item Price,i,I,,0,+,,,,,,,,,,N,,0,,(UnAssigned),Y,N,,(UnAssigned),,,E,I,N,Y,N,,,0,0,0,0,0,0,M,ACCOUNTS,N,E,,N,N,E,,E,,N,E,,,,8/27/2013 4:17:06 PM,LILA,12/1/2015 9:08:46 AM,STEVE,N,11107
PROMI100,PROMISE LAND BAPTIST CHURCH,2197 BLAIR ROAD,,JACKSONVILLE,FL,32221,904-783-9980,,RACHEL,HOLDEN,office@promiselandbaptist.org,ANNE,STOVALL,,RACHEL,HOLDEN,office@promiselandbaptist.org,,,,,FLORIDASALES,51,RANDY FRONTZ,0,(UNASSIGNED),DV,Duval County,N,,,(UnAssigned),NET 30,9/7/2022,0,,,0,0,0,0,0,0,0,Best Way,Destination,P,N,85-8012572398C-6,0,Y,0,Y,P,0,0,(UnAssigned),N,Y,1,1,PROMISE LAND BAPTIST CHURCH,2197 BLAIR ROAD,,JACKSONVILLE,FL,32221,,,,,Use Item Price,i,I,,0,+,,,,,,,,,,N,,0,,(UnAssigned),Y,N,,(UnAssigned),,,E,A,N,Y,N,,,0,0,0,0,0,0,M,RACHEL,N,E,,N,N,E,,E,,N,E,,,,9/5/2013 3:53:14 PM,NEAL,5/3/2021 2:59:49 PM,NATE,N,11110
FARAH100,FARAH'S PITA STOP & CAFE,3980 SOUTHSIDE BLVD SUITE #201,,JACKSONVILLE,FL,32216,904-928-4322,,,,,,,,,,,,,,,FLORIDASALES,10,Randy Frontz,0,(UNASSIGNED),DV,Duval County,N,,,(UnAssigned),C.O.D. BY REQUEST,11/15/2013,0,,,0,0,0,0,0,0,0,Best Way,Destination,P,N,26-8013815012-7,0,Y,0,Y,P,0,0,(UnAssigned),N,N,0,,,,,,,,,,,,Use Item Price,i,I,,0,+,,,,,,,,,,N,,0,,(UnAssigned),Y,N,,(UnAssigned),,,E,I,N,Y,N,,,0,0,0,0,0,0,P,,N,E,,Y,N,E,,E,,N,E,,,,9/9/2013 12:03:57 PM,NEAL,10/24/2013 10:32:46 AM,JACKIE,N,11111
TREMR100,TREMRON,2885 SAINT CLAIR STREET,,JACKSONVILLE,FL,32254,904-359-5900,,DAPHNE,BECK,DBECK@TREMRON.COM,DAPHNE,BECK,DBECK@TREMRON.COM,DAPHNE,BECK,DBECK@TREMRON.COM,,,,,FLORIDASALES,10,Randy Frontz,0,(UNASSIGNED),DV,Duval County,N,,,(UnAssigned),NET 30,9/12/2013,0,,,0,0,0,0,0,0,0,Best Way,Destination,P,Y,,0,Y,0,Y,P,0,0,(UnAssigned),N,N,0,,,,,,,,,,,,Use Item Price,i,I,,0,+,,,,,,,,,,N,,0,,(UnAssigned),Y,N,,(UnAssigned),,,E,I,N,Y,N,,,0,0,0,0,0,0,P,,N,E,,N,N,E,,E,,N,E,,,,9/11/2013 3:42:44 PM,LILA,9/11/2009 4:42:37 PM,CMS,N,11113
ASSOC100,"ASSOCIATED PACKAGING,INC",435 CALVERT DRIVE,,GALLATIN,TN,37066-5448,,,,,,,,,,,,,,,,FLORIDASALES,10,Randy Frontz,0,(UNASSIGNED),DV,Duval County,N,,,(UnAssigned),NET 30,,0,,,0,0,0,0,0,0,0,Best Way,Destination,P,Y,62-1018129,0,Y,0,Y,P,0,0,(UnAssigned),N,N,0,,,,,,,,,,,,Use Item Price,i,I,,0,+,,,,,,,,,,N,,*MAIN,,(UnAssigned),Y,N,,(UnAssigned),,,E,I,N,Y,N,,,0,0,0,0,0,0,P,,N,E,,N,N,E,,E,,N,E,,,,9/12/2013 10:11:00 AM,JACKIE,9/12/2013 10:11:45 AM,JACKIE,N,11114
FINAN100,"FINANCIAL MARKETING CONCEPTS, INC.",,,,,,,,,,,,,,,,,,,,,FLORIDASALES,10,Randy Frontz,0,(UNASSIGNED),DV,Duval County,N,,,(UnAssigned),NET 30,,0,,,0,0,0,0,0,0,0,Best Way,Destination,P,Y,,0,Y,0,Y,P,0,0,(UnAssigned),N,N,0,,,,,,,,,,,,Use Item Price,i,I,,0,+,,,,,,,,,,N,,0,,(UnAssigned),Y,N,,(UnAssigned),,,E,I,N,Y,N,,,0,0,0,0,0,0,P,,N,E,,N,N,E,,E,,N,E,,,,9/17/2013 4:12:02 PM,LILA,9/11/2009 4:42:37 PM,CMS,N,11117
CILFO100,CIL FORWARDING,1030 N ELLIS ROAD,,JACKSONVILLE,FL,32254,,,,,,,,,,,,,,,,FLORIDASALES,93,RANDY FRONTZ,0,(UNASSIGNED),DV,Duval County,N,,,(UnAssigned),NET 30,4/17/2014,0,,,0,0,0,0,0,0,0,Best Way,Destination,P,Y,,0,Y,0,Y,P,0,0,(UnAssigned),N,Y,3,1,CIL FORWARDING,1030 N. ELLIS ROAD,,JACKSONVILLE,FL,32254,,,,,Use Item Price,i,I,,0,+,,,,,,,,,,N,,0,,(UnAssigned),Y,N,,(UnAssigned),,,E,I,N,Y,N,,,0,0,0,0,0,0,P,,N,E,,N,N,E,,E,,N,E,,,,9/18/2013 9:12:09 AM,JACKIE,10/21/2014 3:24:41 PM,STEVE,N,11118
LARRY100,LARRYS GIANT SUBS,4479 DEERWOOD LAKE PWY,,JACKSONVILLE,FL,32216,904-739-9069,,,,,,,,,,,,,,,FLORIDASALES,24,Artie Hardie - Existing,0,(UNASSIGNED),DV,Duval County,N,,,(UnAssigned),NET 30,10/13/2014,0,,,0,0,0,0,0,0,0,Best Way,Destination,P,N,26-8013005560-0,0,Y,0,Y,P,0,0,(UnAssigned),Y,Y,1,1,LARRYS GIANT SUBS,4479 DEERWOOD LAKE PWY,,JACKSONVILLE,FL,32216,,,,,Use Item Price,i,I,,0,+,,,,,,,,,,N,,0,,(UnAssigned),Y,N,,(UnAssigned),,,E,I,N,Y,N,,,0,0,0,0,0,0,P,,N,E,,Y,N,E,,E,,N,E,,,,9/26/2013 2:44:47 PM,JACKIE,6/3/2015 1:07:05 PM,RANDY,N,11122
STEEL100,STEEL MILL CROSSFIT,400 EDGEWOOD AVE SOUTH,,JACKSONVILLE,FL,32205,,cell 904-813-9063,JASON,BLANDFORD,jab0116@yahoo.com,JASON,BLANDFORD,jab0116@yahoo.com,JASON,BLANDFORD,jab0116@yahoo.com,,,,,FLORIDASALES,10,Randy Frontz,0,(UNASSIGNED),DV,Duval County,N,,,(UnAssigned),NET 30,3/10/2021,0,,,0,0,0,0,0,0,0,Best Way,Destination,P,Y,,0,Y,0,Y,P,0,0,(UnAssigned),N,N,0,,,,,,,,,,,,Use Item Price,i,I,,0,+,,,,,,,,,Y,N,,0,,(UnAssigned),Y,N,,(UnAssigned),,,E,I,N,Y,N,,,0,0,0,0,0,0,P,,N,E,,N,N,E,,E,,N,E,,,,10/7/2013 12:58:41 PM,RANDY,1/14/2019 10:30:48 AM,PETE,N,11124
MARTI100,DR. GAYLE  MARTIN,1893 KINGSLEY AVENUE,SUITE B,ORANGE PARK,FL,32073,904-276-3535,,,,,,,,,,,,,,,FLORIDASALES,10,Randy Frontz,0,(UNASSIGNED),DV,Duval County,N,,,(UnAssigned),NET 30,11/29/2017,0,,,0,0,0,0,0,0,0,Best Way,Destination,P,Y,,0,Y,0,Y,P,0,0,(UnAssigned),N,N,0,,,,,,,,,,,,Use Item Price,i,I,,0,+,,,,,,,,,,N,,0,,(UnAssigned),Y,N,,(UnAssigned),,,E,I,N,Y,N,,,0,0,0,0,0,0,P,,N,E,,N,N,E,,E,,N,E,,,,10/9/2013 3:26:50 PM,JACKIE,9/11/2009 4:42:37 PM,CMS,N,11125
AEGIS100,AEGIS MAGAGEMENT,P.O. BOX 2055,,PONTE VEDRA BEACH,FL,32004,904-280-7616,904-280-7674,,,,,,,,,,,,,,FLORIDASALES,10,Randy Frontz,0,(UNASSIGNED),DV,Duval County,N,,,(UnAssigned),NET 30,12/17/2014,0,,,0,0,0,0,0,0,0,Best Way,Destination,P,Y,,0,Y,0,Y,P,0,0,(UnAssigned),N,Y,1,1,THE LAKE SANCTUARY,3730 SANCTUARY WAY NORTH,ATTN: BYRON CHOU,JACKSONVILLE BEACH,FL,32250,,,,,Use Item Price,i,I,,0,+,,,,,,,,,,N,,0,,(UnAssigned),Y,N,,(UnAssigned),,,E,I,N,Y,N,,,0,0,0,0,0,0,P,,N,E,,N,N,E,,E,,N,E,,,,10/10/2013 1:14:49 PM,JOHN,9/11/2009 4:42:37 PM,CMS,N,11128
FOXWO100,FOXWOOD CIVIC ASSOCIATION,2559 FOXWOOD ROAD SOUTH,,ORANGE PARK,FL,32073,904-742-0221,,,,,,,,,,,,,,,FLORIDASALES,10,Randy Frontz,0,(UNASSIGNED),DV,Duval County,N,,,(UnAssigned),NET 30,12/10/2021,0,,,0,0,0,0,0,0,0,Best Way,Destination,P,Y,,0,Y,0,Y,P,0,0,(UnAssigned),N,Y,1,1,FOXWOOD CIVIC ASSOCIATION,2559 FOXWOOD ROAD SOUTH,,ORANGE PARK,FL,32073,EMILY,,,,Use Item Price,i,I,,0,+,,,,,,,,,,N,,0,,(UnAssigned),Y,N,,(UnAssigned),,,E,I,N,Y,N,,,0,0,0,0,0,0,P,,N,E,,N,N,E,,E,,N,E,,,,10/17/2013 3:21:06 PM,JACKIE,9/10/2021 10:42:50 AM,RANDY,N,11129
SCOTT100,SCOTT BALDWIN,4813 SAPPHO AVE,,JACKSONVILLE,FL,32205,904-520-0689,,SCOTT,BALDWIN,SCABO@ATT.NET,SCOTT,BALDWIN,SCABO@ATT.NET,SCOTT,BALDWIN,SCABO@ATT.NET,,,,,FLORIDASALES,10,Randy Frontz,0,(UNASSIGNED),DV,Duval County,N,,,(UnAssigned),NET 30,11/8/2013,0,,,0,0,0,0,0,0,0,Best Way,Destination,P,Y,,0,Y,0,Y,P,0,0,(UnAssigned),N,N,0,,,,,,,,,,,,Use Item Price,i,I,,0,+,,,,,,,,,,N,,0,,(UnAssigned),Y,N,,(UnAssigned),,,E,I,N,Y,N,,,0,0,0,0,0,0,P,,N,E,,N,N,E,,E,,N,E,,,,10/21/2013 12:37:09 PM,RANDY,9/11/2009 4:42:37 PM,CMS,N,11130
AMPOR100,AM-PORT,9240 BLOUNT ISLAND BLVD,,JACKSONVILLE,FL,32226,904-751-4391,904-757-5133,DAVID,WENDEL,DWendel@amports.com,DAVID,WENDEL,DWendel@amports.com,Christina,Lee,Christina.lee@AMPORTS.COM,,,,,FLORIDASALES,10,Randy Frontz,0,(UNASSIGNED),DV,Duval County,N,,,(UnAssigned),NET 30,6/25/2018,0,,,0,0,0,0,0,0,0,Best Way,Destination,P,Y,,0,Y,0,Y,P,0,0,(UnAssigned),Y,N,0,,,,,,,,,,,,Use Item Price,i,I,,0,+,other cell number for david,9046522185,,,,,,,,N,,0,,(UnAssigned),Y,N,,(UnAssigned),,,E,I,N,Y,N,,,0,0,0,0,0,0,M,NEW,N,E,,N,N,E,,E,,N,E,,,,10/23/2013 1:36:03 PM,JACKIE,3/25/2019 10:13:37 AM,PETE,N,11131
CARVA100,CARVALENTIS CAKES,5601 EDENFIELD RD,UNIT 303,JACKSONVILLE,FL,32277,,,VALERIE,.,,,,,,,,,,,,FLORIDASALES,10,Randy Frontz,0,(UNASSIGNED),DV,Duval County,N,,,(UnAssigned),NET 30,6/2/2021,0,,,0,0,0,0,0,0,0,Best Way,Destination,P,Y,,0,Y,0,Y,P,0,0,(UnAssigned),N,N,0,,,,,,,,,,,,30% Profit Margin,p30,P,,30,+,,,,,,,,,,N,,0,,(UnAssigned),Y,N,,(UnAssigned),,,E,I,N,Y,N,,,0,0,0,0,0,0,P,,N,E,,N,N,E,,E,,N,E,,,,11/1/2013 9:34:23 AM,BRITTANY,11/29/2022 1:08:29 PM,NATE,N,11133
FRIEN100,FRIENDS OF STOCKTON,4827 CARLISLE ROAD,,JACKSONVILLE,FL,32210,904-994-2706,,,,,,,,,,,,,,,FLORIDASALES,10,Randy Frontz,0,(UNASSIGNED),DV,Duval County,N,,,(UnAssigned),NET 30,12/15/2017,0,,,0,0,0,0,0,0,0,Best Way,Destination,P,N,,0,Y,0,Y,P,0,0,(UnAssigned),N,N,0,,,,,,,,,,,,Use Item Price,i,I,,0,+,,,,,,,,,,N,,0,,(UnAssigned),Y,N,,(UnAssigned),,,E,I,N,Y,N,,,0,0,0,0,0,0,P,,N,E,,N,N,E,,E,,N,E,,,,11/1/2013 10:09:59 AM,JACKIE,12/1/2016 12:13:11 PM,TYLER,N,11135
WESTN100,WEST NORMANDY BAPTIST CHURCH,8728 NORMANDY BLVD,,JACKSONVILLE,FL,32221,904-434-4797,,,,,,,,,,,,,,,FLORIDASALES,10,Randy Frontz,0,(UNASSIGNED),DV,Duval County,N,,,(UnAssigned),NET 30,3/2/2014,0,,,0,0,0,0,0,0,0,Best Way,Destination,P,N,,0,Y,0,Y,P,0,0,(UnAssigned),N,N,0,,,,,,,,,,,,Use Item Price,i,I,,0,+,,,,,,,,,,N,,0,,(UnAssigned),Y,N,,(UnAssigned),,,E,I,N,Y,N,,,0,0,0,0,0,0,P,,N,E,,N,N,E,,E,,N,E,,,,11/14/2013 4:31:22 PM,NEAL,1/14/2015 3:50:52 PM,STEVE,N,11136
FRESH100,FRESH FIELD FARMS,,,,,,,,,,,,,,,,,,,,,FLORIDASALES,10,Randy Frontz,0,(UNASSIGNED),DV,Duval County,N,,,(UnAssigned),NET 30,,0,,,0,0,0,0,0,0,0,Best Way,Destination,P,Y,,0,Y,0,Y,P,0,0,(UnAssigned),N,N,0,,,,,,,,,,,,Use Item Price,i,I,,0,+,,,,,,,,,,N,,0,,(UnAssigned),Y,N,,(UnAssigned),,,E,I,N,Y,N,,,0,0,0,0,0,0,P,,N,E,,N,N,E,,E,,N,E,,,,11/18/2013 10:28:59 AM,JACKIE,9/11/2009 4:42:37 PM,CMS,N,11137
NASSA120,NASSAU COUNTY JUDICIAL ANNEX,NASSAU COUNTY BOCC - FACILITIES,76347 VETERANS WAY,YULEE,FL,32097,904-548-4969,904-548-4509,BILL,HOWARD,bhoward@nassaucountyfl.com,BILL,HOWARD,bhoward@nassaucountyfl.com,BILL,HOWARD,bhoward@nassaucountyfl.com,,,,,FLORIDASALES,10,Randy Frontz,0,(UNASSIGNED),DV,Duval County,N,,,(UnAssigned),NET 30,,0,,,0,0,0,0,0,0,0,Best Way,Destination,P,Y,,0,Y,0,Y,P,0,0,(UnAssigned),N,N,0,,,,,,,,,,,,Use Item Price,i,I,,0,+,,,,,,,,,,N,,0,,(UnAssigned),Y,N,,(UnAssigned),,,E,I,N,Y,N,,,0,0,0,0,0,0,P,,N,E,,N,N,E,,E,,N,E,,,,11/18/2013 12:17:57 PM,RANDY,9/11/2009 4:42:37 PM,CMS,N,11138
MARSH100,MARSH LANDING MASTER ASSOCIATION,4200 MARSH LANDING PARKWAY,SUITE 200,JACKSONVILLE BEACH,FL,32250,,,,,,,,,,,,,,,,FLORIDASALES,10,Randy Frontz,0,(UNASSIGNED),DV,Duval County,N,,,(UnAssigned),NET 30,9/16/2016,0,,,0,0,0,0,0,0,0,Best Way,Destination,P,Y,,0,Y,0,Y,P,0,0,(UnAssigned),N,N,0,,,,,,,,,,,,Use Item Price,i,I,,0,+,,,,,,,,,,N,,0,,(UnAssigned),Y,N,,(UnAssigned),,,E,I,N,Y,N,,,0,0,0,0,0,0,P,,N,E,,N,N,E,,E,,N,E,,,,11/21/2013 11:12:00 AM,JACKIE,12/9/2013 11:55:54 AM,JOHN,N,11139
MEDIC100,MEDICAL CENTER ASSOCIATES,CARLYLE MARTIN,590 Wells Rd,ORANGE PARK,FL,32073,904-272-6955,904-272-5001,,,,,,,,,,,,,,FLORIDASALES,10,Randy Frontz,0,(UNASSIGNED),DV,Duval County,N,,,(UnAssigned),NET 30,3/24/2026,0,,,98.09,98.09,0,0,0,0,0,Best Way,Destination,P,Y,,0,Y,0,Y,P,0,0,(UnAssigned),N,N,0,,,,,,,,,,,,Use Item Price,i,I,,0,+,Cust wants paper inv,,,,,,,,,N,,0,,(UnAssigned),Y,N,,(UnAssigned),,,D,A,N,Y,N,,,0,0,0,0,0,0,P,CARLYLE,N,E,,N,N,E,,E,,N,E,,,,11/21/2013 3:52:52 PM,NEAL,4/17/2019 8:33:58 AM,NATE,N,11141
COMME100,COMMERCIAL SERVICES,2465 ST JOHNS BLUFF RD SOUTH,,JACKSONVILLE,FL,32246,904-642-3606,,,,,,,,,,,,,,,FLORIDASALES,10,Randy Frontz,0,(UNASSIGNED),DV,Duval County,N,,,(UnAssigned),NET 30,12/16/2014,0,,,0,0,0,0,0,0,0,Best Way,Destination,P,Y,,0,Y,0,Y,P,0,0,(UnAssigned),N,N,0,,,,,,,,,,,,Use Item Price,i,I,,0,+,,,,,,,,,,N,,0,,(UnAssigned),Y,N,,(UnAssigned),,,E,I,N,Y,N,,,0,0,0,0,0,0,M,MARION,N,E,,N,N,E,,E,,N,E,,,,12/6/2013 11:36:58 AM,NEAL,1/22/2015 11:37:03 AM,STEVE,N,11142
RIVER100,RIVERSIDE PRESB CHURCH,849 PARK STREET,,JACKSONVILLE,FL,32204,904-355-4585,,,,,,,,,,,,,,,FLORIDASALES,50,RANDY FRONTZ,0,(UNASSIGNED),EX,Tax Exempt,N,,,(UnAssigned),NET 30,6/12/2015,0,,,0,0,0,0,0,0,0,Best Way,Destination,P,N,85-8012672687C-2,0,Y,0,Y,P,0,0,(UnAssigned),Y,N,0,,,,,,,,,,,,Use Item Price,i,I,,0,+,,,,,,,,,,N,,*MAIN,,(UnAssigned),Y,N,,(UnAssigned),,,E,I,N,Y,N,,,0,0,0,0,0,0,M,CHERYLE,N,E,,N,N,E,,E,,N,E,,,,12/9/2013 10:48:23 AM,JACKIE,2/17/2015 10:02:20 AM,STEVE,N,11143
TOLEM100,TOLEMAC,7520 STATE ROAD 13 NORTH,,ST. AUGUSTINE,FL,32092,904-217-8173,,CLIFF,MCGAHEE,cliff@tolemac.com,,,,,,,,,,,FLORIDASALES,25,ARTIE HARDIE,0,(UNASSIGNED),DV,Duval County,N,,,(UnAssigned),NET 30,12/10/2015,0,,,0,0,0,0,0,0,0,Best Way,Destination,P,Y,,0,Y,0,Y,P,0,0,(UnAssigned),N,N,0,,,,,,,,,,,,Use Item Price,i,I,,0,+,,,,,,,,,,N,,0,,(UnAssigned),Y,N,,(UnAssigned),,,E,I,N,Y,N,,,0,0,0,0,0,0,M,CLIFF,N,E,,N,N,E,,E,,N,E,,,,12/17/2013 11:38:21 AM,NEAL,1/5/2016 10:23:25 AM,STEVE,N,11145
DTHEN100,DTH ENTERPRISES,5351 RAMONA BLVD  SUITE #7,,JACKSONVILLE,FL,32205,904-503-3840,904-503-3841,,,,,,,,,,,,,,FLORIDASALES,10,Randy Frontz,0,(UNASSIGNED),DV,Duval County,N,,,(UnAssigned),NET 30,3/29/2018,500,,,0,0,0,0,0,0,0,Best Way,Destination,P,N,26-8015506550-7 *16,0,Y,0,Y,P,0,0,(UnAssigned),N,N,0,,,,,,,,,,,,Use Item Price,i,I,,0,+,,,,,,,,,,N,,0,,(UnAssigned),Y,N,,(UnAssigned),,,E,I,N,Y,N,,,0,0,0,0,0,0,M,TOM,N,E,,Y,N,E,,E,,N,E,,,,12/18/2013 1:14:47 PM,JOHN,1/25/2016 11:10:50 AM,STEVE,N,11147
MARGA100,MARGARETS WALK HOMEOWNER,2806 N. 5TH ST,UNIT 403,ST. AUGUSTINE,FL,32084,301-752-4849,,DEBRA,palmrose,debrapalmrose@aol.com,DEBRA,palmrose,debrapalmrose@aol.com,DEBRA,palmrose,debrapalmrose@aol.com,,,,,FLORIDASALES,20,RANDY FRONTZ,0,(UNASSIGNED),CL,Clay County,N,,,(UnAssigned),NET 30,11/21/2025,0,,,0,0,0,0,0,0,0,Best Way,Destination,P,Y,,0,Y,0,Y,P,0,0,(UnAssigned),N,Y,1,1,MARGARETS WALK HOMEOWNER,1709 MARGARETS WALK RD,,FLEMING ISLAND,FL,32003,,,,,Use Item Price,i,I,,0,+,,,,,,,,,,N,,0,,(UnAssigned),Y,N,,(UnAssigned),,,D,A,N,Y,N,,,0,0,0,0,0,0,M,DEBRA,N,E,,N,N,E,,E,,N,E,,,,12/20/2013 11:14:58 AM,RANDY,9/23/2025 11:05:08 AM,NATE,N,11148
GBITI100,GBI TILE,5748 MINING TERRACE,,JACKSONVILLE,FL,32257,,,,,,,,,,,,,,,,FLORIDASALES,10,Randy Frontz,0,(UNASSIGNED),DV,Duval County,N,,,(UnAssigned),NET 30,,0,,,0,0,0,0,0,0,0,Best Way,Destination,P,Y,,0,Y,0,Y,P,0,0,(UnAssigned),N,N,0,,,,,,,,,,,,Use Item Price,i,I,,0,+,,,,,,,,,,N,,0,,(UnAssigned),Y,N,,(UnAssigned),,,E,I,N,Y,N,,,0,0,0,0,0,0,P,,N,E,,N,N,E,,E,,N,E,,,,1/3/2014 2:55:58 PM,JACKIE,9/11/2009 4:42:37 PM,CMS,N,11150
BEAVE100,"BEAVER STREET FISHERIES, INC.",SEA BEST CORP.,1741 W. BEAVER STREET,JACKSONVILLE,FL,32209,904-633-7292,,,,,SHAUNEEN,MURPHY,smurphy@seabest.com,,,,,,,,FLORIDASALES,25,ARTIE HARDIE,0,(UNASSIGNED),DV,Duval County,N,,,(UnAssigned),NET 30,4/21/2017,0,,,0,0,0,0,0,0,0,Best Way,Destination,P,N,26-8012404535-60 *15,0,Y,0,Y,P,0,0,(UnAssigned),N,N,0,,,,,,,,,,,,Use Item Price,i,I,,0,+,CALL 633-7272 FOR DELV. APPT,,,,,,,,,N,,0,,(UnAssigned),N,N,,(UnAssigned),,,E,I,N,Y,N,,,0,0,0,0,0,0,M,ACCOUNTS,N,E,,N,N,E,,E,,N,E,,,,1/10/2014 11:44:42 AM,RANDY,6/21/2017 8:52:03 AM,DAVID,N,11151
MARKO100,"MARK ONE INDUSTRIES, INC.",1036 HUBBARD STREET,,JACKSONVILLE,FL,32206,904-354-4531,904-354-7979,ANDREA,STANFORD,WWW.MARKONEINDUSTRIES.COM,,,,,,,,,,,FLORIDASALES,10,Randy Frontz,0,(UNASSIGNED),DV,Duval County,N,,,(UnAssigned),NET 30,5/2/2014,0,,,0,0,0,0,0,0,0,Best Way,Destination,P,N,26-8015398222-4 15,0,Y,0,Y,P,0,0,(UnAssigned),N,N,0,,,,,,,,,,,,Use Item Price,i,I,,0,+,,,,,,,,,,N,,0,,(UnAssigned),N,N,,(UnAssigned),,,E,I,N,Y,N,,,0,0,0,0,0,0,M,ANDREA,N,E,,N,N,E,,E,,N,E,,,,1/17/2014 10:56:55 AM,JOHN,12/22/2014 11:07:47 AM,STEVE,N,11152
PALLE100,PALLET EXPRESS INC. OF JACKSONVILLE,7779 HAMMOND BLVD,,JACKSONVILLE,FL,32220,904-781-2500,,,,,,,,,,,,,,,FLORIDASALES,10,Randy Frontz,0,(UNASSIGNED),DV,Duval County,N,,,(UnAssigned),NET 30,3/17/2014,0,,,0,0,0,0,0,0,0,Best Way,Destination,P,Y,,0,Y,0,Y,P,0,0,(UnAssigned),N,N,0,,,,,,,,,,,,Use Item Price,i,I,,0,+,,,,,,,,,,N,,0,,(UnAssigned),Y,N,,(UnAssigned),,,E,I,N,Y,N,,,0,0,0,0,0,0,P,,N,E,,N,N,E,,E,,N,E,,,,1/27/2014 10:08:59 AM,NEAL,9/11/2009 4:42:37 PM,CMS,N,11153
WINND100,WINN DIXIE WAREHOUSE,5050 EDGEWOOD COURT,,JACKSONVILLE,FL,32254,,,,,,DENISE,DENISE,,,,,,,,,FLORIDASALES,10,Randy Frontz,0,(UNASSIGNED),DV,Duval County,N,,,(UnAssigned),NET 30,12/14/2015,0,,,0,0,0,0,0,0,0,Best Way,Destination,P,Y,,0,Y,0,Y,P,0,0,(UnAssigned),N,N,0,,,,,,,,,,,,Use Item Price,i,I,,0,+,,,,,,,,,,N,,0,,(UnAssigned),Y,N,,(UnAssigned),,,E,I,N,Y,N,,,0,0,0,0,0,0,P,,N,E,,N,N,E,,E,,N,E,,,,1/28/2014 9:17:26 AM,RANDY,1/20/2016 10:21:44 AM,STEVE,N,11154
RUSTY100,RUSTY'S PUB,8970 103RD ST,,JACKSONVILLE,FL,32210,904-771-4199,,JOANN (JoJo),FISHER,,JOANN (JoJo),FISHER,,,,,,,,,FLORIDASALES,24,Artie Hardie - Existing,0,(UNASSIGNED),DV,Duval County,N,,,(UnAssigned),NET 30,4/11/2014,0,,,0,0,0,0,0,0,0,Best Way,Destination,P,Y,,0,Y,0,Y,P,0,0,(UnAssigned),N,N,0,,,,,,,,,,,,Use Item Price,i,I,,0,+,,,,,,,,,,N,,0,,(UnAssigned),Y,N,,(UnAssigned),,,E,I,N,Y,N,,,0,0,0,0,0,0,P,,N,E,,N,N,E,,E,,N,E,,,,4/7/2014 3:06:00 PM,RANDY,9/11/2009 4:42:37 PM,CMS,N,11162
TOTAL100,TOTAL MILITARY MANAGEMENT TMM,6440 SOUTH POINT PKWAY,SUITE 200,JACKSONVILLE,FL,32216,9046944828,,,,,,,,,,,,,,,FLORIDASALES,10,Randy Frontz,0,(UNASSIGNED),DV,Duval County,N,,,(UnAssigned),NET 30,12/8/2015,0,,,0,0,0,0,0,0,0,Best Way,Destination,P,Y,,0,Y,0,Y,P,0,0,(UnAssigned),N,Y,1,1,TMM,8451 WESTERN WAY,,JACKSONVILLE,FL,32256,CHRISTINE MARLETTE,,,,Use Item Price,i,I,,0,+,,,,,,,,,,N,,0,,(UnAssigned),Y,N,,(UnAssigned),,,E,I,N,Y,N,,,0,0,0,0,0,0,M,MATT,N,E,,N,N,E,,E,,N,E,,,,4/7/2014 3:31:00 PM,JACKIE,12/1/2015 9:36:03 AM,STEVE,N,11163
BERNI110,BERNICE E. MORGAN,1945 BEACH AVE.,,ATLANTIC BEACH,FL,32233,,,BUNNY,MORGAN,,BOB,ASCHER,,,,,,,,,FLORIDASALES,10,Randy Frontz,0,(UNASSIGNED),DV,Duval County,N,,,(UnAssigned),NET 30,4/25/2014,0,,,0,0,0,0,0,0,0,Best Way,Destination,P,Y,,0,Y,0,Y,P,0,0,(UnAssigned),N,Y,1,220,BERNICE E. MORGAN,THE MORGAN BUILDING,220 E. FORSYTH ST,JACKSONVILLE,FL,32202,ESC SECURITY TO GO IN MENS ROOM,SEE ESC SECURITY AND PUT,PRODUCTS IN MENS ROOM,,Use Item Price,i,I,,0,+,,,,,,,,,,N,,0,,(UnAssigned),Y,N,,(UnAssigned),,,E,I,N,Y,N,,,0,0,0,0,0,0,P,,N,E,,N,N,E,,E,,N,E,,,,4/9/2014 3:37:51 PM,RANDY,4/10/2014 10:27:36 AM,RANDY,N,11165
TAURU100,TAURUS MANAGEMEMT,208 N. LAURA STREET,,JACKSONVILLE,FL,32202,854-9566,,,,,,,,,,,,,,,FLORIDASALES,10,Randy Frontz,0,(UNASSIGNED),DV,Duval County,N,,,(UnAssigned),NET 30,4/10/2014,0,,,0,0,0,0,0,0,0,Best Way,Destination,P,Y,,0,Y,0,Y,P,0,0,(UnAssigned),N,N,0,,,,,,,,,,,,Use Item Price,i,I,,0,+,,,,,,,,,,N,,0,,(UnAssigned),Y,N,,(UnAssigned),,,E,I,N,Y,N,,,0,0,0,0,0,0,P,,N,E,,N,N,E,,E,,N,E,,,,4/10/2014 12:12:07 PM,JOHN,12/29/2014 11:27:34 AM,STEVE,N,11166
ARANO100,ARA NORMANDY VILLAGE DIALYSIS CENT,1584 NORMANDY VILLAGE PKWY,,JACKSONVILLE,FL,32221,904-781-7272,904781-4282,SID,MOHART,SMOHART@AMERICANRENAL.COM,SID,MOHART,SMOHART@AMERICANRENAL.COM,SID,MOHART,SMOHART@AMERICANRENAL.COM,,,,,FLORIDASALES,50,RANDY FRONTZ,0,(UNASSIGNED),DV,Duval County,N,,,(UnAssigned),NET 30,5/15/2014,0,,,0,0,0,0,0,0,0,Best Way,Destination,P,Y,,0,Y,0,Y,P,0,0,(UnAssigned),N,N,0,,,,,,,,,,,,Use Item Price,i,I,,0,+,,,,,,,,,,N,,0,,(UnAssigned),Y,N,,(UnAssigned),,,E,I,N,Y,N,,,0,0,0,0,0,0,P,,N,E,,N,N,E,,E,,N,E,,,,4/21/2014 3:17:31 PM,RANDY,10/14/2014 8:51:10 AM,RANDY,N,11167
CLASS100,CLASSIC MARCITE,5951RICHARD LANE W,,JACKSONVILLE,FL,32216,904-448-4150,904-448-9914,,,,,,,,,,,,,,FLORIDASALES,10,Randy Frontz,0,(UNASSIGNED),DV,Duval County,N,,,(UnAssigned),NET 30,5/5/2014,0,,,0,0,0,0,0,0,0,Best Way,Destination,P,Y,,0,Y,0,Y,P,0,0,(UnAssigned),N,N,0,,,,,,,,,,,,Use Item Price,i,I,,0,+,,,,,,,,,,N,,0,,(UnAssigned),Y,N,,(UnAssigned),,,E,I,N,Y,N,,,0,0,0,0,0,0,P,,N,E,,N,N,E,,E,,N,E,,,,5/5/2014 11:32:33 AM,JACKIE,9/11/2009 4:42:37 PM,CMS,N,11168
AIRGR100,AIRGROUP INTERNATIONAL,HANGER 7110 AIRPORT ROAD,,STARKE,FL,32091,352-473-0090,352-473-0097,,,,,,,,,,,,,AIRGROPU[INT@ATT.NET,FLORIDASALES,10,Randy Frontz,0,(UNASSIGNED),DV,Duval County,N,,,(UnAssigned),CREDIT CARD,9/14/2015,0,,,0,0,0,0,0,0,0,Best Way,Destination,P,Y,,0,Y,0,Y,P,0,0,(UnAssigned),N,N,0,,,,,,,,,,,,Use Item Price,i,I,,0,+,,,,fax invoice at time of shippin,,,,,,N,,0,,(UnAssigned),Y,N,,(UnAssigned),,,E,I,N,Y,N,,,0,0,0,0,0,0,P,,N,E,,Y,N,E,,E,,N,E,,,,5/6/2014 11:10:37 AM,JACKIE,9/10/2015 11:24:50 AM,STEVE,N,11169
SENOR100,SENOR WINGS,700 BLANDING BLVD #10,,JACKSONVILLE,FL,32065,904-375-0746,,,,,,,,,,,,,,,FLORIDASALES,10,Randy Frontz,0,(UNASSIGNED),DV,Duval County,N,,,(UnAssigned),NET 30,,0,,,0,0,0,0,0,0,0,Best Way,Destination,P,Y,,0,Y,0,Y,P,0,0,(UnAssigned),N,N,0,,,,,,,,,,,,Use Item Price,i,I,,0,+,,,,,,,,,,N,,0,,(UnAssigned),Y,N,,(UnAssigned),,,E,I,N,Y,N,,,0,0,0,0,0,0,P,,N,E,,N,N,E,,E,,N,E,,,,5/7/2014 11:11:40 AM,NEAL,9/11/2009 4:42:37 PM,CMS,N,11170
DEPAR100,Department of Homeland Security,13077 Vereras Dr.,,Jacksonville,FL,32258,904-288-4614,,Wanda,Griggs,griggs@dhs.gov,Wanda,Griggs,griggs@dhs.gov,Wanda,Griggs,griggs@dhs.gov,,,,,FLORIDASALES,10,Randy Frontz,0,(UNASSIGNED),DV,Duval County,N,,,(UnAssigned),NET 30,5/19/2014,0,,,0,0,0,0,0,0,0,Best Way,Destination,P,Y,,0,Y,0,Y,P,0,0,(UnAssigned),N,N,0,,,,,,,,,,,,Use Item Price,i,I,,0,+,,,,,,,,,,N,,0,,(UnAssigned),Y,N,,(UnAssigned),,,E,I,N,Y,N,,,0,0,0,0,0,0,P,,N,E,,N,N,E,,E,,N,E,,,,5/15/2014 3:18:05 PM,RANDY,9/11/2009 4:42:37 PM,CMS,N,11172
GOODF100,GOODFELLAS CIGAR,3535ST JOHNS BLUFF RD S,,JACKSONVILLE,FL,3224,,,,,,,,,,,,,,,,FLORIDASALES,10,Randy Frontz,0,(UNASSIGNED),DV,Duval County,N,,,(UnAssigned),NET 30,,0,,,0,0,0,0,0,0,0,Best Way,Destination,P,Y,,0,Y,0,Y,P,0,0,(UnAssigned),N,N,0,,,,,,,,,,,,Use Item Price,i,I,,0,+,,,,,,,,,,N,,0,,(UnAssigned),Y,N,,(UnAssigned),,,E,I,N,Y,N,,,0,0,0,0,0,0,P,,N,E,,N,N,E,,E,,N,E,,,,5/29/2014 4:21:34 PM,JACKIE,9/11/2009 4:42:37 PM,CMS,N,11174
MATTH100,MATTHEW SCOTT GARY,1148 CAMBRIDGE ST,,DELTONA,FL,32775,386-748-6115,,MATTHEW,GARY,,MATTHEW,GARY,,MATTHEW,GARY,,,,,,FLORIDASALES,10,Randy Frontz,0,(UNASSIGNED),DV,Duval County,N,,,(UnAssigned),NET 30,6/4/2014,0,,,0,0,0,0,0,0,0,Best Way,Destination,P,N,,0,Y,0,Y,P,0,0,(UnAssigned),N,N,0,,,,,,,,,,,,Use Item Price,i,I,,0,+,,,,,,,,,,N,,0,,(UnAssigned),Y,N,,(UnAssigned),,,E,I,N,Y,N,,,0,0,0,0,0,0,P,,N,E,,N,N,E,,E,,N,E,,,,5/30/2014 3:10:59 PM,RANDY,12/16/2014 11:56:49 AM,STEVE,N,11176
ACTIO100,ACTION TIGER TRANSPORT,1420 VANTAGE WAY,SUITE102,JACKSONVILLE,FL,32218-1002,904-741-2141,,,,,,,,,,,,,,,FLORIDASALES,10,Randy Frontz,0,(UNASSIGNED),DV,Duval County,N,,,(UnAssigned),C.O.D. BY REQUEST,2/23/2015,0,,,0,0,0,0,0,0,0,Best Way,Destination,P,Y,,0,Y,0,Y,P,0,0,(UnAssigned),N,N,0,,,,,,,,,,,,Use Item Price,i,I,,0,+,,,,,,,,,,N,,0,,(UnAssigned),Y,N,,(UnAssigned),,,E,I,N,Y,N,,,0,0,0,0,0,0,P,,N,E,,Y,N,E,,E,,N,E,,,,6/3/2014 4:01:54 PM,JACKIE,12/24/2014 9:38:29 AM,STEVE,N,11178
SOUTH150,SOUTHEASTERN ENVIROMENTAL SERVICES,2940 MERCURY ROAD,,JACKSONVILLE,FL,32207-7913,904-731-0100,904-731-1606,SANDRA,WILCZEK,sandy@seenviro.com,SANDRA,WILCZEK,sandy@seenviro.com,SANDRA,WILCZEK,sandy@seenviro.com,,,,,FLORIDASALES,10,Randy Frontz,0,(UNASSIGNED),DV,Duval County,N,,,(UnAssigned),NET 30,4/16/2015,0,,,0,0,0,0,0,0,0,Best Way,Destination,P,Y,,0,Y,0,Y,P,0,0,(UnAssigned),N,N,0,,,,,,,,,,,,Use Item Price,i,I,,0,+,,,,,,,,,,N,,0,,(UnAssigned),Y,N,,(UnAssigned),,,E,I,N,Y,N,,,0,0,0,0,0,0,M,SANDRA,N,E,,N,N,E,,E,,N,E,,,,7/9/2014 4:00:22 PM,RANDY,4/16/2015 5:04:45 PM,STEVE,N,11183
BILOH100,BI-LO HOLDINGS ATTN-MAP,PO BOX 2180,,JACKSONVILLE,FL,32203-0297,,,,,,,,,,,,,,,,FLORIDASALES,10,Randy Frontz,0,(UNASSIGNED),DV,Duval County,N,,,(UnAssigned),NET 30,7/30/2014,0,,,0,0,0,0,0,0,0,Best Way,Destination,P,Y,,0,Y,0,Y,P,0,0,(UnAssigned),N,Y,1,1,BI-LO HOLDINGS,5050 EDGEWOOD CT,,JACKSONVILLE,FL,32254-3699,MAP,,,,Use Item Price,i,I,,0,+,,,,,,,,,,N,,0,,(UnAssigned),Y,N,,(UnAssigned),,,E,I,N,Y,N,,,0,0,0,0,0,0,P,,N,E,,N,N,E,,E,,N,E,,,,7/21/2014 3:59:30 PM,NEAL,9/11/2009 4:42:37 PM,CMS,N,11184
LAKES100,LAKESHORE  PRODUCE MARKET,2326 BLANDING BLVD,,JACKSONVILLE,FL,32210,904-387-1455,,,,,,,,,,,,,,,FLORIDASALES,51,RANDY FRONTZ,0,(UNASSIGNED),DV,Duval County,N,,,(UnAssigned),NET 30,6/17/2021,0,,,0,0,0,0,0,0,0,Best Way,Destination,P,Y,,0,Y,0,Y,P,0,0,(UnAssigned),N,N,0,,,,,,,,,,,,Use Item Price,i,I,,0,+,,,,,,,,,,N,,0,,(UnAssigned),Y,N,,(UnAssigned),,,E,I,N,Y,N,,,0,0,0,0,0,0,P,,N,E,,N,N,E,,E,,N,E,,,,7/23/2014 12:15:28 PM,JACKIE,9/9/2015 9:59:27 AM,STEVE,N,11185
GSA..100,GREAT FALLS PAPER COMPANY,8998 BLOUNT ISLAND BVLD,,JACKSONVILLE,FL,32226,,,,,,,,,RANDY,FRONTZ,,,,,,FLORIDASALES,10,Randy Frontz,0,(UNASSIGNED),DV,Duval County,N,,,(UnAssigned),NET 30,12/16/2016,0,,,0,0,0,0,0,0,0,Best Way,Destination,P,Y,,0,Y,0,Y,P,0,0,(UnAssigned),N,N,0,,,,,,,,,,,,Use Item Price,i,I,,0,+,,,,,,,,,,N,,0,,(UnAssigned),Y,N,,(UnAssigned),,,E,I,N,Y,N,,,0,0,0,0,0,0,P,,N,E,,N,N,E,,E,,N,E,,,,7/31/2014 9:58:10 AM,RANDY,8/27/2014 11:42:13 AM,JACKIE,N,11187
BOYSC100,BOY SCOUT TROOP 26,ST MARKS EPISCOPAL CHURCH,4129 OXFORD AVE,JACKSONVILLE,FL,32210,904-9945344,,JERRY,POTTS,jerrypotts@comcast.net,JERRY,POTTS,jerrypotts@comcast.net,JERRY,POTTS,jerrypotts@comcast.net,,,,,FLORIDASALES,10,Randy Frontz,0,(UNASSIGNED),DV,Duval County,N,,,(UnAssigned),NET 30,12/8/2021,0,,,0,0,0,0,0,0,0,Best Way,Destination,P,N,85-8013661480C-8,0,Y,0,Y,P,7,0,Westside,N,N,0,,,,,,,,,,,,Use Item Price,i,I,,0,+,,,,,,,,,,N,,*MAIN,,(UnAssigned),Y,N,,(UnAssigned),,,E,I,N,Y,N,,,0,0,0,0,0,0,M,JERRY,N,E,,N,N,E,,E,,N,E,,,,9/5/2014 2:08:38 PM,RANDY,1/5/2016 9:30:33 AM,STEVE,N,11193
TRINI100,"TRINITY FITNESS MINISTRIES, INC.",2650 ROSSELLE ST,,JACKSONVILLE,FL,32205,904-607-9051,,ANTHONY,WIDENER,Anthony Widener <anthonywidener@gmail.com>,ANTHONY,WIDENER,Anthony Widener <anthonywidener@gmail.com>,ANTHONY,WIDENER,Anthony Widener <anthonywidener@gmail.com>,,,,,FLORIDASALES,10,Randy Frontz,0,(UNASSIGNED),DV,Duval County,N,,,(UnAssigned),NET 30,4/25/2017,0,,,0,0,0,0,0,0,0,Best Way,Destination,P,N,85-8015716857C-9,0,Y,0,Y,P,7,0,Westside,N,N,0,,,,,,,,,,,,Use Item Price,i,I,,0,+,,,,,,,,,,N,,*MAIN,,(UnAssigned),Y,N,,(UnAssigned),,,E,I,N,Y,N,,,0,0,0,0,0,0,M,ANTHONY,N,E,,N,N,E,,E,,N,E,,,,9/16/2014 5:10:42 PM,RANDY,9/16/2015 1:58:15 PM,STEVE,N,11194
STJOH130,ST. JOHN PAUL II ROMAN CATHOLIC,384 CAPTIVA DRIVE,,PONTE VEDRA BEACH,FL,32081,,,,,,,,,,,,,,,,FLORIDASALES,10,Randy Frontz,0,(UNASSIGNED),DV,Duval County,N,,,(UnAssigned),NET 30,10/22/2014,0,,,0,0,0,0,0,0,0,Best Way,Destination,P,N,85-8016495828c-2,0,Y,0,Y,P,0,0,(UnAssigned),N,N,0,,,,,,,,,,,,Use Item Price,i,I,,0,+,,,,,,,,,,N,,0,,(UnAssigned),Y,N,,(UnAssigned),,,E,I,N,Y,N,,,0,0,0,0,0,0,M,PATTI,N,E,,N,N,E,,E,,N,E,,,,9/23/2014 3:52:26 PM,NEAL,10/23/2014 9:20:06 AM,STEVE,N,11196
HOMED100,HOME DEPOT,,,,,,,,,,,,,,,,,,,,,FLORIDASALES,10,Randy Frontz,0,(UNASSIGNED),DV,Duval County,N,,,(UnAssigned),CREDIT CARD,12/7/2017,0,,,0,0,0,0,0,0,0,Best Way,Destination,P,Y,,0,Y,0,Y,P,0,0,(UnAssigned),N,Y,1,1,HOME DEPOT,125 CROSSROADS PKWAY,,SAVANNAH,GA,31407,BRENDA WATSON,,,,Use Item Price,i,I,,0,+,E1302E UPS SHIPPING NUMBER,,,,,UPS NUMBERE1302E,,,,N,,0,,(UnAssigned),Y,N,,(UnAssigned),,,E,I,N,Y,N,,,0,0,0,0,0,0,M,BRENDA,N,E,,N,N,E,,E,,N,E,,,,9/24/2014 4:29:04 PM,JACKIE,9/24/2014 4:37:55 PM,JACKIE,N,11197
COOLP100,COOL-PITCH,5948 ROCKY MOUNT DRIVE,,JACKSONVILLE,FL,32258-5415,904-260-1876,,,,,,,,,,,,,,,FLORIDASALES,10,Randy Frontz,0,(UNASSIGNED),DV,Duval County,N,,,(UnAssigned),NET 30,,0,,,0,0,0,0,0,0,0,Best Way,Destination,P,N,26-8012312972-5 *14,0,Y,0,Y,P,0,0,(UnAssigned),N,N,0,,,,,,,,,,,,Use Item Price,i,I,,0,+,,,,,,,,,,N,,0,,(UnAssigned),Y,N,,(UnAssigned),,,E,I,N,Y,N,,,0,0,0,0,0,0,P,,N,E,,N,N,E,,E,,N,E,,,,9/25/2014 10:14:16 AM,JACKIE,6/21/2017 10:32:40 AM,DAVID,N,11198
MARTI110,MARTIN COFFEE CO,1633 MARSHALL ST,,JACKSONVILLE,FL,32207,904-355-9661,904-355-9673,BEN,JOHNSON,benjohnson@martincoffee.com,,,,,,,,,,martincoffee.com,FLORIDASALES,51,RANDY FRONTZ,0,(UNASSIGNED),DV,Duval County,N,,,(UnAssigned),NET 30,,0,,,0,0,0,0,0,0,0,Best Way,Destination,P,Y,,0,Y,0,Y,P,0,0,(UnAssigned),N,N,0,,,,,,,,,,,,Use Item Price,i,I,,0,+,,,,,,,,,,N,,0,,(UnAssigned),Y,N,,(UnAssigned),,,E,I,N,Y,N,,,0,0,0,0,0,0,P,,N,E,,N,N,E,,E,,N,E,,,,10/22/2014 9:51:06 AM,JACKIE,12/8/2014 11:05:16 AM,BRITTANY,N,11201
CAINA100,CAIN AND BULTMAN (NON TAXED),2145 DENNIS STREET,,JACKSONVILLE,FL,,904-356-4812,,,,,,,,,,,,,,,FLORIDASALES,24,Artie Hardie - Existing,0,(UNASSIGNED),DV,Duval County,N,,,(UnAssigned),NET 30,1/22/2016,0,,,0,0,0,0,0,0,0,Best Way,Destination,P,N,26-8012412792-0  *17,0,Y,0,Y,P,0,0,(UnAssigned),N,N,0,,,,,,,,,,,,Use Item Price,i,I,,0,+,,,,,,,,,,N,,0,,(UnAssigned),Y,N,,(UnAssigned),,,E,I,N,Y,N,,,0,0,0,0,0,0,M,Evelyn,N,E,,N,N,E,,E,,N,E,,,,10/22/2014 11:45:14 AM,JACKIE,12/27/2016 9:49:41 AM,PETE,N,11202
HAMPT100,HAMPTON GLEN,8515 HAMPTON RIDGE BLVD,M-W-F 10-3,JACKSONVILLE,FL,32256,904-363-9077,,,,,,,,,,,,,,,FLORIDASALES,10,Randy Frontz,0,(UNASSIGNED),DV,Duval County,N,,,(UnAssigned),NET 30,11/30/2016,0,,,0,0,0,0,0,0,0,Best Way,Destination,P,Y,,0,Y,0,Y,P,0,0,(UnAssigned),N,N,0,,,,,,,,,,,,Use Item Price,i,I,,0,+,,,,,,,,,,N,,0,,(UnAssigned),Y,N,,(UnAssigned),,,E,I,N,Y,N,,,0,0,0,0,0,0,P,,N,E,,N,N,E,,E,,N,E,,,,10/24/2014 2:55:30 PM,ADDYSON,9/11/2009 4:42:37 PM,CMS,N,11210
STEWA120,STEWART MOVING AND STORAGE,200 WYLDEROSE CT.,,MIDLOTHIAN,VA,23113,904-752-5992,888-865-4349,MARTIN,ZEPEDA,mzepeda@stewartms.com,MARTIN,ZEPEDA,mzepeda@stewartms.com,MARTIN,ZEPEDA,mzepeda@stewartms.com,,,,,FLORIDASALES,10,Randy Frontz,0,(UNASSIGNED),DV,Duval County,N,,,(UnAssigned),NET 30,6/25/2015,0,,,0,0,0,0,0,0,0,Best Way,Destination,P,Y,,0,Y,0,Y,P,0,0,(UnAssigned),N,N,0,,,,,,,,,,,,Use Item Price,i,I,,0,+,,,,,,,,,,N,,0,,(UnAssigned),Y,N,,(UnAssigned),,,E,I,N,Y,N,,,0,0,0,0,0,0,P,,N,E,,N,N,E,,E,,N,E,,,,10/29/2014 10:26:11 AM,RANDY,9/11/2009 4:42:37 PM,CMS,N,11216
HOLAM100,HOLA MEXICAN RESTAURANT,1001 N. MAIN STREET,,JACKSONVILLE,FL,32206,904-356-3100,,,,,,,,,,,,,,,FLORIDASALES,51,RANDY FRONTZ,0,(UNASSIGNED),DV,Duval County,N,,,(UnAssigned),NET 30,9/13/2018,0,,,0,0,0,0,0,0,0,Best Way,Destination,P,Y,,0,Y,0,Y,P,0,0,(UnAssigned),Y,N,0,,,,,,,,,,,,Use Item Price,i,I,,0,+,,,,,,,,,,N,,0,,(UnAssigned),Y,N,,(UnAssigned),,,E,I,N,Y,N,,,0,0,0,0,0,0,P,,N,E,,N,N,E,,E,,N,E,,,,10/30/2014 7:44:19 AM,JACKIE,8/3/2015 12:44:22 PM,BRITTANY,N,11217
SUDDA120,SUDDATH OFFICE SOLUTIONS LLC,8743 WESTERN WAY,,JACKSONVILLE,FL,32256-0365,,,,,,,,,,,,,,,,FLORIDASALES,10,Randy Frontz,0,(UNASSIGNED),DV,Duval County,N,,,(UnAssigned),NET 30,5/12/2016,0,,,0,0,0,0,0,0,0,Best Way,Destination,P,N,26-8013702545-7,0,Y,0,Y,P,0,0,(UnAssigned),N,N,0,,,,,,,,,,,,Use Item Price,i,I,,0,+,,,,,,,,,,Y,,0,,(UnAssigned),Y,N,,(UnAssigned),,,E,I,N,Y,N,,,0,0,0,0,0,0,P,,N,E,,N,N,E,,E,,N,E,,,,11/7/2014 10:03:12 AM,JACKIE,9/10/2015 11:03:09 AM,STEVE,N,11220
SOUTH160,SOUTHEASTERN STAINLESS,634 DYAL STREET,,JACKSONVILLE,FL,32206,904-354-4381,904-354-8278,TERESA,.,TERESA@IRBOWEN.COM,TERESA,.,TERESA@IRBOWEN.COM,,,,,,,,FLORIDASALES,10,Randy Frontz,0,(UNASSIGNED),DV,Duval County,N,,,(UnAssigned),NET 30,8/28/2025,0,,,0,0,0,0,0,0,0,Best Way,Destination,P,Y,,0,Y,0,Y,P,0,0,(UnAssigned),N,N,0,,,,,,,,,,,,Use Item Price,i,I,,0,+,,,,,,,,,,N,,0,,(UnAssigned),Y,N,,(UnAssigned),,,D,I,N,Y,N,,,0,0,0,0,0,0,M,TERESA,N,E,,N,N,E,,E,,N,E,,,,11/12/2014 12:36:44 PM,NEAL,11/25/2020 8:24:37 AM,RANDY,N,11222
BOOKN100,BOOK NOOK,3118 BEACH BLVD,ATTN: Barry,JACKSONVILLE,FL,32207,904-475-2698,,CHIP,OWNER,,CHIP,OWNER,,,,,,,,,FLORIDASALES,58,ROBIN FRONTZ-exist,0,(UNASSIGNED),DV,Duval County,N,,,(UnAssigned),NET 30,4/8/2026,0,,,431.19,431.19,0,0,0,0,0,Best Way,Destination,P,Y,,0,Y,0,Y,P,0,0,(UnAssigned),N,Y,1,12,BOOK NOOK,3118 BEACH BLVD,,,,,,,,,30% Profit Margin,p30,P,,30,+,,,,,,,,,,N,,0,,(UnAssigned),Y,N,,(UnAssigned),,,D,A,N,Y,N,,,0,0,0,0,0,0,M,ACCOUNTS,N,E,,N,N,E,,E,,N,E,,,,11/21/2014 12:01:06 PM,JACKIE,6/13/2024 11:27:04 AM,NATE,N,11225
AMSAN110,AMSAN,801 WEST BAY STREET,,JACKSONVILLE,FL,32204,9044211400,,,,,,,,,,,,,,,FLORIDASALES,10,Randy Frontz,0,(UNASSIGNED),DV,Duval County,N,,,(UnAssigned),NET 30,12/12/2014,0,,,0,0,0,0,0,0,0,Best Way,Destination,P,Y,,0,Y,0,Y,P,0,0,(UnAssigned),N,N,0,,,,,,,,,,,,Use Item Price,i,I,,0,+,,,,,,,,,,N,,0,,(UnAssigned),Y,N,,(UnAssigned),,,E,I,N,Y,N,,,0,0,0,0,0,0,P,,N,E,,N,N,E,,E,,N,E,,,,12/10/2014 9:25:37 AM,JACKIE,9/11/2009 4:42:37 PM,CMS,N,11226
AVELA100,AVELA DAY SPA,153 WEST 6TH STREET,cell:476-0490,JACKSONVILLE,FL,32206,904-353-3700,,,,,,,,,,,,,,,FLORIDASALES,51,RANDY FRONTZ,0,(UNASSIGNED),DV,Duval County,N,,,(UnAssigned),CREDIT CARD,6/19/2024,0,,,0,0,0,0,0,0,0,Best Way,Destination,P,Y,,0,Y,0,Y,P,0,0,(UnAssigned),N,Y,1,1,AVELA DAY SPA,1445 NORTH MAIN STREET,,JACKSONVILLE,FL,32206,,,,,Use Item Price,i,I,,0,+,,,,,,,,,,N,,0,,(UnAssigned),Y,N,,(UnAssigned),,,E,I,N,Y,N,,,0,0,0,0,0,0,M,DARLENE,N,E,,N,N,E,,E,,N,E,,,,1/5/2015 10:34:54 AM,BRITTANY,6/19/2024 12:56:15 PM,JEFF,N,11227
QUALI100,QUALITY LIFE CENTER,11265 ALUMNI WAY,,JACKSONVILLE,FL,32246,9043982020,,,,,,,,,,,,,,,FLORIDASALES,51,RANDY FRONTZ,0,(UNASSIGNED),DV,Duval County,N,,,(UnAssigned),NET 30,3/9/2015,0,,,0,0,0,0,0,0,0,Best Way,Destination,P,Y,,0,Y,0,Y,P,0,0,(UnAssigned),N,Y,1,.,QUALITY LIFE CENTER,11265 ALUMNI WAY,,JACKSONVILLE,FL,32246,,,,,Use Item Price,i,I,,0,+,,,,,,,,,,N,,0,,(UnAssigned),Y,N,,(UnAssigned),,,E,I,N,Y,N,,,0,0,0,0,0,0,M,SHARON,N,E,,N,N,E,,E,,N,E,,,,1/14/2015 10:11:20 AM,BRITTANY,3/9/2015 2:56:23 PM,STEVE,N,11228
ADVAN110,ADVANTACARE OF FLORIDA LLC,697 MAITLAND AVE,SUITE 1001,ALTAMONTE SPRINGS,FL,32701,,904-813-7156,,,,,,,,,,,,,,FLORIDASALES,51,RANDY FRONTZ,0,(UNASSIGNED),DV,Duval County,N,,,(UnAssigned),NET 30,9/2/2015,0,,,0,0,0,0,0,0,0,Best Way,Destination,P,Y,,0,Y,0,Y,P,0,0,(UnAssigned),N,Y,1,1,ADVANTACARE OF FLORIDA,3546 ST. JOHNS BLUFF RD S.,SUITE 108,JACKSONVILLE,FL,32224,,,,,Use Item Price,i,I,,0,+,,,,,,,,,,N,,0,,(UnAssigned),Y,N,,(UnAssigned),,,E,I,N,Y,N,,,0,0,0,0,0,0,M,TONI,N,E,,N,N,E,,E,,N,E,,,,1/15/2015 3:50:07 PM,STEVE,10/1/2015 8:57:53 AM,STEVE,N,11229
STARS100,STARS CYBER CAFE,510 LANE AVE SOUTH,,JACKSONVILLE,FL,32254,904-683-4951,,,,,,,,,,,,,,,FLORIDASALES,51,RANDY FRONTZ,0,(UNASSIGNED),DV,Duval County,N,,,(UnAssigned),NET 30,6/16/2017,0,,,0,0,0,0,0,0,0,Best Way,Destination,P,Y,,0,Y,0,Y,P,0,0,(UnAssigned),Y,N,0,,,,,,,,,,,,Use Item Price,i,I,,0,+,,,,,,,,,,N,,0,,(UnAssigned),Y,N,,(UnAssigned),,,E,I,N,Y,N,,,0,0,0,0,0,0,P,,N,E,,N,N,E,,E,,N,E,,,,1/19/2015 9:45:20 AM,BRITTANY,12/17/2015 4:42:06 PM,STEVE,N,11230
SWEET100,SWEET THEORY BAKING CO,1243 KING STREET,,JACKSONVILLE,FL,32204,904-387-1001,,,,,,,,,,,,,,,FLORIDASALES,51,RANDY FRONTZ,0,(UNASSIGNED),DV,Duval County,N,,,(UnAssigned),NET 30,,0,,,0,0,0,0,0,0,0,Best Way,Destination,P,Y,,0,Y,0,Y,P,0,0,(UnAssigned),N,N,0,,,,,,,,,,,,Use Item Price,i,I,,0,+,,,,,,,,,,N,,0,,(UnAssigned),Y,N,,(UnAssigned),,,E,I,N,Y,N,,,0,0,0,0,0,0,P,,N,E,,N,N,E,,E,,N,E,,,,2/4/2015 12:11:32 PM,BRITTANY,9/11/2009 4:42:37 PM,CMS,N,11231
SOUTH170,SOUTHERN ROOTS,1275 KING STREET,,JACKSONVILLE,FL,32204,904-891-0096,,,,,,,,,,,,,,,FLORIDASALES,51,RANDY FRONTZ,0,(UNASSIGNED),DV,Duval County,N,,,(UnAssigned),C.O.D. BY REQUEST,4/26/2022,0,,,5.23,0,0,0,0,0,5.23,Best Way,Destination,P,Y,,0,Y,0,Y,P,0,0,(UnAssigned),Y,N,0,,,,,,,,,,,,Use Item Price,i,I,,0,+,,,,,,CLOSED MONDAY,,,Y,N,,0,,(UnAssigned),Y,N,,(UnAssigned),,,E,I,N,Y,N,,,0,0,0,0,0,0,M,MARIAH,N,E,,Y,N,E,,E,,N,E,,,,2/5/2015 11:17:47 AM,BRITTANY,4/20/2021 10:55:53 AM,NATE,N,11232
BASEB100,BASEBALL GROUNDS of JACKSONVILLE,301 A. PHILIP RANDOLPH BLVD,,JACKSONVILLE,FL,32202,904-358-2846,,,,,,,,,,,,,,www.jaxsuns.com,FLORIDASALES,10,Randy Frontz,0,(UNASSIGNED),DV,Duval County,N,,,(UnAssigned),NET 30,2/18/2015,0,,,0,0,0,0,0,0,0,Best Way,Destination,P,Y,,0,Y,0,Y,P,0,0,(UnAssigned),N,N,0,,,,,,,,,,,,Use Item Price,i,I,,0,+,,,,,,,,,,N,,0,,(UnAssigned),Y,N,,(UnAssigned),,,E,I,N,Y,N,,,0,0,0,0,0,0,M,BARBARA,N,E,,N,N,E,,E,,N,E,,,,2/13/2015 2:23:18 PM,NEAL,2/19/2015 9:43:44 AM,STEVE,N,11235
COOLT100,COOL TRANSPORT JAX,5650 WITTEN RD,,JACKSONVILLE,FL,32254,904-379-9793,,,,,,,,,,,,,,,FLORIDASALES,51,RANDY FRONTZ,0,(UNASSIGNED),DV,Duval County,N,,,(UnAssigned),NET 30,,0,,,0,0,0,0,0,0,0,Best Way,Destination,P,Y,,0,Y,0,Y,P,0,0,(UnAssigned),N,N,0,,,,,,,,,,,,Use Item Price,i,I,,0,+,,,,,,,,,,N,,0,,(UnAssigned),Y,N,,(UnAssigned),,,E,I,N,Y,N,,,0,0,0,0,0,0,P,,N,E,,N,N,E,,E,,N,E,,,,3/18/2015 9:25:58 AM,BRITTANY,3/18/2015 9:30:58 AM,BRITTANY,N,11236
FLORI150,FLORIDA AIR NATIONAL GUARD,14300 FANG DRIVE,BUILDING 6,JACKSONVILLE,FL,32218,904-741-7462,,,,,,,,,,,,,,,FLORIDASALES,10,Randy Frontz,0,(UNASSIGNED),DV,Duval County,N,,,(UnAssigned),NET 30,4/2/2015,0,,,0,0,0,0,0,0,0,Best Way,Destination,P,Y,,0,Y,0,Y,P,0,0,(UnAssigned),N,N,0,,,,,,,,,,,,Use Item Price,i,I,,0,+,,,,,,,,,,N,,0,,(UnAssigned),Y,N,,(UnAssigned),,,E,I,N,Y,N,,,0,0,0,0,0,0,P,,N,E,,N,N,E,,E,,N,E,,,,3/25/2015 11:16:28 AM,JACKIE,9/11/2009 4:42:37 PM,CMS,N,11238
SOCIA100,SOCIAL SECURITY ADMINISTATION,500 EAST ZACK STREET SUITE 600,319 WSU,TAMPA,FL,33602,1-855-249-4330,,,,,,,,,,,,,,,FLORIDASALES,10,Randy Frontz,0,(UNASSIGNED),DV,Duval County,N,,,(UnAssigned),NET 30,4/2/2015,0,,,0,0,0,0,0,0,0,Best Way,Destination,P,Y,,0,Y,0,Y,P,0,0,(UnAssigned),N,N,0,,,,,,,,,,,,Use Item Price,i,I,,0,+,,,,,,,,,,N,,0,,(UnAssigned),Y,N,,(UnAssigned),,,E,I,N,Y,N,,,0,0,0,0,0,0,P,,N,E,,N,N,E,,E,,N,E,,,,3/25/2015 11:34:29 AM,JACKIE,9/11/2009 4:42:37 PM,CMS,N,11239
BLUDI100,BLU DINER,5868 NORWOOD AVE,,JACKSONVILLE,FL,32208,,,,,,,,,,,,,,,,FLORIDASALES,10,Randy Frontz,0,(UNASSIGNED),DV,Duval County,N,,,(UnAssigned),NET 30,,0,,,0,0,0,0,0,0,0,Best Way,Destination,P,Y,,0,Y,0,Y,P,0,0,(UnAssigned),N,N,0,,,,,,,,,,,,Use Item Price,i,I,,0,+,,,,,,,,,,N,,0,,(UnAssigned),Y,N,,(UnAssigned),,,E,I,N,Y,N,,,0,0,0,0,0,0,P,,N,E,,N,N,E,,E,,N,E,,,,4/2/2015 11:08:15 AM,ADDYSON,9/11/2009 4:42:37 PM,CMS,N,11240
NOTHI100,NOTHING BUNDT CAKES,13470-3 BEACH BLVD,HODGES POINTE PLAZA,JACKSONVILLE,FL,32244,904-677-4112,,CHRISTINA,WATERS,shellie.taylor@nothingbundtcakes.com,,,,,,,,,,nothingbundtcakes.com,FLORIDASALES,51,RANDY FRONTZ,0,(UNASSIGNED),DV,Duval County,N,,,(UnAssigned),NET 30,6/21/2017,0,,,0,0,0,0,0,0,0,Best Way,Destination,P,Y,,0,Y,0,Y,P,0,0,(UnAssigned),N,N,0,,,,,,,,,,,,Use Item Price,i,I,,0,+,,,,,,,,,,N,,0,,(UnAssigned),Y,N,,(UnAssigned),,,E,I,N,Y,N,,,0,0,0,0,0,0,M,CHARLIE,N,E,,N,N,E,,E,,N,E,,,,4/16/2015 12:40:01 PM,BRITTANY,5/22/2015 4:08:38 PM,STEVE,N,11244
DEPAR110,DEPARTMENT OF HOMELAND SECURITY,/ICE/STUART/STUCAP150020,3500 S E COMMERCE AVENUE,STUART,FL,34997,772-419-3821,,,,,,,,,,,,,,,FLORIDASALES,10,Randy Frontz,0,(UNASSIGNED),DV,Duval County,N,,,(UnAssigned),CREDIT CARD,5/12/2015,0,,,0,0,0,0,0,0,0,DIRECT,Destination,P,Y,,0,Y,0,Y,P,15,0,Drop Ship,N,N,0,,,,,,,,,,,,Use Item Price,i,I,,0,+,,,,,,,,,,N,,0,,(UnAssigned),Y,N,,(UnAssigned),,,E,I,N,Y,N,,,0,0,0,0,0,0,P,,N,E,,N,N,E,,E,,N,E,,,,5/4/2015 8:31:39 AM,JACKIE,9/11/2009 4:42:37 PM,CMS,N,11247
DNVAN100,DN VAN LINES,10330 CHEDOAK COURT,UNIT 404,JACKSONVILLE,FL,32218,904-599-3161,,,,,,,,,,,,,,,FLORIDASALES,51,RANDY FRONTZ,0,(UNASSIGNED),DV,Duval County,N,,,(UnAssigned),NET 30,5/23/2016,0,,,0,0,0,0,0,0,0,Best Way,Destination,P,Y,,0,Y,0,Y,P,0,0,(UnAssigned),Y,N,0,,,,,,,,,,,,Use Item Price,i,I,,0,+,,,,,,,,,,N,,0,,(UnAssigned),Y,N,,(UnAssigned),,,E,I,N,Y,N,,,0,0,0,0,0,0,M,CHARLIE,N,E,,N,N,E,,E,,N,E,,,,5/15/2015 2:47:14 PM,BRITTANY,7/8/2015 10:25:28 AM,STEVE,N,11249
SOUTH180,SOUTHEASTERN GROCERS,ATTN: MAP,P O BOX 2180,JACKSONVILLE,FL,32203-0297,904-370-8267,904-370-8360,DENISE,PARKER,deniseparker@segrocers.com,DENISE,PARKER,deniseparker@segrocers.com,DENISE,PARKER,deniseparker@segrocers.com,,,,www.segrocers.com,FLORIDASALES,10,Randy Frontz,0,(UNASSIGNED),DV,Duval County,N,,,(UnAssigned),NET 30,11/20/2019,0,,,0,0,0,0,0,0,0,Best Way,Destination,P,Y,,0,Y,0,Y,P,0,0,(UnAssigned),N,Y,1,1,SOUTHEASTERN GROCERS,5050 EDGEWOOD COURT,,JACKSONVILLE,FL,32254-3699,DENISE PARKER,,,,Use Item Price,i,I,,0,+,,,,,,,,,,N,,0,,(UnAssigned),Y,N,,(UnAssigned),,,E,I,N,Y,N,,,0,0,0,0,0,0,P,,N,E,,N,N,E,,E,,N,E,,,,6/3/2015 3:45:58 PM,RANDY,6/3/2015 3:56:19 PM,RANDY,N,11251
LELAN100,LELAND MANAGEMENT,6972 GLORIA BLVD,,ORLANDO,FL,32809,407-781-1409,407-781-1199,,,,,,,ANGELA,MIDDLETON,amiddleton@lelandmanagement.com,,,,,FLORIDASALES,51,RANDY FRONTZ,0,(UNASSIGNED),DV,Duval County,N,,,(UnAssigned),NET 30,6/10/2015,0,,,0,0,0,0,0,0,0,Best Way,Destination,P,Y,,0,Y,0,Y,P,0,0,(UnAssigned),N,Y,1,1,WATERMILL,8400 WATERMILL BLVD,,JACKSONVILLE,FL,32244,,,,,Use Item Price,i,I,,0,+,,,,,,CALL MOSES 904-573-6164,,,,N,,0,,(UnAssigned),Y,N,,(UnAssigned),,,E,I,N,Y,N,,,0,0,0,0,0,0,M,ANGELA,N,E,,N,N,E,,E,,N,E,,,,6/4/2015 11:48:04 AM,BRITTANY,8/3/2015 9:21:00 AM,STEVE,N,11252
MARKH110,MARKHAM ENDEAVORS,1123 NORTH ELLIS ROAD,,JACKSONVILLE,FL,32254,904-374-6790,,J.R,MARKHAM,JRMARKHAM@AANDSINTERMODAL.COM,,,,,,,,,,,FLORIDASALES,10,Randy Frontz,0,(UNASSIGNED),DV,Duval County,N,,,(UnAssigned),NET 30,7/16/2015,0,,,0,0,0,0,0,0,0,Best Way,Destination,P,Y,,0,Y,0,Y,P,0,0,(UnAssigned),N,N,0,,,,,,,,,,,,Use Item Price,i,I,,0,+,,,,,,,,,,N,,0,,(UnAssigned),Y,N,,(UnAssigned),,,E,I,N,Y,N,,,0,0,0,0,0,0,P,,N,E,,N,N,E,,E,,N,E,,,,7/15/2015 2:03:18 PM,ADDYSON,9/11/2009 4:42:37 PM,CMS,N,11262
ATAVE100,A TAVERN,939 EDGEWOOD AVE S,,JACKSONVILLE,FL,32205,904-389-8006,,cassie,castleberry,cassie939@comcast.net,,,,,,,,,,,FLORIDASALES,51,RANDY FRONTZ,0,(UNASSIGNED),DV,Duval County,N,,,(UnAssigned),NET 30,5/11/2018,0,,,0,0,0,0,0,0,0,Best Way,Destination,P,Y,,0,Y,0,Y,P,0,0,(UnAssigned),N,N,0,,,,,,,,,,,,Use Item Price,i,I,,0,+,,,,,,,,,,N,,0,,(UnAssigned),Y,N,,(UnAssigned),,,E,I,N,Y,N,,,0,0,0,0,0,0,M,cassie,N,E,,N,N,E,,E,,N,E,,,,7/23/2015 11:13:44 AM,BRITTANY,6/21/2017 9:22:57 AM,BRITTANY,N,11263
ABCSU110,ABC SUPPLY CO- ST AUG,2210 DOBBS RD,,ST AUGUSTINE,FL,32086,904-824-1624,904-824-1695,MIKE,MINTER,MICHAEL.MINTER@ABCSUPPLY.COM,,,,,,,,,,,FLORIDASALES,25,ARTIE HARDIE,0,(UNASSIGNED),DV,Duval County,N,,,(UnAssigned),NET 30,9/21/2016,0,,,0,0,0,0,0,0,0,Best Way,Destination,P,Y,,0,Y,0,Y,P,0,0,(UnAssigned),N,N,0,,,,,,,,,,,,Use Item Price,i,I,,0,+,,,,,,,,,,N,,0,,(UnAssigned),Y,N,,(UnAssigned),,,E,I,N,Y,N,,,0,0,0,0,0,0,P,,N,E,,N,N,E,,E,,N,E,,,,8/17/2015 11:20:02 AM,BRITTANY,8/12/2016 1:43:34 PM,NEAL,N,11264
USCGC100,USCGC MARIA BRAY,4200 OCEAN STREET,,ATLANTIC BEACH,FL,32233,9045647613,,,,,,,,,,,,,,,FLORIDASALES,10,Randy Frontz,0,(UNASSIGNED),SJ,St. Johns County,N,,,(UnAssigned),NET 30,9/8/2015,0,,,0,0,0,0,0,0,0,Best Way,Destination,P,N,b-239641,0,Y,0,Y,P,0,0,(UnAssigned),N,N,0,,,,,,,,,,,,Use Item Price,i,I,,0,+,,,,,,,,,,N,,0,,(UnAssigned),Y,N,,(UnAssigned),,,E,I,N,Y,N,,,0,0,0,0,0,0,P,,N,E,,N,N,E,,E,,N,E,,,,8/26/2015 12:07:14 PM,JACKIE,8/28/2015 12:06:10 PM,JACKIE,N,11265
PLANT100,PLANTATION OAKS ELEMENTARY SCHOOL,41450 PLANTATION OAKS BLVD,,ORANGE PARK,FL,32065,904-214-7474,,WILLIAM,MAFFETT JR,wtmaffett@OneClay.net,,,,,,,,,,,FLORIDASALES,10,Randy Frontz,0,(UNASSIGNED),CL,Clay County,N,,,(UnAssigned),NET 30,10/14/2015,0,,,0,0,0,0,0,0,0,Best Way,Destination,P,N,85-8013573611C,0,Y,0,Y,P,0,0,(UnAssigned),N,N,0,,,,,,,,,,,,Use Item Price,i,I,,0,+,,,,,,,,,,N,,0,,(UnAssigned),Y,N,,(UnAssigned),,,E,I,N,Y,N,,,0,0,0,0,0,0,M,SALLY,N,E,,N,N,E,,E,,N,E,,,,9/3/2015 12:13:26 PM,JACKIE,11/5/2015 11:04:36 AM,STEVE,N,11266
LONES100,LONESTAR MATERIAL AND HANDLING,5724 RITTIMAN PLAZA,,SAN ANTONIO,TX,78218,2102790609,,,,,,,,,,,,,,,FLORIDASALES,10,Randy Frontz,0,(UNASSIGNED),DV,Duval County,N,,,(UnAssigned),NET 30,9/15/2015,0,,,0,0,0,0,0,0,0,Best Way,Destination,P,N,11342436372,0,Y,0,Y,P,0,0,(UnAssigned),N,N,0,,,,,,,,,,,,Use Item Price,i,I,,0,+,,,,,,,,,,N,,0,,(UnAssigned),Y,N,,(UnAssigned),,,E,I,N,Y,N,,,0,0,0,0,0,0,P,,N,E,,N,N,E,,E,,N,E,,,,9/15/2015 11:29:37 AM,JACKIE,9/15/2015 2:13:15 PM,JACKIE,N,11269
GREGM100,GREG MARSHALL,2224 BRENT FIELD RD W,,JACKSONVILLE,FL,32225,904-626-0659,,,,,,,,,,,,,,,FLORIDASALES,51,RANDY FRONTZ,0,(UNASSIGNED),DV,Duval County,N,,,(UnAssigned),CREDIT CARD,2/28/2022,0,,,62.08,0,0,0,0,0,62.08,Best Way,Destination,P,N,26-8017151274-6*17,0,Y,0,Y,P,0,0,(UnAssigned),N,N,0,,,,,,,,,,,,Use Item Price,i,I,,0,+,,,,,,,,,,N,,0,,(UnAssigned),Y,N,,(UnAssigned),,,E,I,N,Y,N,,,0,0,0,0,0,0,M,GREG,N,E,,N,N,E,,E,,N,E,,,,9/28/2015 12:47:04 PM,BRITTANY,1/14/2020 12:07:38 PM,NEAL,N,11270
BECHT100,BECHTEL MARINE,814 PGH-MCKEESE PORT BLVD,,WEST MIFFLIN,PA,15122,412-476-5656,412-476-6844,,,,,,,,,,,,,,FLORIDASALES,10,Randy Frontz,0,(UNASSIGNED),EX,Tax Exempt,N,,,(UnAssigned),NET 30,11/29/2016,0,,,0,0,0,0,0,0,0,Best Way,Destination,P,N,PA EXEMPTION 00446,0,Y,0,Y,P,0,0,(UnAssigned),N,N,0,,,,,,,,,,,,Use Item Price,i,I,,0,+,,,,,,,,,,N,,0,,(UnAssigned),Y,N,,(UnAssigned),,,E,I,N,Y,N,,,0,0,0,0,0,0,P,,N,E,,N,N,E,,E,,N,E,,,,11/10/2015 8:16:50 AM,NEAL,6/21/2017 8:54:18 AM,DAVID,N,11272
WELLC100,"WellCare Health Plans, Inc.","5115 Normandy Blvd, Unit 1",,Jacksonville,FL,32205,904-348-5267,904-,Cindy,Stolte,cindy.stolte@sunshinehealth.com,Cindy,Stolte,cindy.stolte@sunshinehealth.com,Cindy,Stolte,cindy.stolte@sunshinehealth.com,Cindy,Stolte,cindy.stolte@sunshinehealth.com,,FLORIDASALES,10,Randy Frontz,0,(UNASSIGNED),DV,Duval County,N,,,(UnAssigned),NET 30,11/5/2019,0,,,0,0,0,0,0,0,0,Best Way,Destination,P,Y,,0,Y,0,Y,P,0,0,(UnAssigned),N,N,0,,,,,,,,,,,,Use Item Price,i,I,,0,+,,,,,,,,,,N,,0,,(UnAssigned),Y,N,,(UnAssigned),,,E,I,N,Y,N,,,0,0,0,0,0,0,P,,N,E,,N,N,E,,E,,N,E,,,,11/11/2015 3:22:16 PM,RANDY,2/25/2022 10:06:19 AM,MELINDA,N,11273
GLOBA100,GLOBAL PRINTING SERVICES,ELLIS RD,,JACKSONVILLE,FL,32210,904-783-0400,,BILL,FOUNTAINE,GLOBAL@FOUNTAINEPRINTING.COM,BILL,FOUNTAINE,GLOBAL@FOUNTAINEPRINTING.COM,BILL,FOUNTAINE,GLOBAL@FOUNTAINEPRINTING.COM,,,,,FLORIDASALES,10,Randy Frontz,0,(UNASSIGNED),DV,Duval County,N,,,(UnAssigned),NET 30,12/30/2015,0,,,0,0,0,0,0,0,0,Best Way,Destination,P,Y,,0,Y,0,Y,P,0,0,(UnAssigned),N,N,0,,,,,,,,,,,,Use Item Price,i,I,,0,+,,,,,,,,,,N,,0,,(UnAssigned),Y,N,,(UnAssigned),,,E,I,N,Y,N,,,0,0,0,0,0,0,P,,N,E,,N,N,E,,E,,N,E,,,,11/17/2015 12:20:49 PM,RANDY,9/11/2009 4:42:37 PM,CMS,N,11274
STARS110,STARS REALITIES,510 LANE AVE,,JACKSONVILLE,FL,,,,,,,,,,,,,,,,,FLORIDASALES,51,RANDY FRONTZ,0,(UNASSIGNED),DV,Duval County,N,,,(UnAssigned),C.O.D,12/18/2015,0,,,0,0,0,0,0,0,0,Best Way,Destination,P,Y,,0,Y,0,Y,P,0,0,(UnAssigned),Y,N,0,,,,,,,,,,,,Use Item Price,i,I,,0,+,,,,,,,,,,N,,0,,(UnAssigned),Y,N,,(UnAssigned),,,E,I,N,Y,N,,,0,0,0,0,0,0,P,,N,E,,Y,N,E,,E,,N,E,,,,12/17/2015 4:29:05 PM,STEVE,12/18/2015 12:14:14 PM,STEVE,N,11275
DEERC100,DEER CREEK COUNTRY CLUB,7400 BAYMEADOWS WAY,SUITE 317,JACKSONVILLE,FL,32256,904-363-2147/904-448-3632,,,,,,,,,,,,,,,FLORIDASALES,25,ARTIE HARDIE,0,(UNASSIGNED),DV,Duval County,N,,,(UnAssigned),NET 30,5/17/2016,0,,,0,0,0,0,0,0,0,Best Way,Destination,P,Y,,0,Y,0,Y,P,0,0,(UnAssigned),N,Y,1,1,DEER CREEK,7800 DEER CREEK BLVD,,JACKSONVILLE,FL,32256,,GUARD HOUSE!,KIRBY / JP,,Use Item Price,i,I,,0,+,,,,,,,,,,N,,0,,(UnAssigned),Y,N,,(UnAssigned),,,E,I,N,Y,N,,,0,0,0,0,0,0,P,,N,E,,N,N,E,,E,,N,E,,,,12/30/2015 8:42:51 AM,BRITTANY,5/26/2017 9:12:57 AM,BRITTANY,N,11276
ASSOC110,ASSOCIATED PACKAGING INC.,5250 EAGLE TRAIL DR.,,TAMPA,FL,33634,813-889-9435,,DARRELL,PAGE,DPAGE@ASSOCIATEDPACKAGING.COM,,,,,,,,,,WWW.ASSOCIATEDPACKAGING.COM,FLORIDASALES,10,Randy Frontz,0,(UNASSIGNED),DV,Duval County,N,,,(UnAssigned),NET 30,2/5/2016,0,,,0,0,0,0,0,0,0,Best Way,Destination,P,Y,,0,Y,0,Y,P,0,0,(UnAssigned),N,N,0,,,,,,,,,,,,Use Item Price,i,I,,0,+,,,,,,,,,,N,,0,,(UnAssigned),Y,N,,(UnAssigned),,,E,I,N,Y,N,,,0,0,0,0,0,0,P,,N,E,,N,N,E,,E,,N,E,,,,2/2/2016 11:34:46 AM,NEAL,9/11/2009 4:42:37 PM,CMS,N,11278
ISLAN100,THE ISLAND BAR,3210 ROOSEVELT BLVD,,JACKSONVILLE,FL,32205,9043846714,,,,,,,,,,,,,,,FLORIDASALES,51,RANDY FRONTZ,0,(UNASSIGNED),DV,Duval County,N,,,(UnAssigned),NET 30,8/13/2018,0,,,0,0,0,0,0,0,0,Best Way,Destination,P,Y,,0,Y,0,Y,P,0,0,(UnAssigned),N,N,0,,,,,,,,,,,,Use Item Price,i,I,,0,+,,,,,,,,,,N,,0,,(UnAssigned),Y,N,,(UnAssigned),,,E,I,N,Y,N,,,0,0,0,0,0,0,P,,N,E,,N,N,E,,E,,N,E,,,,2/16/2016 9:16:08 AM,BRITTANY,9/11/2009 4:42:37 PM,CMS,N,11279
HARDE100,MAX-FIT,1500 BEACH BLVD SUITE 117,,JACKSONVILLE BEACH,FL,32250,904-955-1189,,JOSH,MAXWELL,josh@hardexerciseworks.com,JOSH,MAXWELL,josh@hardexerciseworks.com,,,,,,,,FLORIDASALES,100,RANDY FRONTZ,0,(UNASSIGNED),DV,Duval County,N,,,(UnAssigned),NET 30,7/23/2019,0,,,0,0,0,0,0,0,0,Best Way,Destination,P,Y,,0,Y,0,Y,P,0,0,(UnAssigned),N,N,0,,,,,,,,,,,,Use Item Price,i,I,,0,+,,,,,,,,,,N,,0,,(UnAssigned),Y,N,,(UnAssigned),,,E,I,N,Y,N,,,0,0,0,0,0,0,M,JOSH,N,E,,N,N,E,,E,,N,E,,,,4/14/2016 3:18:19 PM,NEAL,3/23/2021 1:13:44 PM,NATE,N,11282
GETCO100,GETCO,530 ELLIS RD SUITE 204,,JACKSONVILLE,FL,32254,904-791-9042,904-358-3906,,,,,,,,,,,,,,FLORIDASALES,10,Randy Frontz,0,(UNASSIGNED),DV,Duval County,N,,,(UnAssigned),NET 30,7/23/2018,0,,,0,0,0,0,0,0,0,Best Way,Destination,P,N,26-8012043305-0,0,Y,0,Y,P,0,0,(UnAssigned),N,N,0,,,,,,,,,,,,Use Item Price,i,I,,0,+,,,,,,,,,,N,,0,,(UnAssigned),Y,N,,(UnAssigned),,,E,I,N,Y,N,,,0,0,0,0,0,0,P,,N,E,,N,N,E,,E,,N,E,,,,4/21/2016 2:19:59 PM,BRITTANY,4/21/2016 2:20:50 PM,BRITTANY,N,11283
SEAFR100,"SEA FREIGHT LOGISTICS, INC.",309 Jefferson Drive,Suite 304,Deerfield Beach,FL,33442,305-594-3868,305-594-3869,,,,,,,,,,,,,,FLORIDASALES,25,ARTIE HARDIE,0,(UNASSIGNED),DV,Duval County,N,,,(UnAssigned),NET 30,10/29/2019,0,,,0,0,0,0,0,0,0,Best Way,Destination,P,Y,,0,Y,0,Y,P,0,0,(UnAssigned),N,Y,1,1,"SEA FREIGHT LOGISTICS, INC.",8600-4 JESSE B SMITH CT,,Jacksonville,FL,32219,Kenny,,,,Use Item Price,i,I,,0,+,,,,,,,,,Y,N,,0,,(UnAssigned),Y,N,,(UnAssigned),,,E,I,N,Y,N,,,0,0,0,0,0,0,M,.,N,E,,N,N,E,,E,,N,E,,,,5/16/2016 1:53:13 PM,NEAL,9/25/2018 9:11:48 AM,PETE,N,11285
LLLSE100,LLL SERVICES,5221 ST AUGUSTINE ROAD,,JACKSONVILLE,FL,32207,904-448-4011,,,,,,,,,,,,,,,FLORIDASALES,51,RANDY FRONTZ,0,(UNASSIGNED),DV,Duval County,N,,,(UnAssigned),NET 30,5/19/2016,0,,,0,0,0,0,0,0,0,Best Way,Destination,P,N,26-8016651201-0,0,Y,0,Y,P,0,0,(UnAssigned),N,N,0,,,,,,,,,,,,Use Item Price,i,I,,0,+,,,,,,,,,,N,,0,,(UnAssigned),Y,N,,(UnAssigned),,,E,I,N,Y,N,,,0,0,0,0,0,0,P,,N,E,,N,N,E,,E,,N,E,,,,5/18/2016 10:28:12 AM,BRITTANY,5/18/2016 11:08:37 AM,BRITTANY,N,11286
HAPPY100,HAPPYISM INC.,855 WHISPER COVE TRAIL,,JACKSONVILLE,FL,32221,904-476-5675,,,,,,,,,,,,,,,FLORIDASALES,10,Randy Frontz,0,(UNASSIGNED),DV,Duval County,N,,,(UnAssigned),NET 30,2/22/2021,0,,,0,0,0,0,0,0,0,Best Way,Destination,P,Y,,0,Y,0,Y,P,0,0,(UnAssigned),Y,N,0,,,,,,,,,,,,Use Item Price,i,I,,0,+,,,,,,,,,,N,,0,,(UnAssigned),Y,N,,(UnAssigned),,,E,I,N,Y,N,,,0,0,0,0,0,0,M,BRECK,N,E,,Y,N,E,,E,,N,E,,,,6/7/2016 1:15:01 PM,NEAL,3/27/2017 11:44:03 AM,NEAL,N,11287
FERBE100,FERBER SHEET METAL,4120 EVERGREEN AVE,,JACKSONVILLE,FL,32218,904-356-3042,,,,,,,,,,,,,,,FLORIDASALES,25,ARTIE HARDIE,0,(UNASSIGNED),DV,Duval County,N,,,(UnAssigned),NET 30,1/20/2026,0,,,0,0,0,0,0,0,0,Best Way,Destination,P,Y,,0,Y,0,Y,P,0,0,(UnAssigned),N,N,0,,,,,,,,,,,,Use Item Price,i,I,,0,+,,,,,,,,,,N,,0,,(UnAssigned),Y,N,,(UnAssigned),,,D,I,N,Y,N,,,0,0,0,0,0,0,M,Dana,N,E,,N,N,E,,E,,N,E,,,,8/4/2016 11:23:51 AM,BRITTANY,3/23/2021 1:29:05 PM,NATE,N,11290
CHANG100,CHANGING LIVES CHRISTIAN ACADEMY,7541 LEM TURNER RD,,JACKSONVILLE,FL,32208,,,,,,,,,,,,,,,,FLORIDASALES,51,RANDY FRONTZ,0,(UNASSIGNED),DV,Duval County,N,,,(UnAssigned),NET 30,12/20/2016,0,,,0,0,0,0,0,0,0,Best Way,Destination,P,N,85-8015665415C-2 *17,0,Y,0,Y,P,0,0,(UnAssigned),N,N,0,,,,,,,,,,,,Use Item Price,i,I,,0,+,,,,,,,,,,N,,0,,(UnAssigned),Y,N,,(UnAssigned),,,E,I,N,Y,N,,,0,0,0,0,0,0,P,,N,E,,N,N,E,,E,,N,E,,,,8/31/2016 8:46:34 AM,BRITTANY,6/21/2017 9:38:24 AM,DAVID,N,11291
PREST100,PRESTIGE MOVING,7060 103RD STREET,SUITE 115,JACKSONVILLE,FL,32244,904-327-4145,,,,,,,,,,,,,,,FLORIDASALES,10,Randy Frontz,0,(UNASSIGNED),DV,Duval County,N,,,(UnAssigned),NET 30,2/7/2018,0,,,0,0,0,0,0,0,0,Best Way,Destination,P,Y,,0,Y,0,Y,P,0,0,(UnAssigned),N,N,0,,,,,,,,,,,,Use Item Price,i,I,,0,+,,,,,,,,,,N,,0,,(UnAssigned),Y,N,,(UnAssigned),,,E,I,N,Y,N,,,0,0,0,0,0,0,P,,N,E,,N,N,E,,E,,N,E,,,,1/23/2017 3:16:00 PM,NEAL,2/6/2018 10:10:13 AM,BRITTANY,N,11292
PILLA100,PILLAR MAINTENANCE,1323 NORTH 3RD STREET,,JACKSONVILLE BEACH,FL,32250,904-853-6499,,COLIN,FROST,cfrost@mypillarnow.com,COLIN,FROST,cfrost@mypillarnow.com,Henry,K,HENRYK@MYPILLARNOW.COM,COLIN,FROST,cfrost@mypillarnow.com,,FLORIDASALES,41,Matt Strate,0,(UNASSIGNED),DV,Duval County,N,,,(UnAssigned),NET 30,9/23/2019,0,,,0,0,0,0,0,0,0,Best Way,Destination,P,Y,,0,Y,0,Y,P,0,0,(UnAssigned),N,N,0,,,,,,,,,,,,Use Item Price,i,I,,0,+,,,,,,,,,Y,N,,0,,(UnAssigned),Y,N,,(UnAssigned),,,E,I,N,Y,N,,,0,0,0,0,0,0,M,Henry,N,E,,N,N,E,,E,,N,E,,,,2/1/2017 9:17:57 AM,RANDY,12/16/2020 11:46:44 AM,RANDY,N,11294
SPRIN100,SPRINGFIELD SUPERETTE,1701 N. PEARL ST,,JACKSONVILLE,FL,32206,,,,,,,,,,,,,,,,FLORIDASALES,10,Randy Frontz,0,(UNASSIGNED),DV,Duval County,N,,,(UnAssigned),NET 30,,0,,,0,0,0,0,0,0,0,Best Way,Destination,P,Y,,0,Y,0,Y,P,0,0,(UnAssigned),N,N,0,,,,,,,,,,,,Use Item Price,i,I,,0,+,,,,,,,,,,N,,0,,(UnAssigned),Y,N,,(UnAssigned),,,E,I,N,Y,N,,,0,0,0,0,0,0,P,,N,E,,N,N,E,,E,,N,E,,,,3/1/2017 1:11:11 PM,NEAL,9/11/2009 4:42:37 PM,CMS,N,11295
HDSUP110,HD SUPPLY CONSTRUCTION* WHITE CAP,5409 Broadway Ave,,JACKSONVILLE,FL,,904-388-2926,,,,,bo,mcfall,gerald.mcfall@hdsupply.com,brian,bossie,Brian.Bossie@hdsupply.com,,,,,FLORIDASALES,51,RANDY FRONTZ,0,(UNASSIGNED),DV,Duval County,N,,,(UnAssigned),NET 30,9/14/2018,0,,,0,0,0,0,0,0,0,Best Way,Destination,P,Y,80-8013230785-1*17,0,Y,0,Y,P,0,0,(UnAssigned),N,N,0,,,,,,,,,,,,Use Item Price,i,I,,0,+,,,,,,,,,,N,,0,,(UnAssigned),Y,N,,(UnAssigned),,,E,I,N,Y,N,,,0,0,0,0,0,0,M,brian,N,E,,N,N,E,,E,,N,E,,,,3/9/2017 2:32:40 PM,BRITTANY,6/7/2017 2:52:05 PM,PETE,N,11296
JOSEP100,JOSEPH'S PIZZA,7316 MAIN ST N,,JACKSONVILLE,FL,32208,904-765-0335,,Suzie,AP.,info@josephsPizza.com,,,,,,,,,,,FLORIDASALES,80,RONNIE BURKE,0,(UNASSIGNED),DV,Duval County,N,,,(UnAssigned),NET 30,9/1/2017,0,,,0,0,0,0,0,0,0,Best Way,Destination,P,Y,,0,Y,0,Y,P,0,0,(UnAssigned),Y,N,0,,,,,,,,,,,,Use Item Price,i,I,,0,+,,,,,,,,,Y,N,,0,,(UnAssigned),Y,N,,(UnAssigned),,,E,I,N,Y,N,,,0,0,0,0,0,0,M,Suzie,N,E,,N,N,E,,E,,N,E,,,,3/29/2017 10:59:38 AM,BRITTANY,5/18/2017 11:50:51 AM,PETE,N,11297
WEAVE100,WEAVER REALTY,4025 Sunbeam Rd.,,Jacksonville,FL,32257,JIM Davenport  603-548-5081,,DANA,KANE,dkane@weaver-realty.com,JIM,DAVENPORT,jim122164@aol.com,,,,,,,,FLORIDASALES,25,ARTIE HARDIE,0,(UNASSIGNED),DV,Duval County,N,,,(UnAssigned),NET 30,9/9/2025,0,,,0,0,0,0,0,0,0,Best Way,Destination,P,Y,,0,Y,0,Y,P,0,0,(UnAssigned),N,Y,1,1,ELKS BUILDING,207 LAURA ST,,JACKSONVILLE,FL,32202,,,,,Use Item Price,i,I,,0,+,,,,,,,,,,N,,0,,(UnAssigned),Y,N,,(UnAssigned),,,D,A,N,Y,N,,,0,0,0,0,0,0,M,AP,N,E,,N,N,E,,E,,N,E,,,,4/4/2017 10:21:36 AM,BRITTANY,1/16/2024 2:36:38 PM,NATE,N,11298
TINME100,THE TIN MEN OF COASTAL GA INC,107 SCRUBBY BLUFF RD,,KINGSLAND,GA,31548,904-338-6836,912-729-3310,,,,,,,,,,,,,,FLORIDASALES,10,Randy Frontz,0,(UNASSIGNED),DV,Duval County,N,,,(UnAssigned),NET 30,2/8/2019,0,,,0,0,0,0,0,0,0,Best Way,Destination,P,Y,,0,Y,0,Y,P,0,0,(UnAssigned),N,Y,1,1,THE TIN MEN,94 ALVAH BRAZELL RD SOUTH,,KINGSLAND,GA,31548,,* PERSONAL HOME*,,,Use Item Price,i,I,,0,+,,,,,,,,,,N,,0,,(UnAssigned),Y,N,,(UnAssigned),,,E,I,N,Y,N,,,0,0,0,0,0,0,M,BOO,N,E,,N,N,E,,E,,N,E,,,,4/17/2017 11:29:29 AM,BRITTANY,9/11/2009 4:42:37 PM,CMS,N,11299
JAXCO100,JAX COMMERCIAL TIRE INC.,1526 INDUSTRIAL BLVD,,JACKSONVILLE,FL,32254,,904-619-5384,,,,,,,,,,,,,WWW.JAXTIRECO.COM,FLORIDASALES,80,RONNIE BURKE,0,(UNASSIGNED),DV,Duval County,N,,,(UnAssigned),NET 30,6/26/2018,0,,,0,0,0,0,0,0,0,Best Way,Destination,P,Y,,0,Y,0,Y,P,0,0,(UnAssigned),N,Y,1,1,JAX COMMERCIAL TIRE INC.,1830 E. 21ST STREET,,JACKSONVILLE,FL,32206,,,,,Use Item Price,i,I,,0,+,,,,,,,,,,N,,0,,(UnAssigned),Y,N,,(UnAssigned),,,E,I,N,Y,N,,,0,0,0,0,0,0,P,,N,E,,N,N,E,,E,,N,E,,,,4/20/2017 11:01:13 AM,NEAL,4/20/2017 11:01:25 AM,NEAL,N,11300
EJS..100,EJ'S PIZZA,9119 Merrill Road Suite 17,,Jacksonville,FL,32225,904-743-7918,,,,,,,,,,,,,,,FLORIDASALES,59,RONNIE BURKE,0,(UNASSIGNED),DV,Duval County,N,,,(UnAssigned),NET 30,5/30/2017,0,,,0,0,0,0,0,0,0,Best Way,Destination,P,Y,,0,Y,0,Y,P,0,0,(UnAssigned),N,Y,1,0,EJ's,9119 Merrill Road Suite 17,,Jacksonville,FL,32225,Edmond,,,,Use Item Price,i,I,,0,+,,,,,,,,,,N,,0,,(UnAssigned),N,N,,(UnAssigned),,,E,I,N,Y,N,,,0,0,0,0,0,0,P,,N,E,,N,N,E,,E,,N,E,,,,5/18/2017 12:25:41 PM,DAVID,5/18/2017 12:32:27 PM,DAVID,N,11302
UNITE100,UNITED BROTHERS DEVELOPMENT CORP.,6924 DISTRIBUTION AVE SOUTH,,JACKSONVILLE,FL,32256,904-262-3227,904-262-5505,,,,,,,,,,,,,,FLORIDASALES,80,RONNIE BURKE,0,(UNASSIGNED),DV,Duval County,N,,,(UnAssigned),NET 30,6/2/2017,1000,,,0,0,0,0,0,0,0,Best Way,Destination,P,Y,,0,Y,0,Y,P,0,0,(UnAssigned),N,N,0,,,,,,,,,,,,Use Item Price,i,I,,0,+,,,,,,,,,,N,,0,,(UnAssigned),Y,N,,(UnAssigned),,,E,I,N,Y,N,,,0,0,0,0,0,0,P,,N,E,,N,N,E,,E,,N,E,,,,6/1/2017 2:13:39 PM,NEAL,6/1/2017 2:18:57 PM,BRITTANY,N,11304
FATHE100,FATHER AND SON AUTO,5519 RIO GRANDE AVE,,JACKSONVILLE,FL,32254,904-386-7404,,,,,,,,,,,,,,,FLORIDASALES,10,Randy Frontz,0,(UNASSIGNED),DV,Duval County,N,,,(UnAssigned),NET 30,9/10/2018,0,,,0,0,0,0,0,0,0,Best Way,Destination,P,N,26-8015118360-1*17,0,Y,0,Y,P,0,0,(UnAssigned),N,N,0,,,,,,,,,,,,Use Item Price,i,I,,0,+,,,,,,,,,,N,,0,,(UnAssigned),Y,N,,(UnAssigned),,,E,I,N,Y,N,,,0,0,0,0,0,0,P,,N,E,,N,N,E,,E,,N,E,,,,6/8/2017 1:05:56 PM,NEAL,6/9/2017 9:58:54 AM,PETE,N,11306
CUSTO100,CUSTOM WOOD PRODUCTS,4870 Victor St,,JACKSONVILLE,FL,32207,904-737-6906,,CHRISTY,HALL,customwoodpro32@bellsouth.net,STEVEN,GIBSON,stevenglenngibson@gmail.com,CHRISTY,HALL,customwoodpro32@bellsouth.net,,,,www.customwoodjacksonville.com,FLORIDASALES,51,RANDY FRONTZ,0,(UNASSIGNED),DV,Duval County,N,,,(UnAssigned),NET 30,3/23/2026,0,,,0,0,0,0,0,0,0,Best Way,Destination,P,N,,0,Y,0,Y,P,0,0,(UnAssigned),N,Y,1,24,CUSTOM WOOD PRODUCTS,3811 UNIVERSITY BLVD,,,,,,,,,Use Item Price,i,I,,0,+,Buys from U-Line,** CLOSED FRIDAY! **,,,,,,,,N,,0,,(UnAssigned),Y,N,,(UnAssigned),,,C,A,N,Y,N,,,0,0,0,0,0,0,P,,N,E,,N,N,E,,E,,N,E,,,,6/13/2017 12:04:07 PM,BRITTANY,1/10/2025 12:42:39 PM,NATE,N,11307
FIRST100,FIRST PRESBYTERIAN CHURCH,118 E MONROE ST,,JACKSONVILLE,FL,32202,904-354-8439,,,,,,,,,,,,,,,FLORIDASALES,51,RANDY FRONTZ,0,(UNASSIGNED),DV,Duval County,N,,,(UnAssigned),NET 30,4/13/2021,0,,,0,0,0,0,0,0,0,Best Way,Destination,P,N,,0,Y,0,Y,P,0,0,(UnAssigned),N,N,0,,,,,,,,,,,,Use Item Price,i,I,,0,+,,,,,,,,,,N,,0,,(UnAssigned),Y,N,,(UnAssigned),,,E,I,N,Y,N,,,0,0,0,0,0,0,P,LEAH,N,E,,N,N,E,,E,,N,E,,,,6/27/2017 9:51:55 AM,BRITTANY,5/25/2021 10:01:26 AM,RANDY,N,11308
GOODF110,HEAVY MAN LLC.,3535 ST. JOHNS BLUFF,,JACKSONVILLE,FL,32224,,,,,,,,,,,,,,,,FLORIDASALES,25,ARTIE HARDIE,0,(UNASSIGNED),DV,Duval County,N,,,(UnAssigned),NET 30,8/31/2017,0,,,0,0,0,0,0,0,0,Best Way,Destination,P,Y,,0,Y,0,Y,P,0,0,(UnAssigned),N,N,0,,,,,,,,,,,,Use Item Price,i,I,,0,+,,,,,,,,,,N,,0,,(UnAssigned),Y,N,,(UnAssigned),,,E,I,N,Y,N,,,0,0,0,0,0,0,M,SABRINA,N,E,,N,N,E,,E,,N,E,,,,8/30/2017 9:08:10 AM,BRITTANY,8/31/2017 12:40:07 PM,BRITTANY,N,11309
CLAYC100,CLAY COUNTY SOCCER CLUB,4387 LAKESHORE DR,,ORANGE PARK,FL,32003-7711,904-891-4459,,,,,,,,,,,,,,,FLORIDASALES,51,RANDY FRONTZ,0,(UNASSIGNED),CL,Clay County,N,,,(UnAssigned),NET 30,4/4/2025,0,,,0,0,0,0,0,0,0,Best Way,Destination,P,N,85-8012585354C-2*17,0,Y,0,Y,P,0,0,(UnAssigned),N,Y,1,19,CLAY COUNTY SOCCER CLUB,4387 LAKESHORE DR,,,,,,,,,30% Profit Margin,p30,P,,30,+,,,,,,,,,,N,,0,,(UnAssigned),Y,N,,(UnAssigned),,,E,A,N,Y,N,,,0,0,0,0,0,0,P,,N,E,,N,N,E,,E,,N,E,,,,10/10/2017 9:47:17 AM,BRITTANY,6/13/2024 11:30:18 AM,NATE,N,11310
OLLIE100,OLLIE'S KITCHEN,1733 E. 21ST STREET,,JACKSONVILLE,FL,32206,904-210-2989,,,,,,,,,,,,,,,FLORIDASALES,10,Randy Frontz,0,(UNASSIGNED),DV,Duval County,N,,,(UnAssigned),NET 30,12/15/2023,0,,,91.03,0,0,0,0,0,0,Best Way,Destination,P,Y,,0,Y,0,Y,P,0,0,(UnAssigned),Y,N,0,,,,,,,,,,,,25% Profit Margin,p25,P,,25,+,,,,,,,,,,N,,0,,(UnAssigned),N,N,,(UnAssigned),,,E,A,N,Y,N,,,0,0,0,0,0,0,P,,N,E,,N,N,E,,E,,N,E,,,,11/17/2017 10:56:25 AM,NEAL,1/11/2023 12:43:00 PM,NATE,N,11311
MVMAR100,M V MARINE INC,609 TALLYRAND AVE,,JACKSONVILLE,FL,32202,904-633-7992,,,,,,,,,,,,,,,FLORIDASALES,10,Randy Frontz,0,(UNASSIGNED),DV,Duval County,N,,,(UnAssigned),C.O.D,10/21/2022,0,,,10,0,0,0,0,0,10,Best Way,Destination,P,Y,,0,Y,0,Y,P,1,0,Downtown,N,N,0,,,,,,,,,,,,Use Item Price,i,I,,0,+,,,,,,,,,,N,,0,,(UnAssigned),Y,N,,(UnAssigned),,,E,A,N,Y,N,,,0,0,0,0,0,0,P,,N,E,,Y,N,E,,E,,N,E,,,,12/4/2017 1:20:30 PM,BRITTANY,5/7/2019 8:05:00 AM,NATE,N,11312
PRIME100,PRIME PAPER DISTRIBUTORS,533 N BRIDGESTONE AVE,,JACKSONVILLE,FL,32259,904-476-9561,,EMAD,ABDULJABER,PRIMEPAPERINC@GMAIL.COM,EMAD,ABDULJABER,PRIMEPAPERINC@GMAIL.COM,EMAD,ABDULJABER,PRIMEPAPERINC@GMAIL.COM,EMAD,ABDULJABER,PRIMEPAPERINC@GMAIL.COM,,FLORIDASALES,10,Randy Frontz,0,(UNASSIGNED),DV,Duval County,N,,,(UnAssigned),NET 30,8/27/2018,0,,,0,0,0,0,0,0,0,Best Way,Destination,P,N,65-8016311026-5,0,Y,0,Y,P,0,0,(UnAssigned),N,Y,1,1,PRIME PAPER DISTRIBUTORS,9536 ARMELLE WAY,UNIT 16,JACKSONVILLE,FL,32257,,,,,Use Item Price,i,I,,0,+,,,,,,,,,,N,,0,,(UnAssigned),Y,N,,(UnAssigned),,,E,I,N,Y,N,,,0,0,0,0,0,0,P,,N,E,,N,N,E,,E,,N,E,,,,12/7/2017 2:26:10 PM,BRITTANY,4/18/2018 9:52:25 AM,RANDY,N,11313
EASTO110,EASTON'S FLOOR CARE & MORE,11226 PANTHER CREEK PARKWAY,,JACKSONVILLE,FL,32221,904-778-5552,,ANTHONY,ROQUE,INFO@EASTONSFLOORCARE.COM,,,,,,,,,,,FLORIDASALES,10,Randy Frontz,0,(UNASSIGNED),DV,Duval County,N,,,(UnAssigned),NET 30,4/24/2019,0,,,0,0,0,0,0,0,0,Best Way,Destination,P,Y,,0,Y,0,Y,P,0,0,(UnAssigned),N,N,0,,,,,,,,,,,,Use Item Price,i,I,,0,+,,,,,,,,,,N,,0,,(UnAssigned),Y,N,,(UnAssigned),,,E,I,N,Y,N,,,0,0,0,0,0,0,M,BILLING,N,E,,N,N,E,,E,,N,E,,,,1/5/2018 12:05:15 PM,PETE,12/16/2020 11:02:44 AM,RANDY,N,11314
HYPER100,HYPERION BREWING CO,1740 N. MAIN STREET,,JACKSONVILLE,FL,32206,904-518-5131,,,,,,,,,,,,,,,FLORIDASALES,51,RANDY FRONTZ,0,(UNASSIGNED),DV,Duval County,N,,,(UnAssigned),NET 30,9/30/2021,0,,,0,0,0,0,0,0,0,Best Way,Destination,P,Y,,0,Y,0,Y,P,0,0,(UnAssigned),Y,N,0,,,,,,,,,,,,Use Item Price,i,I,,0,+,,,,,,,,,,N,,0,,(UnAssigned),Y,N,,(UnAssigned),,,E,I,N,Y,N,,,0,0,0,0,0,0,P,,N,E,,N,N,E,,E,,N,E,,,,3/13/2018 2:18:58 PM,BRITTANY,3/13/2018 2:20:12 PM,BRITTANY,N,11315
MELIN100,MELINDA JERRELL,7469 Plantation Club Dr,BULLDAWG NATION,Jacksonville,FL,32244,9043552033,9043555555,Melinda,Jerrell,melindajerrell@fsuflsales.com,Melinda,Jerrell,melindajerrell@fsuflsales.com,Melinda,Jerrell,melindajerrell@fsuflsales.com,Melinda,Jerrell,melindajerrell@fsuflsales.com,,FLORIDASALES,10,Randy Frontz,0,(UNASSIGNED),DV,Duval County,N,,,(UnAssigned),NET 30,4/11/2024,0,,,65.81,0,0,0,0,0,65.81,Best Way,Destination,P,Y,,0,Y,0,Y,P,0,0,(UnAssigned),N,N,0,,,,,,,,,,,,Use Item Price,i,I,,0,+,,,,7469 Bulldawg Lane,Jacksonville FL 32244,,,,,N,,0,,(UnAssigned),Y,N,,(UnAssigned),,,E,I,Y,Y,N,,,0,0,0,0,0,0,M,Melinda,Y,E,Melinda,Y,N,E,Melinda,E,,N,E,Melinda,,,5/14/2018 10:49:39 AM,MELINDA,10/29/2021 10:16:20 AM,MELINDA,N,11316
HIDDE100,HIDDEN HILLS FAMILY DENTISTRY,12086 FORT CAROLINE RD,SUITE 105,JACKSONVILLE,FL,32225,904-807-9127,,NATALIE,SUDA,HHDENTAL@BELLSOUTH.NET,,,,,,,,,,,FLORIDASALES,10,Randy Frontz,0,(UNASSIGNED),DV,Duval County,N,,,(UnAssigned),NET 30,7/9/2018,0,,,0,0,0,0,0,0,0,Best Way,Destination,P,Y,,0,Y,0,Y,P,0,0,(UnAssigned),N,N,0,,,,,,,,,,,,Use Item Price,i,I,,0,+,,,,,,,,,,N,,0,,(UnAssigned),Y,N,,(UnAssigned),,,E,I,N,Y,N,,,0,0,0,0,0,0,M,NATALIE,N,E,,N,N,E,,E,,N,E,,,,7/6/2018 10:41:45 AM,BRITTANY,9/11/2009 4:42:37 PM,CMS,N,11320
QUICK100,QUICK SAFE DELIVERY,6301 Old Warwick Rd,Ste G,Richmond,VA,23224,8042008163,,Valentina,timuk,olena.yadlovska@mail.ru,,,,,,,,,,,FLORIDASALES,10,Randy Frontz,0,(UNASSIGNED),DV,Duval County,N,,,(UnAssigned),NET 30,,0,,,0,0,0,0,0,0,0,Best Way,Destination,P,Y,,0,Y,0,Y,P,0,0,(UnAssigned),N,N,0,,,,,,,,,,,,Use Item Price,i,I,,0,+,,,,,,,,,,N,,0,,(UnAssigned),Y,N,,(UnAssigned),,,E,I,N,Y,N,,,0,0,0,0,0,0,M,Valentina,N,E,,N,N,E,,E,,N,E,,,,8/21/2018 10:19:16 AM,BRITTANY,9/11/2009 4:42:37 PM,CMS,N,11321
EPICF100,EPIC FINDINGS INC,9068 CASTLE ROCK DR,,JACKSONVILLE,FL,32221,,,,,,,,,,,,,,,,FLORIDASALES,10,Randy Frontz,0,(UNASSIGNED),DV,Duval County,N,,,(UnAssigned),NET 30,4/23/2020,0,,,0,0,0,0,0,0,0,Best Way,Destination,P,N,,0,Y,0,Y,P,0,0,(UnAssigned),N,N,0,,,,,,,,,,,,Use Item Price,i,I,,0,+,,,,,,,,,,N,,0,,(UnAssigned),Y,N,,(UnAssigned),,,E,I,N,Y,N,,,0,0,0,0,0,0,P,,N,E,,N,N,E,,E,,N,E,,,,12/18/2018 1:30:07 PM,NATE,9/11/2009 4:42:37 PM,CMS,N,11323
REDEM100,REDEMPTION CHURCH,2000 LANE AVE S.,,JACKSONVILLE,FL,32210,,,,,,,,,,,,,,,,FLORIDASALES,10,Randy Frontz,0,(UNASSIGNED),DV,Duval County,N,,,(UnAssigned),NET 30,3/18/2026,0,,,0,0,0,0,0,0,0,Best Way,Destination,P,N,85-8016439978C-4,0,N,0,Y,P,0,0,(UnAssigned),N,N,0,,,,,,,,,,,,Use Item Price,i,I,,0,+,,,,,,,,,,N,,0,,(UnAssigned),Y,N,,(UnAssigned),,,D,A,N,Y,N,,,0,0,0,0,0,0,P,,N,E,,N,N,E,,E,,N,E,,,,1/10/2019 9:18:14 AM,NATE,4/10/2024 8:52:18 AM,NATE,N,11324
GLOBA110,GLOBAL PARTS INC,101 ELLIS RD. NORTH,,JACKSONVILLE,FL,32254,904-781-9595,,,,,,,,,,,,,,,FLORIDASALES,10,Randy Frontz,0,(UNASSIGNED),DV,Duval County,N,,,(UnAssigned),NET 30,1/22/2020,0,,,0,0,0,0,0,0,0,Best Way,Destination,P,Y,,0,Y,0,Y,P,0,0,(UnAssigned),N,N,0,,,,,,,,,,,,Use Item Price,i,I,,0,+,,,,,,,,,,N,,0,,(UnAssigned),Y,N,,(UnAssigned),,,E,I,N,Y,N,,,0,0,0,0,0,0,P,,N,E,,N,N,E,,E,,N,E,,,,1/22/2019 11:48:58 AM,PETE,5/3/2021 3:17:02 PM,NATE,N,11325
DUVAL130,Duval Ford Government Dept,5203 Waterside Ave,,Jacksonville,FL,32210,904-387-6541  x 10901,,,,,,,,,,,,,,,FLORIDASALES,10,Randy Frontz,0,(UNASSIGNED),DV,Duval County,N,,,(UnAssigned),NET 30,10/11/2019,0,,,0,0,0,0,0,0,0,Best Way,Destination,P,Y,,0,Y,0,Y,P,0,0,(UnAssigned),N,N,0,,,,,,,,,,,,Use Item Price,i,I,,0,+,,,,,,,,,,N,,0,,(UnAssigned),Y,N,,(UnAssigned),,,E,I,N,Y,N,,,0,0,0,0,0,0,M,Michelle,N,E,,N,N,E,,E,,N,E,,,,2/4/2019 1:47:18 PM,PETE,5/3/2021 3:14:47 PM,NATE,N,11326
FLORI160,FLORIDA STATEWIDE LOGISTICS,1229 LAKE DEESON WOODS LANE,,LAKELAND,FL,33805,,,,,,,,,Steve,Andress,Steve@flswlogistics.com,,,,,FLORIDASALES,10,Randy Frontz,0,(UNASSIGNED),DV,Duval County,N,,,(UnAssigned),CREDIT CARD,6/10/2019,0,,,0,0,0,0,0,0,0,Best Way,Destination,P,Y,,0,Y,0,Y,P,0,0,(UnAssigned),N,Y,1,JAX,,7037-5 COMMONWEALTH AVE,,JACKSONVILLE,FL,32220,,,,,Use Item Price,i,I,,0,+,,,,,,,,,,N,,0,,(UnAssigned),Y,N,,(UnAssigned),,,E,I,N,Y,N,,,0,0,0,0,0,0,M,DAWN,N,E,,N,N,E,Steve,E,,N,E,,,,6/7/2019 12:10:32 PM,PETE,3/24/2021 2:29:00 PM,NATE,N,11328
WESTN110,The Well at Crystal Springs Baptist,9120 Crystal Springs Rd.,,JACKSONVILLE,FL,32221,904-434-4797,,,,,,,,,,,,,,,FLORIDASALES,10,Randy Frontz,0,(UNASSIGNED),DV,Duval County,N,,,(UnAssigned),NET 30,4/14/2022,0,,,0,0,0,0,0,0,0,Best Way,Destination,P,N,,0,Y,0,Y,P,0,0,(UnAssigned),N,N,0,,,,,,,,,,,,Use Item Price,i,I,,0,+,,,,,,,,,,N,,0,,(UnAssigned),Y,N,,(UnAssigned),,,E,I,N,Y,N,,,0,0,0,0,0,0,P,,N,E,,N,N,E,,E,,N,E,,,,7/12/2019 11:05:36 AM,NEAL,11/14/2023 1:00:47 PM,JEFF,N,11329
CRAZA100,CRA-Z-ART / LAROSE INDUSTRIES,1578 SUSSEX TURNPIKE,,RANDOLPH,NJ,7869,973-896-5865,,NARINE,MAHABIR,narine.mahabir@cra-z-art.com,NARINE,MAHABIR,narine.mahabir@cra-z-art.com,SHARON,SALTER,ssalters@cra-z-art.com,,,,,FLORIDASALES,93,RANDY FRONTZ,0,(UNASSIGNED),DV,Duval County,N,,,(UnAssigned),NET 30,10/31/2019,5000,,,0,0,0,0,0,0,0,Best Way,Destination,P,N,26-8017864531-9,0,Y,0,Y,P,0,0,(UnAssigned),N,Y,1,10501,CRA-Z-ART / LAROSE INDUSTRIES,10501 COLD STORAGE ROAD,,JACKSONVILLE,FL,32218,NARINE MAHABIR,,,,Use Item Price,i,I,,0,+,,,,,,,,,,N,,0,,(UnAssigned),Y,N,,(UnAssigned),,,E,I,N,Y,N,,,0,0,0,0,0,0,M,SHARON,N,E,SHARON,N,N,E,,E,,N,E,,,,8/23/2019 11:22:05 AM,RANDY,12/16/2020 10:20:50 AM,RANDY,N,11330
FIRST110,FIRST COAST COOKIES AND MORE,9501 ARLINGTON EXPY,FOOD COURT #5,JACKSONVILLE,FL,32225,904-537-8369,,,,,,,,,,,,,,,FLORIDASALES,25,ARTIE HARDIE,0,(UNASSIGNED),DV,Duval County,N,,,(UnAssigned),NET 30,11/19/2020,0,,,0,0,0,0,0,0,0,Best Way,Destination,P,Y,,0,Y,0,Y,P,0,0,(UnAssigned),N,N,0,,,,,,,,,,,,Use Item Price,i,I,,0,+,,,,,,,,,,N,,0,,(UnAssigned),Y,N,,(UnAssigned),,,E,I,N,Y,N,,,0,0,0,0,0,0,P,,N,E,,N,N,E,,E,,N,E,,,,9/17/2019 12:01:07 PM,NEAL,1/23/2020 9:36:40 AM,RANDY,N,11331
FLORI170,FLORIDA FIRST COAST SOFTBALL,6621 BARNES RD SOUTH,,JACKSONVILLE,FL,32216,904-622-8346,,,,,,,,,,,,,,,FLORIDASALES,10,Randy Frontz,0,(UNASSIGNED),DV,Duval County,N,,,(UnAssigned),NET 30,,0,,,0,0,0,0,0,0,0,Best Way,Destination,P,Y,,0,Y,0,Y,P,0,0,(UnAssigned),N,N,0,,,,,,,,,,,,Use Item Price,i,I,,0,+,,,,,,,,,,N,,0,,(UnAssigned),Y,N,,(UnAssigned),,,E,I,N,Y,N,,,0,0,0,0,0,0,P,,N,E,,N,N,E,,E,,N,E,,,,10/9/2019 10:35:01 AM,NEAL,9/11/2009 4:42:37 PM,CMS,N,11333
TOSMA100,OMEGA FURNITURE,,,,,,904-662-5796,,ENNOS,GUY,,ENNOS,GUY,,ENNOS,GUY,,ENNOS,GUY,,,FLORIDASALES,64,Pat DeRita,0,(UNASSIGNED),DV,Duval County,N,,,(UnAssigned),C.O.D,10/18/2024,0,,,0.79,0,0,0,0,0,0.79,Best Way,Destination,P,N,84-2415203,0,Y,0,Y,P,0,0,(UnAssigned),N,N,0,,,,,,,,,,,,30% Profit Margin,p30,P,,30,+,,,,,,,,,,N,,0,,(UnAssigned),Y,N,,(UnAssigned),,,E,I,N,Y,N,,,0,0,0,0,0,0,P,,N,E,,Y,N,E,,E,,N,E,,,,1/28/2020 10:11:54 AM,RANDY,10/6/2023 12:52:27 PM,NATE,N,11334
JACKS180,JACKSON LIGHTING & ELECTRIC SUPPLY,3070 WINDWARD PLAZA,SUITE F,ALPHARETTA,GA,30005,,,,,,,,,,,,,,,,FLORIDASALES,10,Randy Frontz,0,(UNASSIGNED),DV,Duval County,N,,,(UnAssigned),NET 30,,0,,,0,0,0,0,0,0,0,Best Way,Destination,P,Y,,0,Y,0,Y,P,0,0,(UnAssigned),N,N,0,,,,,,,,,,,,Use Item Price,i,I,,0,+,,,,,,,,,,N,,0,,(UnAssigned),Y,N,,(UnAssigned),,,E,I,N,Y,N,,,0,0,0,0,0,0,P,,N,E,,N,N,E,,E,,N,E,,,,2/6/2020 1:31:55 PM,NEAL,9/11/2009 4:42:37 PM,CMS,N,11335
WOLFS100,WOLFSON EQUIPMENT & RECORDS INC.,3801 UNIVERSITY BLVD W SUITE 4,,JACKSONVILLE,FL,32217-2274,(206)354-1000,,,,,,,,,,,,,,,FLORIDASALES,10,Randy Frontz,0,(UNASSIGNED),DV,Duval County,N,,,(UnAssigned),NET 30,6/4/2020,0,,,0,0,0,0,0,0,0,Best Way,Destination,P,Y,,0,Y,0,Y,P,0,0,(UnAssigned),N,N,0,,,,,,,,,,,,Use Item Price,i,I,,0,+,,,,,,,,,,N,,0,,(UnAssigned),Y,N,,(UnAssigned),,,E,I,N,Y,N,,,0,0,0,0,0,0,P,,N,E,,N,N,E,,E,,N,E,,,,2/11/2020 3:39:17 PM,NEAL,2/11/2020 3:41:26 PM,NEAL,N,11336
NEPTU100,NEPTUNE BY THE SEA,508 LIGHTHOUSE COURT,,NEPTUNE BEACH,FL,32266,9042948700,,,,,,,,,,,,,,,FLORIDASALES,10,Randy Frontz,0,(UNASSIGNED),DV,Duval County,N,,,(UnAssigned),NET 30,,0,,,0,0,0,0,0,0,0,Best Way,Destination,P,Y,,0,Y,0,Y,P,0,0,(UnAssigned),N,N,0,,,,,,,,,,,,Use Item Price,i,I,,0,+,,,,,,,,,,N,,0,,(UnAssigned),Y,N,,(UnAssigned),,,E,I,N,Y,N,,,0,0,0,0,0,0,P,,N,E,,N,N,E,,E,,N,E,,,,12/7/2020 10:51:56 AM,NATE,9/11/2009 4:42:37 PM,CMS,N,11337
HONEY100,HONEY LAKE FARMS,1086 NW HONEY LAKE ROAD,,GREENVILLE,FL,32331,,,,,,,,,,,,,,,,FLORIDASALES,10,Randy Frontz,0,(UNASSIGNED),DV,Duval County,N,,,(UnAssigned),NET 30,1/8/2021,0,,,0,0,0,0,0,0,0,Best Way,Destination,P,N,85-8017632782C-9,0,Y,0,Y,P,0,0,(UnAssigned),N,Y,1,1,HONEY LAKE FARMS,1086 NW HONEY LAKE ROAD,,GREENVILLE,FL,32331,,,,,Use Item Price,i,I,,0,+,,,,,,,,,,N,,0,,(UnAssigned),Y,N,,(UnAssigned),,,E,I,N,Y,N,,,0,0,0,0,0,0,M,KELLY,N,E,,N,N,E,,E,,N,E,,,,12/14/2020 11:29:12 AM,NEAL,6/21/2021 4:03:25 PM,NATE,N,11338
TOSMA110,TOS MATTRESS AND FURNITURE,6532 BEACH BLVD,,JACKSONVILLE BEACH,FL,32216,,,SIR,FLAVIO,,SIR,FLAVIO,,SIR,FLAVIO,,SIR,FLAVIO,,,FLORIDASALES,64,Pat DeRita,0,(UNASSIGNED),DV,Duval County,N,,,(UnAssigned),NET 30,5/17/2024,0,,,0,0,0,0,0,0,0,Best Way,Destination,P,N,26-8017846004-4 2022,0,Y,0,Y,P,0,0,(UnAssigned),N,N,0,,,,,,,,,,,,30% Profit Margin,p30,P,,30,+,,,,,,,,,,N,,0,,(UnAssigned),Y,N,,(UnAssigned),,,E,A,N,Y,N,,,0,0,0,0,0,0,P,,N,E,,N,N,E,,E,,N,E,,,,2/1/2021 9:18:48 AM,NEAL,10/6/2023 1:03:30 PM,NATE,N,11339
BRAIN100,Brain Balance Center  Jacksonvill,13820 Old St.Augustine rd,Suite 301,Jacksonville,FL,32258,904-800-7278,,,,,,,,,,,,,,,FLORIDASALES,10,Randy Frontz,0,(UNASSIGNED),DV,Duval County,N,,,(UnAssigned),NET 30,9/22/2021,0,,,0,0,0,0,0,0,0,Best Way,Destination,P,Y,,0,Y,0,Y,P,0,0,(UnAssigned),N,N,0,,,,,,,,,,,,Use Item Price,i,I,,0,+,,,,,,,,,,N,,0,,(UnAssigned),Y,N,,(UnAssigned),,,E,I,N,Y,N,,,0,0,0,0,0,0,M,Bridget,N,E,,N,N,E,,E,,N,E,,,,3/8/2021 1:38:15 PM,NATE,9/11/2009 4:42:37 PM,CMS,N,11340
BMBFI100,BMB FILTRATION INC.,8500 BAYCENTER RD,,JACKSONVILLE,FL,32256904,904-580-5105,,MIKE,CREWS,MIKE@BMBFILTRATION.COM,,,,,,,,,,,FLORIDASALES,10,Randy Frontz,0,(UNASSIGNED),DV,Duval County,N,,,(UnAssigned),NET 30,,0,,,0,0,0,0,0,0,0,Best Way,Destination,P,Y,,0,Y,0,Y,P,0,0,(UnAssigned),N,N,0,,,,,,,,,,,,Use Item Price,i,I,,0,+,,,,,,,,,,N,,0,,(UnAssigned),Y,N,,(UnAssigned),,,E,I,N,Y,N,,,0,0,0,0,0,0,P,,N,E,,N,N,E,,E,,N,E,,,,5/7/2021 11:02:57 AM,NEAL,9/11/2009 4:42:37 PM,CMS,N,11341
MARYS100,MARYS HONEY DRIPPERS,1031 IONIA STREET,,JACKSONVILLE,FL,32206,,,ANNETTE,PRYOR,PRYOR25@GMAIL.COM,ANNETTE,PRYOR,PRYOR25@GMAIL.COM,ANNETTE,PRYOR,PRYOR25@GMAIL.COM,,,,,FLORIDASALES,10,Randy Frontz,0,(UNASSIGNED),DV,Duval County,N,,,(UnAssigned),NET 30,4/12/2022,0,,,252.74,0,0,0,0,0,0,Best Way,Destination,P,Y,,0,Y,0,Y,P,0,0,(UnAssigned),N,N,0,,,,,,,,,,,,Use Item Price,i,I,,0,+,,,,,,,,,,N,,0,,(UnAssigned),Y,N,,(UnAssigned),,,E,I,N,Y,N,,,0,0,0,0,0,0,P,,N,E,,N,N,E,,E,,N,E,,,,6/21/2021 11:15:02 AM,RANDY,9/11/2009 4:42:37 PM,CMS,N,11342
REDWI100,RED WIRE SPACE,"8226 Philips Highway, Suite 101",,Jacksonville,FL,32256,650-701-7722,,Frank,Costanzo,Frank.Costanzo@redwirespace.com,,,,,,,,,,,FLORIDASALES,10,Randy Frontz,0,(UNASSIGNED),DV,Duval County,N,,,(UnAssigned),NET 30,3/3/2022,0,,,0,0,0,0,0,0,0,Best Way,Destination,P,Y,,0,Y,0,Y,P,0,0,(UnAssigned),N,Y,1,82621,RED WIRE SPACE,"8226 PHILIPS HIGHWAY, SUITE 101",,JACKSONVILLE,FL,32256,,,,,Use Item Price,i,I,,0,+,,,,,,,,,,N,,0,,(UnAssigned),Y,N,,(UnAssigned),,,E,I,N,Y,N,,,0,0,0,0,0,0,M,Frank,N,E,,N,N,E,,E,,N,E,,,,8/17/2021 10:00:30 AM,NATE,8/26/2021 1:52:31 PM,NATE,N,11343
FLOYD100,FLOYD KAY,10709 GRAYSON ST,,JAX,FL,32220,904-707-0994,,,,,,,,,,,,,,,FLORIDASALES,10,Randy Frontz,0,(UNASSIGNED),DV,Duval County,N,,,(UnAssigned),NET 30,10/29/2021,0,,,0,0,0,0,0,0,0,Best Way,Destination,P,Y,,0,Y,0,Y,P,0,0,(UnAssigned),N,N,0,,,,,,,,,,,,Use Item Price,i,I,,0,+,,,,,,,,,,N,,0,,(UnAssigned),Y,N,,(UnAssigned),,,E,I,N,Y,N,,,0,0,0,0,0,0,P,,N,E,,N,N,E,,E,,N,E,,,,8/31/2021 2:49:39 PM,RANDY,9/11/2009 4:42:37 PM,CMS,N,11344
POOLE100,"POOL EQUIPMENT & SUPPLY, INC",9728-02 FLORIDA MINING BLVD WEST,,JACKSONVILLE,FL,32257,904-371-0796,,BARRY,ROBINSON,BROBISON@PESCOMPANY.NET,BARRY,ROBINSON,BROBISON@PESCOMPANY.NET,BARRY,ROBINSON,BROBISON@PESCOMPANY.NET,,,,,FLORIDASALES,10,Randy Frontz,0,(UNASSIGNED),DV,Duval County,N,,,(UnAssigned),NET 30,,0,,,0,0,0,0,0,0,0,Best Way,Destination,P,Y,,0,Y,0,Y,P,0,0,(UnAssigned),N,N,0,,,,,,,,,,,,Use Item Price,i,I,,0,+,,,,,,,,,,N,,0,,(UnAssigned),Y,N,,(UnAssigned),,,E,I,N,Y,N,,,0,0,0,0,0,0,M,BARRY,N,E,,N,N,E,,E,,N,E,,,,11/8/2021 8:40:57 AM,NATE,9/11/2009 4:42:37 PM,CMS,N,11345
SHORE110,"SHORE MANUFACTURING, LLC",2145 DENNIS STREET,,JACKSONVILLE,FL,32204,732-894-9810,732-894-9812,MUKESH,PATEL,mpatel@shoremfgllc.com,MUKESH,PATEL,mpatel@shoremfgllc.com,MUKESH,PATEL,mpatel@shoremfgllc.com,,,,,FLORIDASALES,10,Randy Frontz,0,(UNASSIGNED),DV,Duval County,N,,,(UnAssigned),NET 30,,2000,,,0,0,0,0,0,0,0,Best Way,Destination,P,Y,,0,Y,0,Y,P,0,0,(UnAssigned),N,N,0,,,,,,,,,,,,Use Item Price,i,I,,0,+,,,,,,,,,,N,,0,,(UnAssigned),Y,N,,(UnAssigned),,,E,I,N,Y,N,,,0,0,0,0,0,0,M,MUKESH,N,E,,N,N,E,,E,,N,E,,,,12/21/2021 10:55:05 AM,RANDY,9/11/2009 4:42:37 PM,CMS,N,11346
REDHA100,RED HAWK,1720 LEWIS INDUSTRIAL  DRIVE,,JACKSONVILLE,FL,32254,410-937-4804,,SHANE,SHANE,,SHANE,SHANE,,SHANE,SHANE,,SHANE,SHANE,,,FLORIDASALES,10,Randy Frontz,0,(UNASSIGNED),DV,Duval County,N,,,(UnAssigned),CREDIT CARD,1/26/2022,0,,,0,0,0,0,0,0,0,Best Way,Destination,P,Y,,0,Y,0,Y,P,0,0,(UnAssigned),N,N,0,,,,,,,,,,,,Use Item Price,i,I,,0,+,,,,,,,,,,N,,0,,(UnAssigned),Y,N,,(UnAssigned),,,E,I,N,Y,N,,,0,0,0,0,0,0,P,,N,E,,N,N,E,,E,,N,E,,,,1/26/2022 9:09:08 AM,RANDY,9/11/2009 4:42:37 PM,CMS,N,11347
CONTI100,CONTINENTAL BATTERIES,250 LANE AVENUE NORTH,,JACKSONVILLE,FL,32254,904-378-7747,,TED,SAUNDERS,,TED,SAUNDERS,,TED,SAUNDERS,,TED,SAUNDERS,,,FLORIDASALES,10,Randy Frontz,0,(UNASSIGNED),DV,Duval County,N,,,(UnAssigned),NET 30,,500,,,0,0,0,0,0,0,0,Best Way,Destination,P,Y,,0,Y,0,Y,P,0,0,(UnAssigned),N,N,0,,,,,,,,,,,,Use Item Price,i,I,,0,+,,,,,,,,,,N,,0,,(UnAssigned),Y,N,,(UnAssigned),,,E,I,N,Y,N,,,0,0,0,0,0,0,P,,N,E,,N,N,E,,E,,N,E,,,,1/27/2022 9:32:23 AM,RANDY,9/11/2009 4:42:37 PM,CMS,N,11348
SHEIK150,THE SHEIK SANDWICHES-BEACH,8151 BEACH BLVD,,JACKSONVILLE,FL,32216,904/910-0092,,BASSAM,AOUIL,jmjdelightinc@gmail.com,BASSAM,AOUIL,jmjdelightinc@gmail.com,BASSAM,AOUIL,jmjdelightinc@gmail.com,,,,,FLORIDASALES,10,Randy Frontz,0,(UNASSIGNED),DV,Duval County,N,,,(UnAssigned),NET 30,11/18/2022,500,,,98.03,0,0,0,0,0,98.03,Best Way,Destination,P,Y,,0,Y,0,Y,P,0,0,(UnAssigned),N,N,0,,,,,,,,,,,,Use Item Price,i,I,,0,+,,,,,,,,,,N,,0,,(UnAssigned),Y,N,,(UnAssigned),,,E,A,N,Y,N,,,0,0,0,0,0,0,P,,N,E,,N,N,E,,E,,N,E,,,,3/29/2022 10:14:30 AM,RANDY,9/11/2009 4:42:37 PM,CMS,N,11352
MEMPH100,MEMPHIS JAX,10870 US 1,,Ponte Vedra Beach,FL,32081,,,,,,,,,,,,,,,,FLORIDASALES,64,Pat DeRita,0,(UNASSIGNED),DV,Duval County,N,,,(UnAssigned),NET 30,10/11/2023,0,,,-221.98,-221.98,0,0,0,0,0,Best Way,Destination,P,Y,,0,Y,0,Y,P,0,0,(UnAssigned),Y,N,0,,,,,,,,,,,,15% Profit Margin,p15,P,,15,+,,,,,,,,,,N,,0,,(UnAssigned),N,N,,(UnAssigned),,,E,A,N,Y,N,,,0,0,0,0,0,0,M,Marie,N,E,,N,N,E,,E,,N,E,,,,5/12/2022 10:44:05 AM,NATE,6/14/2023 8:25:12 AM,JEFF,N,11353
NATHA100,NATHAN SCHLEHUBER,5209 YELLOW WATER RD,,JACKSONVILLE,FL,32234,906-430-1048,,,,,,,,,,,,,,,FLORIDASALES,10,Randy Frontz,0,(UNASSIGNED),DV,Duval County,N,,,(UnAssigned),NET 30,2/9/2026,0,,,50.47,0,0,0,25,25.47,0,Best Way,Destination,P,Y,,0,Y,0,Y,P,0,0,(UnAssigned),N,N,0,,,,,,,,,,,,Use Item Price,i,I,,0,+,,,,,,,,,,N,,0,,(UnAssigned),N,N,,(UnAssigned),,,D,A,N,Y,N,,,0,0,0,0,0,0,M,NATHAN,N,E,,N,N,E,,E,,N,E,,,,5/18/2022 1:59:02 PM,NATE,10/26/2023 3:03:55 PM,NATE,N,11354
VINNO100,VINNOVA,5695 E Francis St.,,ONTARIO,CA,91761,909-930-9388,,,,,,,,,,,,,,,FLORIDASALES,10,Randy Frontz,0,(UNASSIGNED),DV,Duval County,N,,,(UnAssigned),NET 30,6/22/2022,0,,,0,0,0,0,0,0,0,Best Way,Destination,P,Y,,0,Y,0,Y,P,0,0,(UnAssigned),N,N,0,,,,,,,,,,,,Use Item Price,i,I,,0,+,,,,,,,,,,N,,0,,(UnAssigned),Y,N,,(UnAssigned),,,E,I,N,Y,N,,,0,0,0,0,0,0,P,,N,E,,N,N,E,,E,,N,E,,,,6/22/2022 1:59:13 PM,NATE,6/22/2022 2:02:43 PM,NATE,N,11355
ALLAM100,ALL AMERICAN HOT DOG,10365 BEACH BOULEVARD,,JACKSONVILLE,FL,32246,904-641-5794,,NADER,.,.,,,,,,,,,,,FLORIDASALES,10,Randy Frontz,0,(UNASSIGNED),DV,Duval County,N,,,(UnAssigned),NET 30,,0,,,0,0,0,0,0,0,0,Best Way,Destination,P,Y,,0,Y,0,Y,P,0,0,(UnAssigned),N,N,0,,,,,,,,,,,,Use Item Price,i,I,,0,+,,,,,,,,,,N,,0,,(UnAssigned),Y,N,,(UnAssigned),,,E,I,N,Y,N,,,0,0,0,0,0,0,P,,N,E,,N,N,E,,E,,N,E,,,,7/11/2022 9:57:30 AM,NATE,7/11/2022 10:02:54 AM,NATE,N,11357
SHEIK160,THE SHEIK SANDWHICHES - GREEN COVE,422 S Orange Ave,,Green Cove Springs,FL,32043,(904) 531-5095,,Caleb,Boutros,calebboutros14@yahoo.com,Caleb,Boutros,calebboutros14@yahoo.com,Caleb,Boutros,calebboutros14@yahoo.com,,,,,FLORIDASALES,10,Randy Frontz,0,(UNASSIGNED),DV,Duval County,N,,,(UnAssigned),NET 30,11/19/2024,0,,,0,0,0,0,0,0,0,Best Way,Destination,P,Y,,0,Y,0,Y,P,0,0,(UnAssigned),N,N,0,,,,,,,,,,,,Use Item Price,i,I,,0,+,,,,,,,,,,N,,0,,(UnAssigned),Y,N,,(UnAssigned),,,E,A,N,Y,N,,,0,0,0,0,0,0,M,Caleb,N,E,,N,N,E,,E,,N,E,,,,8/1/2022 2:12:02 PM,JEFF,8/1/2022 2:12:42 PM,JEFF,N,11358
ENZOM100,ENZO MATRESS & FURNITURE,,,,,,904-660-3571,,,,,,,,,,,,,,,FLORIDASALES,0,NONE,0,(UNASSIGNED),DV,Duval County,N,,,(UnAssigned),NET 30,8/15/2024,0,,,1782.92,0,0,0,0,0,1782.92,Best Way,Destination,P,N,L21000149107,0,Y,0,Y,P,0,0,(UnAssigned),N,N,0,,,,,,,,,,,,25% Profit Margin,p25,P,,25,+,,,,,,,,,,N,,0,,(UnAssigned),N,N,,(UnAssigned),,,E,,N,Y,N,,,0,0,0,0,0,0,P,,N,E,,N,N,E,,E,,N,E,,,,1/10/2023 9:13:11 AM,NATE,6/28/2024 11:15:22 AM,NATE,N,11364
DIVER100,DIVERSIFIED LABS,3653 REGENT BLVD SUITE 509,,JACKSONVILLE,FL,32224,904-807-9625,,,,,,,,,,,,,,,FLORIDASALES,7,Eugene Aman,0,(UNASSIGNED),DV,Duval County,N,,,(UnAssigned),NET 30,6/5/2025,0,,,0,0,0,0,0,0,0,Best Way,Destination,P,Y,,0,Y,0,Y,P,0,0,(UnAssigned),N,N,0,,,,,,,,,,,,30% Profit Margin,p30,P,,30,+,,,,,,,,,,N,,0,,(UnAssigned),Y,N,,(UnAssigned),,,D,,N,Y,N,,,0,0,0,0,0,0,P,,N,E,,N,N,E,,E,,N,E,,,,2/27/2023 1:08:16 PM,NATE,3/3/2023 12:20:09 PM,JEFF,N,11367
JEFFH100,Jeff Hebert,749 Goodwin St,,Jacksonville,FL,32204,,,,,,,,,,,,,,,,FLORIDASALES,10,Randy Frontz,0,(UNASSIGNED),DV,Duval County,N,,,(UnAssigned),NET 30,6/15/2023,0,,,0,0,0,0,0,0,0,Best Way,Destination,P,Y,,0,Y,0,Y,P,0,0,(UnAssigned),N,N,0,,,,,,,,,,,,0% Profit Margin,p0,P,,0,+,,,,,,,,,,N,,0,,(UnAssigned),Y,N,,(UnAssigned),,,E,,N,Y,N,,,0,0,0,0,0,0,M,Jeff,N,E,,N,N,E,,E,,N,E,,,,3/7/2023 1:07:11 PM,JEFF,9/28/2023 2:03:24 PM,JEFF,N,11369
VJUSI100,VJ USINA CONTRACTING,4669 Ave A,,St. Augustine,FL,32095,904-829-6727,,,,,,,,,,,,,,,FLORIDASALES,10,Randy Frontz,0,(UNASSIGNED),DV,Duval County,N,,,(UnAssigned),NET 30,1/26/2026,0,,,0,0,0,0,0,0,0,Best Way,Destination,P,Y,,0,Y,0,Y,P,0,0,(UnAssigned),N,N,0,,,,,,,,,,,,Use Item Price,i,I,,0,+,,,,,,,,,,N,,0,,(UnAssigned),Y,N,,(UnAssigned),,,D,,N,Y,N,,,0,0,0,0,0,0,P,,N,E,,N,N,E,,E,,N,E,,,,3/15/2023 2:32:46 PM,JEFF,9/11/2009 4:42:37 PM,CMS,N,11370
JEFFH110,JEFF HEBERT,749 GOODWIN ST,,JACKSONVILLE,FL,32204,9045687304,,Jeff,Hebert,jeff@ufsales.com,Jeff,Hebert,jeff@ufsales.com,Jeff,Hebert,jeff@ufsales.com,Jeff,Hebert,jeff@ufsales.com,,FLORIDASALES,10,Randy Frontz,0,(UNASSIGNED),DV,Duval County,N,,,(UnAssigned),NET 30,3/14/2025,0,,,253.01,0,0,0,0,0,253.01,Best Way,Destination,P,Y,,0,Y,0,Y,P,0,0,(UnAssigned),N,N,0,,,,,,,,,,,,Use Item Price,i,I,,0,+,,,,,,,,,,N,,0,,(UnAssigned),Y,N,,(UnAssigned),,,E,,N,Y,N,,,0,0,0,0,0,0,M,Jeff,N,E,,N,N,E,,E,,N,E,,,,3/20/2023 12:37:45 PM,JEFF,3/14/2025 8:55:53 AM,JEFF,N,11371
DUVAL140,DUVAL FORD FLEET,405 LANE AVE NORTH,,JACKSONVILLE,FL,32254,,,,,,,,,,,,,,,,FLORIDASALES,10,Randy Frontz,0,(UNASSIGNED),DV,Duval County,N,,,(UnAssigned),NET 30,10/10/2023,0,,,0,0,0,0,0,0,0,Best Way,Destination,P,Y,,0,Y,0,Y,P,0,0,(UnAssigned),N,N,0,,,,,,,,,,,,Use Item Price,i,I,,0,+,,,,,,,,,,N,,0,,(UnAssigned),Y,N,,(UnAssigned),,,E,,N,Y,N,,,0,0,0,0,0,0,P,,N,E,,N,N,E,,E,,N,E,,,,4/27/2023 9:08:50 AM,NATE,9/11/2009 4:42:37 PM,CMS,N,11375
SCHUR100,Schurco Slurry,9410 Florida Mining Blvd E.,,Jacksonville,FL,32257,904-356-6840,,,,,,,,,,,,,,,FLORIDASALES,10,Randy Frontz,0,(UNASSIGNED),DV,Duval County,N,,,(UnAssigned),NET 30,1/10/2025,0,,,0,0,0,0,0,0,0,Best Way,Destination,P,Y,,0,Y,0,Y,P,0,0,(UnAssigned),N,N,0,,,,,,,,,,,,Use Item Price,i,I,,0,+,,,,,,,,,,N,,0,,(UnAssigned),Y,N,,(UnAssigned),,,E,,N,Y,N,,,0,0,0,0,0,0,M,Debbie,N,E,,N,N,E,,E,,N,E,,,,6/7/2023 11:40:36 AM,JEFF,6/13/2023 12:24:10 PM,NATE,N,11377
904HA100,904 Happy Hour,,,,,,,,,,,,,,,,,,,,,FLORIDASALES,10,Randy Frontz,0,(UNASSIGNED),DV,Duval County,N,,,(UnAssigned),NET 30,9/28/2023,0,,,0.08,0,0,0,0,0,0.08,Best Way,Destination,P,Y,,0,Y,0,Y,P,0,0,(UnAssigned),N,N,0,,,,,,,,,,,,Use Item Price,i,I,,0,+,,,,,,,,,,N,,0,,(UnAssigned),Y,N,,(UnAssigned),,,E,,N,Y,N,,,0,0,0,0,0,0,P,,N,E,,N,N,E,,E,,N,E,,,,8/8/2023 2:25:13 PM,JEFF,9/11/2009 4:42:37 PM,CMS,N,11380
WSDTR100,WSD Trading LLC,548 Myra St.,,Jacksonville,FL,32266,6309779937,,,,,,,,,,,,,,,FLORIDASALES,10,Randy Frontz,0,(UNASSIGNED),DV,Duval County,N,,,(UnAssigned),NET 30,,0,,,0,0,0,0,0,0,0,Best Way,Destination,P,Y,,0,Y,0,Y,P,0,0,(UnAssigned),N,N,0,,,,,,,,,,,,Use Item Price,i,I,,0,+,,,,,,,,,,N,,0,,(UnAssigned),Y,N,,(UnAssigned),,,E,,N,Y,N,,,0,0,0,0,0,0,M,Wes,N,E,,N,N,E,,E,,N,E,,,,10/16/2023 9:13:49 AM,JEFF,9/11/2009 4:42:37 PM,CMS,N,11384
FITFA100,FIT FACTORY,9244 Arlington Expy B,,Jacksonville,FL,32225,904-329-1040,,,,,Karmin,Chris,chris.karmin40@gmail.com,Karmin,Chris,chris.karmin40@gmail.com,,,,,FLORIDASALES,10,Randy Frontz,0,(UNASSIGNED),DV,Duval County,N,,,(UnAssigned),NET 30,4/15/2026,0,,,1063.55,785.57,327.98,0,0,0,0,Best Way,Destination,P,Y,,0,Y,0,Y,P,0,0,(UnAssigned),N,Y,1,FITFA,FIT FACTORY,9244 Arlington Expy B,,Jacksonville,FL,32225,Chris Karmin,,,,25% Profit Margin,p25,P,,25,+,,,,,,,,,,N,,0,,(UnAssigned),Y,N,,(UnAssigned),,,C,,N,Y,N,,,0,0,0,0,0,0,M,Karmin,N,E,,N,N,E,,E,,N,E,,,,2/20/2024 11:56:51 AM,JEFF,3/14/2024 10:27:26 AM,JEFF,N,11387
QUOTE100,QUOTES,,,,,,,,,,,,,,,,,,,,,FLORIDASALES,10,Randy Frontz,0,(UNASSIGNED),DV,Duval County,N,,,(UnAssigned),NET 30,,0,,,0,0,0,0,0,0,0,Best Way,Destination,P,Y,,0,Y,0,Y,P,0,0,(UnAssigned),N,N,0,,,,,,,,,,,,Use Item Price,i,I,,0,+,,,,,,,,,,N,,0,,(UnAssigned),Y,N,,(UnAssigned),,,E,,N,Y,N,,,0,0,0,0,0,0,P,,N,E,,N,N,E,,E,,N,E,,,,3/26/2024 11:37:30 AM,NATE,9/11/2009 4:42:37 PM,CMS,N,11388
ELKSL100,ELKS LODGE #2709 PALM COAST,53 Old Kings Road North,,Palm Coast,FL,32137,,,,,,,,,,,,,,,,FLORIDASALES,10,Randy Frontz,0,(UNASSIGNED),DV,Duval County,N,,,(UnAssigned),NET 30,,0,,,0,0,0,0,0,0,0,Best Way,Destination,P,Y,,0,Y,0,Y,P,0,0,(UnAssigned),N,N,0,,,,,,,,,,,,Use Item Price,i,I,,0,+,,,,,,,,,,N,,0,,(UnAssigned),Y,N,,(UnAssigned),,,E,,N,Y,N,,,0,0,0,0,0,0,P,,N,E,,N,N,E,,E,,N,E,,,,4/22/2024 10:49:57 AM,JEFF,9/11/2009 4:42:37 PM,CMS,N,11390
UFSRE100,UFS RETAIL,,,,,,,,,,,,,,,,,,,,,FLORIDASALES,10,Randy Frontz,0,(UNASSIGNED),DV,Duval County,N,,,(UnAssigned),NET 30,10/9/2024,0,,,36.86,0,0,0,0,0,36.86,Best Way,Destination,P,Y,,0,Y,0,Y,P,0,0,(UnAssigned),N,N,0,,,,,,,,,,,,Use Item Price,i,I,,0,+,,,,,,,,,,N,,0,,(UnAssigned),Y,N,,(UnAssigned),,,E,,N,Y,N,,,0,0,0,0,0,0,P,,N,E,,N,N,E,,E,,N,E,,,,5/15/2024 12:19:14 PM,NATE,9/11/2009 4:42:37 PM,CMS,N,11392
HOUSE100,HOUSE OF STEREO,3110 BEACH BLVD,,JACKSONVILLE,FL,32207,904-642-6677,,,,,,,,,,,,,,,FLORIDASALES,10,Randy Frontz,0,(UNASSIGNED),DV,Duval County,N,,,(UnAssigned),NET 30,7/9/2024,0,,,393.35,0,0,0,0,0,393.35,Best Way,Destination,P,Y,,0,Y,0,Y,P,0,0,(UnAssigned),N,N,0,,,,,,,,,,,,Use Item Price,i,I,,0,+,,,,,,,,,,N,,0,,(UnAssigned),Y,N,,(UnAssigned),,,E,,N,Y,N,,,0,0,0,0,0,0,P,,N,E,,N,N,E,,E,,N,E,,,,5/23/2024 11:28:52 AM,NATE,9/6/2024 10:20:26 AM,NATE,N,11393
GBAUT100,GB AUTO PARTS INC.,1825 EAST 21ST ST,,JACKSONVILLE,FL,32206,904-227-9133,,,,,,,,,,,,,,,FLORIDASALES,10,Randy Frontz,0,(UNASSIGNED),DV,Duval County,N,,,(UnAssigned),NET 30,11/3/2025,0,,,179.15,0,0,0,0,0,179.15,Best Way,Destination,P,N,26-8017395853,0,Y,0,Y,P,0,0,(UnAssigned),N,N,0,,,,,,,,,,,,Use Item Price,i,I,,0,+,,,,,,,,,,N,,0,,(UnAssigned),Y,N,,(UnAssigned),,,D,,N,Y,N,,,0,0,0,0,0,0,M,GREG,N,E,,N,N,E,,E,,N,E,,,,6/4/2024 1:51:42 PM,NATE,9/11/2009 4:42:37 PM,CMS,N,11395
CUSTO110,CUSTOM MADE MEALS,13949 ALVAREZ RD SUITE 105,,JACKSONVILLE,FL,32218,904-627-5501,,,,,,,,,,,,,,,FLORIDASALES,10,Randy Frontz,0,(UNASSIGNED),DV,Duval County,N,,,(UnAssigned),NET 30,,0,,,0,0,0,0,0,0,0,Best Way,Destination,P,Y,,0,Y,0,Y,P,0,0,(UnAssigned),N,N,0,,,,,,,,,,,,Use Item Price,i,I,,0,+,,,,,,,,,,N,,0,,(UnAssigned),Y,N,,(UnAssigned),,,E,,N,Y,N,,,0,0,0,0,0,0,P,,N,E,,N,N,E,,E,,N,E,,,,6/5/2024 8:13:51 AM,NATE,9/11/2009 4:42:37 PM,CMS,N,11396
FIRST120,FIRST COAST CHRISTIAN SCHOOLS,7587 BLANDING BLVD,,JACKSONVILLE,FL,32244,904-777-3040,,,,,,,,,,,,,,,FLORIDASALES,7,Eugene Aman,0,(UNASSIGNED),DV,Duval County,N,,,(UnAssigned),NET 30,,0,,,0,0,0,0,0,0,0,Best Way,Destination,P,Y,,0,Y,0,Y,P,0,0,(UnAssigned),N,N,0,,,,,,,,,,,,Use Item Price,i,I,,0,+,,,,,,,,,,N,,0,,(UnAssigned),Y,N,,(UnAssigned),,,E,,N,Y,N,,,0,0,0,0,0,0,P,,N,E,,N,N,E,,E,,N,E,,,,8/2/2024 10:26:43 AM,NATE,9/11/2009 4:42:37 PM,CMS,N,11400
DINSM110,DINSMORE MEATS,11058 NEW KINGS ROAD,,JACKSONVILLE,FL,32219,904-768-6708,,,,,,,,,,,,,,,FLORIDASALES,13,Nate Schlehuber,0,(UNASSIGNED),DV,Duval County,N,,,(UnAssigned),NET 30,7/2/2025,0,,,910,0,0,0,0,0,910,Best Way,Destination,P,N,,0,Y,0,Y,P,0,0,(UnAssigned),N,N,0,,,,,,,,,,,,Use Item Price,i,I,,0,+,,,,,,,,,,N,,0,,(UnAssigned),Y,N,,(UnAssigned),,,D,,N,Y,N,,,0,0,0,0,0,0,P,,N,E,,N,N,E,,E,,N,E,,,,9/6/2024 11:35:15 AM,NATE,9/19/2024 8:52:59 AM,NATE,N,11401
DISCO110,DISCOVERY CHILDCARE,2890 MOODY AVE,,ORANGE PARK,FL,32073,904-704-1713,,KIM,DOHM,Discoveryadmin@discoveryop.com,,,,,,,,,,,FLORIDASALES,13,Nate Schlehuber,0,(UNASSIGNED),DV,Duval County,N,,,(UnAssigned),NET 30,,0,,,0,0,0,0,0,0,0,Best Way,Destination,P,Y,,0,Y,0,Y,P,0,0,(UnAssigned),N,N,0,,,,,,,,,,,,30% Profit Margin,p30,P,,30,+,,,,,,,,,,N,,0,,(UnAssigned),Y,N,,(UnAssigned),,,E,,N,Y,N,,,0,0,0,0,0,0,P,,N,E,,N,N,E,,E,,N,E,,,,9/25/2024 8:34:27 AM,NATE,9/25/2024 12:57:54 PM,NATE,N,11402
REFUG100,REFUGE CHURCH,"4865 ROOSEVELT BLVD,",,JACKSONVILLE,FL,32210,,,,,,,,,,,,,,,,FLORIDASALES,13,Nate Schlehuber,0,(UNASSIGNED),DV,Duval County,N,,,(UnAssigned),NET 30,4/3/2026,0,,,139.14,0,0,0,0,0,139.14,Best Way,Destination,P,N,,0,Y,0,Y,P,0,0,(UnAssigned),N,N,0,,,,,,,,,,,,Use Item Price,i,I,,0,+,,,,,,,,,,N,,0,,(UnAssigned),Y,N,,(UnAssigned),,,D,,N,Y,N,,,0,0,0,0,0,0,M,TERRI,N,E,,N,N,E,,E,,N,E,,,,1/15/2025 2:13:26 PM,NATE,4/14/2025 12:12:37 PM,NATE,N,11405
PLANK100,PLANK SEAFOOD KITCHEN,1567 UNIVERSITY BLVD,,JACKSONVILLE,FL,32217,904-626-5712,,Charlie,Farah,czfarah@gmail.com,Charlie,Farah,czfarah@gmail.com,,,,,,,,FLORIDASALES,7,Eugene Aman,0,(UNASSIGNED),DV,Duval County,N,,,(UnAssigned),NET 30,3/24/2025,0,,,399.2,0,0,0,0,0,399.2,Best Way,Destination,P,Y,,0,Y,0,Y,P,0,0,(UnAssigned),N,N,0,,,,,,,,,,,,25% Profit Margin,p25,P,,25,+,,,,,,,,,,N,,0,,(UnAssigned),Y,N,,(UnAssigned),,,E,,N,Y,N,,,0,0,0,0,0,0,P,,N,E,,N,N,E,,E,,N,E,,,,3/17/2025 8:04:18 AM,JEFF,5/13/2025 3:02:54 PM,NATE,N,11406
SHIP2100,SHIP 2 SHORE SEAFOOD,1403-21 DUNN AVENUE,,JACKSONVILLE,FL,32218,904-513-4624,,,,,,,,,,,,,,,FLORIDASALES,7,Eugene Aman,0,(UNASSIGNED),DV,Duval County,N,,,(UnAssigned),NET 30,4/4/2025,0,,,631.64,0,0,0,0,0,631.64,Best Way,Destination,P,Y,,0,Y,0,Y,P,0,0,(UnAssigned),N,N,0,,,,,,,,,,,,Use Item Price,i,I,,0,+,,,,,,,,,,N,,0,,(UnAssigned),Y,N,,(UnAssigned),,,E,,N,Y,N,,,0,0,0,0,0,0,P,,N,E,,N,N,E,,E,,N,E,,,,3/21/2025 7:48:23 AM,NATE,4/11/2025 11:13:04 AM,JEFF,N,11407
RISEC110,RISE CHURCH,8081 LENOX AVE,,Jacksonville,FL,32221,904-379-3645,,,,,,,,,,,,,,www.rise-church.com,FLORIDASALES,7,Eugene Aman,CHURCHES,CHURCHES,EX,Tax Exempt,N,,,(UnAssigned),NET 30,3/20/2026,0,,,13.97,0,0,0,0,0,13.97,Best Way,Destination,P,N,,0,Y,0,Y,P,0,0,(UnAssigned),N,N,0,,,,,,,,,,,,30% Profit Margin,p30,P,,30,+,,,,,,,,,,N,,0,,(UnAssigned),Y,N,,(UnAssigned),,,D,,N,Y,N,,,0,0,0,0,0,0,P,,N,E,,N,N,E,,E,,N,E,,,,3/27/2025 8:22:30 AM,JEFF,5/6/2025 9:50:11 AM,NATE,N,11409
CEDAR100,CEDAR CREEK CHRISTIAN SCHOOL,1372 S LANE AVE,,JACKSONVILLE,FL,32205,,,,,,,,,,,,,,,,FLORIDASALES,7,Eugene Aman,CHURCHES,CHURCHES,DV,Duval County,N,,,(UnAssigned),NET 30,4/10/2026,0,,,653.75,653.75,0,0,0,0,0,Best Way,Destination,P,N,,0,Y,0,Y,P,0,0,(UnAssigned),N,N,0,,,,,,,,,,,,Use Item Price,i,I,,0,+,,,,,,,,,,N,,0,,(UnAssigned),N,N,,(UnAssigned),,,D,,N,Y,N,,,0,0,0,0,0,0,P,,N,E,,N,N,E,,E,,N,E,,,,4/10/2025 5:40:03 PM,JEFF,4/14/2025 12:25:35 PM,JEFF,N,11410
TRINI110,TRINITY CAMP,7996 COUNTY LINE ROAD,,MELROSE,FL,32666,808-594-8350,,MIKE,BLISS,mbliss@trinity-camp.org,,,,,,,,,,,FLORIDASALES,7,Eugene Aman,0,(UNASSIGNED),EX,Tax Exempt,N,,,(UnAssigned),NET 30,3/31/2026,0,,,428.9,428.9,0,0,0,0,0,Best Way,Destination,P,N,,0,Y,0,Y,P,0,0,(UnAssigned),N,N,0,,,,,,,,,,,,Use Item Price,i,I,,0,+,,,,,,,,,,N,,0,,(UnAssigned),Y,N,,(UnAssigned),,,C,,N,Y,N,,,0,0,0,0,0,0,M,MIKE,N,E,,N,N,E,,E,,N,E,,,,4/14/2025 1:03:39 PM,NATE,10/29/2025 8:21:51 AM,NATE,N,11411
GENER110,GENERIC CUSTOMER,,,,,,,,,,,,,,,,,,,,,FLORIDASALES,10,Randy Frontz,0,(UNASSIGNED),DV,Duval County,N,,,(UnAssigned),NET 30,,0,,,0,0,0,0,0,0,0,Best Way,Destination,P,Y,,0,Y,0,Y,P,0,0,(UnAssigned),N,N,0,,,,,,,,,,,,Use Item Price,i,I,,0,+,,,,,,,,,,N,,0,,(UnAssigned),Y,N,,(UnAssigned),,,E,,N,Y,N,,,0,0,0,0,0,0,P,,N,E,,N,N,E,,E,,N,E,,,,4/16/2025 1:39:07 PM,NATE,9/11/2009 4:42:37 PM,CMS,N,11412
PINEW100,PINEWOOD CHRISTIAN ACADEMY,198 Knoxx Rd,,Middleburg,FL,32068,9042726408,,,,,,,,,,,,,,www.pinewoodchristian.org,FLORIDASALES,7,Eugene Aman,0,(UNASSIGNED),,(UnAssigned),N,,,(UnAssigned),NET 30,4/15/2026,0,,,2328.67,180.12,0,0,2148.55,0,0,Best Way,Destination,P,N,,0,Y,0,Y,P,0,0,(UnAssigned),N,N,0,,,,,,,,,,,,25% Profit Margin,p25,P,,25,+,,,,,,,,,,N,,0,,(UnAssigned),Y,N,,(UnAssigned),,,C,,N,Y,N,,,0,0,0,0,0,0,M,Joy,Y,E,Jake,N,N,E,,E,,N,E,,,,4/17/2025 2:42:37 PM,JEFF,11/21/2025 9:11:03 AM,JEFF,N,11413
AMBIP100,AMBIPAR,1830 CLACKSON ST,,JACKSONVILLE,FL,32202,904-249-8004,,,,,,,,,,,,,,,FLORIDASALES,7,Eugene Aman,0,(UNASSIGNED),DV,Duval County,N,,,(UnAssigned),NET 30,8/18/2025,0,,,0,0,0,0,0,0,0,Best Way,Destination,P,Y,,0,Y,0,Y,P,0,0,(UnAssigned),N,N,0,,,,,,,,,,,,Use Item Price,i,I,,0,+,,,,,,,,,,N,,0,,(UnAssigned),Y,N,,(UnAssigned),,,D,,N,Y,N,,,0,0,0,0,0,0,M,ANDY,N,E,,N,N,E,,E,,N,E,,,,4/30/2025 2:03:40 PM,NATE,10/30/2025 12:23:17 PM,NATE,N,11415
TRINI120,TRINITY RESCUE MISSION,622 W Union St,,Jacksonville,FL,32202,904-355-1205,,DARRELL,DOW,ddow@trinityrescue.org,,,,,,,,,,,FLORIDASALES,7,Eugene Aman,0,(UNASSIGNED),DV,Duval County,N,,,(UnAssigned),NET 30,4/15/2026,0,,,3414.42,3414.42,0,0,0,0,0,Best Way,Destination,P,N,,0,Y,0,Y,P,0,0,(UnAssigned),N,N,0,,,,,,,,,,,,Use Item Price,i,I,,0,+,,,,,,,,,,N,,0,,(UnAssigned),Y,N,,(UnAssigned),,,A,,N,Y,N,,,0,0,0,0,0,0,M,Cooper,Y,E,DARRELL,N,N,E,,E,,N,E,,,,5/2/2025 8:55:56 AM,NATE,2/11/2026 10:46:45 AM,NATE,N,11416
SALVA100,SALVATION ARMY CAMP,,,,,,,,,,,,,,,,,,,,,FLORIDASALES,7,Eugene Aman,0,(UNASSIGNED),EX,Tax Exempt,N,,,(UnAssigned),NET 30,1/15/2026,0,,,0,0,0,0,0,0,0,Best Way,Destination,P,N,85-8012821030C-4,0,Y,0,Y,P,0,0,(UnAssigned),N,N,0,,,,,,,,,,,,Use Item Price,i,I,,0,+,,,,,,,,,,N,,0,,(UnAssigned),Y,N,,(UnAssigned),,,E,,N,Y,N,,,0,0,0,0,0,0,M,Matthew,N,E,,N,N,E,,E,,N,E,,,,5/7/2025 8:59:43 AM,JEFF,1/30/2026 2:26:34 PM,JEFF,N,11417
GRACE110,GRACE COMMUNITY CHURCH,10938 Hood Rd. S.,,JACKSONVILLE,FL,32257,,,,,,,,,,,,,,,,FLORIDASALES,7,Eugene Aman,0,(UNASSIGNED),DV,Duval County,N,,,(UnAssigned),NET 30,3/26/2026,0,,,0,0,0,0,0,0,0,Best Way,Destination,P,N,,0,Y,0,Y,P,0,0,(UnAssigned),N,N,0,,,,,,,,,,,,Use Item Price,i,I,,0,+,,,,,,,,,,N,,0,,(UnAssigned),Y,N,,(UnAssigned),,,E,,N,Y,N,,,0,0,0,0,0,0,M,TAYLOR,N,E,,N,N,E,,E,,N,E,,,,5/7/2025 8:06:35 PM,JEFF,12/9/2025 9:18:05 AM,NATE,N,11419
JAXCI100,JAX CITY SOLID WASTE DIVISION,545 N Laura St.,,Jacksonville,FL,32202,904-665-8050,,,,,,,,,,,,,,,FLORIDASALES,10,Randy Frontz,0,(UNASSIGNED),DV,Duval County,N,,,(UnAssigned),NET 30,,0,,,0,0,0,0,0,0,0,Best Way,Destination,P,Y,,0,Y,0,Y,P,0,0,(UnAssigned),N,N,0,,,,,,,,,,,,Use Item Price,i,I,,0,+,,,,,,,,,,N,,0,,(UnAssigned),Y,N,,(UnAssigned),,,E,,N,Y,N,,,0,0,0,0,0,0,P,,N,E,,N,N,E,,E,,N,E,,,,5/12/2025 6:39:26 PM,JEFF,9/11/2009 4:42:37 PM,CMS,N,11420
CROWN100,CROWN POINT CHURCH,10153 Old St. Augustine Rd.,,Jacksonville,FL,32257,,,,,,,,,,,,,,,,FLORIDASALES,10,Randy Frontz,0,(UNASSIGNED),EX,Tax Exempt,N,,,(UnAssigned),NET 30,2/26/2026,0,,,37.32,0,0,0,0,0,37.32,Best Way,Destination,P,N,,0,Y,0,Y,P,0,0,(UnAssigned),N,N,0,,,,,,,,,,,,Use Item Price,i,I,,0,+,,,,,,,,,,N,,0,,(UnAssigned),Y,N,,(UnAssigned),,,D,,N,Y,N,,,0,0,0,0,0,0,M,ESTHER,N,E,,N,N,E,,E,,N,E,,,,5/13/2025 11:07:01 AM,JEFF,9/24/2025 10:54:05 AM,NATE,N,11421
EASTC100,EAST COAST MANAGEMENT & CONSULTING,4327 Dazet Ct.,,Jacksonville,FL,32210,,,,,,,,,,,,,,,,FLORIDASALES,10,Randy Frontz,0,(UNASSIGNED),DV,Duval County,N,,,(UnAssigned),NET 30,4/17/2026,0,,,360,0,0,0,0,0,0,Best Way,Destination,P,Y,,0,Y,0,Y,P,0,0,(UnAssigned),N,Y,1,10010,EAST COAST MANAGEMENT & CONSULTING,4327 DAZET CT,,JACKSONVILLE,FL,,DANIEL,CALL 30MIN BEFORE 904-574-0838,,,Use Item Price,i,I,,0,+,,,,,,,,,,N,,0,,(UnAssigned),Y,N,,(UnAssigned),,,C,,N,Y,N,,,0,0,0,0,0,0,M,Daniel,Y,E,JOE,N,N,E,,E,,N,E,,,,5/19/2025 2:50:20 PM,JEFF,4/17/2026 12:07:02 PM,JEFF,N,11423
FLAGL110,FLAGLER GUN AND ARCHERY CLUB,1290 E COUNTY RD 90,,BUNNELL,FL,32110,888-823-4251,,,,,,,,,,,,,,,FLORIDASALES,10,Randy Frontz,0,(UNASSIGNED),DV,Duval County,N,,,(UnAssigned),NET 30,,0,,,0,0,0,0,0,0,0,Best Way,Destination,P,Y,,0,Y,0,Y,P,0,0,(UnAssigned),N,N,0,,,,,,,,,,,,Use Item Price,i,I,,0,+,,,,,,,,,,N,,0,,(UnAssigned),Y,N,,(UnAssigned),,,E,,N,Y,N,,,0,0,0,0,0,0,P,,N,E,,N,N,E,,E,,N,E,,,,5/22/2025 6:24:06 PM,JEFF,9/11/2009 4:42:37 PM,CMS,N,11424
EVANG100,EVANGEL TEMPLE,,,,,,,,,,,,,,,,,,,,,FLORIDASALES,10,Randy Frontz,0,(UNASSIGNED),DV,Duval County,N,,,(UnAssigned),NET 30,,0,,,0,0,0,0,0,0,0,Best Way,Destination,P,Y,,0,Y,0,Y,P,0,0,(UnAssigned),N,N,0,,,,,,,,,,,,Use Item Price,i,I,,0,+,,,,,,,,,,N,,0,,(UnAssigned),Y,N,,(UnAssigned),,,E,,N,Y,N,,,0,0,0,0,0,0,P,,N,E,,N,N,E,,E,,N,E,,,,6/4/2025 5:48:02 PM,JEFF,6/4/2025 5:50:00 PM,JEFF,N,11425
LAKES110,LAKE SWAN CAMP,647 FL-26,,MELROSE,FL,32666,352-475-2828,,,,,,,,,,,,,,www.lakeswancamp.org,FLORIDASALES,7,Eugene Aman,0,(UNASSIGNED),EX,Tax Exempt,N,,,(UnAssigned),NET 30,4/6/2026,0,,,848.36,848.36,0,0,0,0,0,Best Way,Destination,P,N,,0,Y,0,Y,P,0,0,(UnAssigned),N,N,0,,,,,,,,,,,,Use Item Price,i,I,,0,+,,,,,,,,,,N,,0,,(UnAssigned),Y,N,,(UnAssigned),,,C,,N,Y,N,,,0,0,0,0,0,0,M,JANESE,N,E,,N,N,E,,E,,N,E,,,,6/10/2025 4:03:32 PM,JEFF,12/8/2025 9:09:00 AM,NATE,N,11426
OTREN100,OTR ENGINEERED SOLUTIONS,1044 LANE AVE N,,JACKSONVILLE,FL,32254,904-786-7542,,ACCOUNTING,ALL CORRESPONDENCE,payotrus@otrwheel.com,ACCOUNTING,ALL CORRESPONDENCE,payotrus@otrwheel.com,ACCOUNTING,ALL CORRESPONDENCE,payotrus@otrwheel.com,ACCOUNTING,ALL CORRESPONDENCE,payotrus@otrwheel.com,WWW.OTRWHEEL.COM,FLORIDASALES,7,Eugene Aman,0,(UNASSIGNED),DV,Duval County,N,,,(UnAssigned),NET 30,4/1/2026,0,,,1326.66,1274.52,52.14,0,0,0,0,Best Way,Destination,P,N,,0,Y,0,Y,P,0,0,(UnAssigned),N,N,0,,,,,,,,,,,,Use Item Price,i,I,,0,+,,,,,,,,,,N,,0,,(UnAssigned),Y,N,,(UnAssigned),,,C,,N,Y,N,,,0,0,0,0,0,0,M,ACCOUNTING,N,E,,N,N,E,ACCOUNTING,E,,N,E,,,,6/18/2025 1:52:41 PM,JEFF,1/16/2026 1:55:58 PM,JEFF,N,11427
UNIVE100,UNIVERSITY CHRISTIAN SCHOOL,5520 UNIVERSITY BLVD WEST,,JACKSONVILLE,FL,32216,904-737-6330,,LYNN,MAY,LYNNMAY@UCSJAX.COM,,,,,,,,,,,FLORIDASALES,7,Eugene Aman,0,(UNASSIGNED),,(UnAssigned),N,,,(UnAssigned),NET 30,4/15/2026,0,,,1772.16,1772.16,0,0,0,0,0,Best Way,Destination,P,N,,0,Y,0,Y,P,0,0,(UnAssigned),N,N,0,,,,,,,,,,,,Use Item Price,i,I,,0,+,,,,,,,,,,N,,0,,(UnAssigned),N,N,,(UnAssigned),,,B,,N,Y,N,,,0,0,0,0,0,0,P,,N,E,,N,N,E,,E,,N,E,,,,6/30/2025 1:08:21 PM,NATE,1/30/2026 2:24:42 PM,JEFF,N,11428
FERNA100,FERNANDINA FIRE STATION,2800 JOHN S. ROBAS ROAD,,FERNANDINA BEACH,FL,32034,,,,,,,,,,,,,,,,FLORIDASALES,10,Randy Frontz,0,(UNASSIGNED),DV,Duval County,N,,,(UnAssigned),NET 30,,0,,,0,0,0,0,0,0,0,Best Way,Destination,P,Y,,0,Y,0,Y,P,0,0,(UnAssigned),N,N,0,,,,,,,,,,,,Use Item Price,i,I,,0,+,,,,,,,,,,N,,0,,(UnAssigned),Y,N,,(UnAssigned),,,E,,N,Y,N,,,0,0,0,0,0,0,P,,N,E,,N,N,E,,E,,N,E,,,,7/8/2025 11:08:53 AM,NATE,7/8/2025 11:09:07 AM,NATE,N,11431
PRIPR100,PRI PRODUCTIONS,1819 KINGS AVE,,JACKSONVILLE,FL,32207,,,,,,,,,,,,,,,www.priproductions.com,FLORIDASALES,10,Randy Frontz,0,(UNASSIGNED),EX,Tax Exempt,N,,,(UnAssigned),NET 30,4/16/2026,0,,,1969.16,633.79,80.06,1255.31,0,0,0,Best Way,Destination,P,N,26-8012072259-0,0,Y,0,Y,P,0,0,(UnAssigned),N,Y,1,10073,PRI PRODUCTIONS,1229 Clark St.,,Jacksonville,FL,32206,,,,,Use Item Price,i,I,,0,+,,,,,,,,,,N,,0,,(UnAssigned),Y,N,,(UnAssigned),,,C,,N,Y,N,,,0,0,0,0,0,0,M,AP,N,E,,N,N,E,,E,,N,E,,,,7/11/2025 12:58:20 PM,JEFF,9/3/2025 10:43:50 AM,NATE,N,11432
JACKS190,JACKSONVILLE AGRICULTURAL FAIR,510 FAIRGROUND PL,,JACKSONVILLE,FL,32202,,,,,,,,,,,,,,,www.jacksonvillefair.com,FLORIDASALES,7,Eugene Aman,0,(UNASSIGNED),DV,Duval County,N,,,(UnAssigned),NET 30,,0,,,0,0,0,0,0,0,0,Best Way,Destination,P,Y,,0,Y,0,Y,P,0,0,(UnAssigned),N,N,0,,,,,,,,,,,,Use Item Price,i,I,,0,+,,,,,,,,,,N,,0,,(UnAssigned),Y,N,,(UnAssigned),,,E,,N,Y,N,,,0,0,0,0,0,0,P,,N,E,,N,N,E,,E,,N,E,,,,7/31/2025 10:37:48 AM,JEFF,9/11/2009 4:42:37 PM,CMS,N,11433
GFLJA100,GFL JACKSONVILLE,,,,,,,,,,,,,,,,,,,,,FLORIDASALES,7,Eugene Aman,0,(UNASSIGNED),DV,Duval County,N,,,(UnAssigned),NET 30,,0,,,0,0,0,0,0,0,0,Best Way,Destination,P,Y,,0,Y,0,Y,P,0,0,(UnAssigned),N,N,0,,,,,,,,,,,,Use Item Price,i,I,,0,+,,,,,,,,,,N,,0,,(UnAssigned),Y,N,,(UnAssigned),,,E,,N,Y,N,,,0,0,0,0,0,0,P,,N,E,,N,N,E,,E,,N,E,,,,8/12/2025 7:56:20 AM,JEFF,1/30/2026 2:24:56 PM,JEFF,N,11434
STPAU100,ST. PAUL'S CATHOLIC CHURCH,2609 PARK ST.,,JACKSONVILLE,FL,32204,904-387-2554,,,,,,,,,,,,,,,FLORIDASALES,0,NONE,0,(UNASSIGNED),EX,Tax Exempt,N,,,(UnAssigned),NET 30,4/1/2026,0,,,197.71,197.71,0,0,0,0,0,Best Way,Destination,P,N,85-8012672133C-4,0,Y,0,Y,P,0,0,(UnAssigned),N,N,0,,,,,,,,,,,,Use Item Price,i,I,,0,+,,,,,,,,,,N,,0,,(UnAssigned),Y,N,,(UnAssigned),,,D,,N,Y,N,,,0,0,0,0,0,0,M,ONIE,N,E,,N,N,E,,E,,N,E,,,,8/20/2025 11:10:20 AM,NATE,9/10/2025 3:43:55 PM,JEFF,N,11435
HULLS110,HULLS ENVIRONMENTAL,4850 Collins Rd.,,Jacksonville,FL,32244,904-379-3465,,,,,,,,,,,,,,www.hullsenvironmental.com,FLORIDASALES,7,Eugene Aman,0,(UNASSIGNED),DV,Duval County,N,,,(UnAssigned),NET 30,12/10/2025,0,,,0,0,0,0,0,0,0,Best Way,Destination,P,Y,,0,Y,0,Y,P,0,0,(UnAssigned),N,N,0,,,,,,,,,,,,Use Item Price,i,I,,0,+,,,,,,,,,,N,,0,,(UnAssigned),Y,N,,(UnAssigned),,,C,,N,Y,N,,,0,0,0,0,0,0,P,,N,E,,N,N,E,,E,,N,E,,,,9/10/2025 3:31:11 PM,JEFF,3/31/2026 10:26:00 AM,NATE,N,11436
LAFRA100,LA FRAICHE LLC - NON-TAXED,,,Jacksonville,FL,,904-887-4000,,,,,,,,,,,,,,,FLORIDASALES,10,Randy Frontz,0,(UNASSIGNED),DV,Duval County,N,,,(UnAssigned),NET 30,11/19/2025,0,,,-16.06,-16.06,0,0,0,0,0,Best Way,Destination,P,N,,0,Y,0,Y,P,0,0,(UnAssigned),N,N,0,,,,,,,,,,,,Use Item Price,i,I,,0,+,,,,,,,,,,N,,0,,(UnAssigned),N,N,,(UnAssigned),,,D,,N,Y,N,,,0,0,0,0,0,0,M,Lisa,N,E,,N,N,E,,E,,N,E,,,,10/1/2025 11:29:58 AM,JEFF,11/4/2025 8:52:12 AM,JEFF,N,11439
MONTG100,MONTGOMERY CENTER,88 SE 75TH ST.,,STARK,FL,32091,352-473-4516,,,,,,,,,,,,,,,FLORIDASALES,7,Eugene Aman,0,(UNASSIGNED),EX,Tax Exempt,N,,,(UnAssigned),NET 30,10/13/2025,0,,,0,0,0,0,0,0,0,Best Way,Destination,P,Y,,0,Y,0,Y,P,0,0,(UnAssigned),N,N,0,,,,,,,,,,,,Use Item Price,i,I,,0,+,,,,,,,,,,N,,0,,(UnAssigned),Y,N,,(UnAssigned),,,E,,N,Y,N,,,0,0,0,0,0,0,M,REBEKAH,N,E,,N,N,E,,E,,N,E,,,,10/7/2025 2:10:39 PM,NATE,1/30/2026 2:30:43 PM,JEFF,N,11441
JAXFI100,CITY OF JACKSONVILLE - JFRD,,,,,,,,,,,,,,,,,,,,,FLORIDASALES,7,Eugene Aman,0,(UNASSIGNED),DV,Duval County,N,,,(UnAssigned),NET 30,,0,,,0,0,0,0,0,0,0,Best Way,Destination,P,Y,,0,Y,0,Y,P,0,0,(UnAssigned),N,N,0,,,,,,,,,,,,Use Item Price,i,I,,0,+,,,,,,,,,,N,,0,,(UnAssigned),Y,N,,(UnAssigned),,,E,,N,Y,N,,,0,0,0,0,0,0,P,,N,E,,N,N,E,,E,,N,E,,,,10/21/2025 9:08:59 AM,JEFF,1/30/2026 2:21:12 PM,JEFF,N,11442
GRAYM100,GRAYMAR ENVIRONMENTAL SERVICES LLC,,,JACKSONVILLE,FL,,904-829-7651,,ANDY,MOATS,AMOATS@GRAYMARENV.COM,,,,,,,,,,,FLORIDASALES,10,Randy Frontz,0,(UNASSIGNED),DV,Duval County,N,,,(UnAssigned),NET 30,10/29/2025,0,,,0,0,0,0,0,0,0,Best Way,Destination,P,Y,,0,Y,0,Y,P,0,0,(UnAssigned),N,N,0,,,,,,,,,,,,Use Item Price,i,I,,0,+,,,,,,,,,,N,,0,,(UnAssigned),Y,N,,(UnAssigned),,,D,,N,Y,N,,,0,0,0,0,0,0,M,ANDY,N,E,,N,N,E,,E,,N,E,,,,10/29/2025 9:45:04 AM,NATE,9/11/2009 4:42:37 PM,CMS,N,11443
LAFRA110,LA FRAICHE LLC - TAXED,,,,,,,,,,,,,,,,,,,,,FLORIDASALES,10,Randy Frontz,0,(UNASSIGNED),DV,Duval County,N,,,(UnAssigned),NET 30,11/10/2025,0,,,0,0,0,0,0,0,0,Best Way,Destination,P,Y,,0,Y,0,Y,P,0,0,(UnAssigned),N,N,0,,,,,,,,,,,,Use Item Price,i,I,,0,+,,,,,,,,,,N,,0,,(UnAssigned),Y,N,,(UnAssigned),,,D,,N,Y,N,,,0,0,0,0,0,0,P,,N,E,,N,N,E,,E,,N,E,,,,11/4/2025 8:53:36 AM,JEFF,9/11/2009 4:42:37 PM,CMS,N,11445
SAMPL100,SAMPLES,SAMPLES,,SAMPLES,,,,,,,,,,,,,,,,,,FLORIDASALES,10,Randy Frontz,0,(UNASSIGNED),DV,Duval County,N,,,(UnAssigned),NET 30,2/11/2026,0,,,34.4,0,0,0,34.4,0,0,Best Way,Destination,P,Y,,0,Y,0,Y,P,0,0,(UnAssigned),N,N,0,,,,,,,,,,,,Use Item Price,i,I,,0,+,SAMPLES,,,,,,,,,N,,0,,(UnAssigned),Y,N,,(UnAssigned),,,E,,N,Y,N,,,0,0,0,0,0,0,P,,N,E,,N,N,E,,E,,N,E,,,,11/7/2025 7:59:07 AM,JEFF,9/11/2009 4:42:37 PM,CMS,N,11447
TEMPO100,TEMPORARY,,,,,,,,,,,,,,,,,,,,,FLORIDASALES,10,Randy Frontz,0,(UNASSIGNED),DV,Duval County,N,,,(UnAssigned),NET 30,,0,,,0,0,0,0,0,0,0,Best Way,Destination,P,Y,,0,Y,0,Y,P,0,0,(UnAssigned),N,N,0,,,,,,,,,,,,30% Profit Margin,p30,P,,30,+,,,,,,,,,,N,,0,,(UnAssigned),Y,N,,(UnAssigned),,,E,,N,Y,N,,,0,0,0,0,0,0,P,,N,E,,N,N,E,,E,,N,E,,,,12/2/2025 9:04:46 AM,JEFF,9/11/2009 4:42:37 PM,CMS,N,11448
UFS..100,UFS,545 E 4TH ST,,JACKSONVILLE,FL,32206,904-355-2033,,,,,,,,,,,,,,,FLORIDASALES,10,Randy Frontz,0,(UNASSIGNED),DV,Duval County,N,,,(UnAssigned),NET 30,,0,,,0,0,0,0,0,0,0,Best Way,Destination,P,N,,0,Y,0,Y,P,0,0,(UnAssigned),N,N,0,,,,,,,,,,,,Use Item Price,i,I,,0,+,,,,,,,,,,N,,0,,(UnAssigned),Y,N,,(UnAssigned),,,E,,N,Y,N,,,0,0,0,0,0,0,P,,N,E,,N,N,E,,E,,N,E,,,,1/15/2026 12:12:41 PM,NATE,9/11/2009 4:42:37 PM,CMS,N,11450
H&MBL100,H&M BLACKNITRIDE+,1926 Spearing St.,,Jacksonville,FL,32206,904-6839452,,,,,Adam,Ritt,ritt@blacknitride.com,,,,,,,,FLORIDASALES,10,Randy Frontz,0,(UNASSIGNED),DV,Duval County,N,,,(UnAssigned),NET 30,,0,,,0,0,0,0,0,0,0,Best Way,Destination,P,N,,0,Y,0,Y,P,0,0,(UnAssigned),N,N,0,,,,,,,,,,,,Use Item Price,i,I,,0,+,,,,,,,,,,N,,0,,(UnAssigned),Y,N,,(UnAssigned),,,N,,N,Y,N,,,0,0,0,0,0,0,P,,N,E,,N,N,E,,E,,N,E,,,,2/9/2026 9:16:54 AM,JEFF,9/11/2009 4:42:37 PM,CMS,N,11451
MUJJJ100,MUJJ JANITORIAL LLC,1165 e 26TH STREET,,JACKSONVILLE,FL,32206,,,,,,,,,,,,,,,,FLORIDASALES,10,Randy Frontz,0,(UNASSIGNED),DV,Duval County,N,,,(UnAssigned),NET 30,3/11/2026,0,,,0,0,0,0,0,0,0,Best Way,Destination,P,Y,,0,Y,0,Y,P,0,0,(UnAssigned),N,N,0,,,,,,,,,,,,Use Item Price,i,I,,0,+,,,,,,,,,,N,,0,,(UnAssigned),Y,N,,(UnAssigned),,,N,,N,Y,N,,,0,0,0,0,0,0,P,,N,E,,N,N,E,,E,,N,E,,,,2/26/2026 1:32:30 PM,NATE,9/11/2009 4:42:37 PM,CMS,N,11452
SYSTE100,SYSTEM4 OF NORTH FLORIDA,701 Market St,,ST. AUGUSTINE,FL,32095,904-906-6400,,,,,,,,,,,,,,,FLORIDASALES,10,Randy Frontz,0,(UNASSIGNED),DV,Duval County,N,,,(UnAssigned),NET 30,4/2/2026,0,,,485.38,485.38,0,0,0,0,0,Best Way,Destination,P,Y,,0,Y,0,Y,P,0,0,(UnAssigned),N,N,0,,,,,,,,,,,,Use Item Price,i,I,,0,+,,,,,,,,,,N,,0,,(UnAssigned),Y,N,,(UnAssigned),,,N,,N,Y,N,,,0,0,0,0,0,0,P,,N,E,,N,N,E,,E,,N,E,,,,3/31/2026 2:31:02 PM,NATE,9/11/2009 4:42:37 PM,CMS,N,11453