VendorAcct,VendorGroupCode,VendorName,Address1,Address2,City,State,Zip,OfficePhone,OfficeFax,WebAddress,OfficeContact,OfficeContactEmailAddress,POContact,POContactEmailAddress,APContact,APContactEmailAddress,ServiceContact,ServiceContactEmailAddress,POVendorName,POAddress1,POAddress2,POCity,POState,POZip,CreditLimit,CreditComments1,CreditComments2,Exp1MajorAcct,Exp2MajorAcct,MinPOAmt,MinPOWgt,MinPOCubes,Terms,Carrier,TaxFlag,FrtPpdCol,CheckType,Eligible1099Flag,Comments1,Comments2,VCustAcctNum,LeadTimeDays,ReviewCycleDays,POIssueOption,Field1,Field2,YTDTotPurchases,CurBalance,AgeBal1,AgeBal2,AgeBal3,AgeBal4,AgeBal5,AgeBal6,PendingOrdersBal,AgeStatus,AgeDelinquentFlag,AgeDelinquentBal,AvePmtDays,FirstIssuePODate,LastIssuePODate,PONumber,LastAPInvcDate,LastAPPmtDate,SetupTimeStamp,SetupBy,LastModifyTimeStamp,LastModifyBy,ObsoleteFlag,VendorID
1ADTSE,AP,Johnson Control (Tyco/ADT),P.O. BOX 371967,,PITTSBURGH,PA,15250,1-800-289-2647,,,,,,,,,,,Johnson Control (Tyco/ADT),P.O. BOX 371967,,PITTSBURGH,PA,15250,0,,,6200,,0,0,0,N10,Best Way,N,P,OI,N,Account # W391037670,,,0,0,Call,,,541.01,1532.65,0,274.14,0,263.22,0,995.29,0,Del,Y,1532.65,12,,,,3/14/2026,12/30/2025,8/14/2009 1:36:45 PM,CMS,2/12/2025 9:05:20 AM,NATE,N,10001
1ALTCO,AP,ALTERNATIVE COMMUNICATION,5215 HIGHWAY AVENUE,SUITE 103,JACKSONVILLE,FL,32254,904/354-2385,,,,,,,,,,,ALTERNATIVE COMMUNICATION,5215 HIGHWAY AVENUE,SUITE 103,JACKSONVILLE,FL,32254,0,,,1200,,0,0,0,N10,Best Way,N,P,OI,N,,,,0,0,Call,,,,0,0,0,0,0,0,0,0,Cur,N,0,8,,,,4/2/2012,4/10/2012,8/14/2009 1:36:45 PM,CMS,9/25/2012 11:30:34 AM,JACKIE,N,10002
1AT&T,AP,AT&T,,P.O. BOX 105503,ATLANTA,GA,30348,904/780-2355,,,,,,,,,,,AT&T,,P.O. BOX 1262,CHARLOTTE,NC,28201,0,,,6480,,0,0,0,N20,Best Way,N,P,OI,N,,,,0,0,Call,,,,0,0,0,0,0,0,0,0,Cur,N,0,15,,,,8/3/2019,8/23/2019,8/14/2009 1:36:45 PM,CMS,12/22/2015 8:15:52 AM,STEVE,N,10003
1CINGU,AP,CINGULAR WIRELESS,P.O. BOX 31488,,TAMPA,FL,33631,,,,,,,,,,,,CINGULAR WIRELESS,P.O. BOX 31488,,TAMPA,FL,33631,0,,,1200,,0,0,0,CC,Best Way,N,P,OI,N,,,,0,0,Call,,,,0,0,0,0,0,0,0,0,Cur,N,0,0,,,,,10/24/2006,8/14/2009 1:36:45 PM,CMS,4/29/2011 4:07:12 PM,JACKIE,N,10004
1CITGO,AP,CITGO LUBE,3227 BEACH BLVD,,JACKSONVILLE,FL,32207,904/306-9393,,,,,,,,,,,CITGO LUBE,3227 BEACH BLVD,,JACKSONVILLE,FL,32207,0,,,1200,,0,0,0,CC,Best Way,N,P,OI,N,,,,0,0,Call,,,,0,0,0,0,0,0,0,0,Cur,N,0,32,,,,7/12/2012,8/13/2012,8/14/2009 1:36:45 PM,CMS,8/25/2009 4:17:56 PM,JACKIE,N,10005
1COMSE,AP,COMPUTERS AT YOUR SERVICE,6034 CHESTER AVE,SUITE 105-A,JACKSONVILLE,FL,32217,904/260-6260,,,,,CRAIG,,,,,,COMPUTERS AT YOUR SERVICE,6034 CHESTER AVE,SUITE 105-A,JACKSONVILLE,FL,32217,0,,,1200,,0,0,0,N10,Best Way,N,P,OI,N,,,,0,0,Call,,,,0,0,0,0,0,0,0,0,Cur,N,0,0,,,,,6/30/2008,8/14/2009 1:36:45 PM,CMS,8/25/2009 4:18:28 PM,JACKIE,N,10006
1ELAND,AP,FLEETCOR TECHNOLOGIES,,P.O. BOX 105080,ATLANTA,GA,30348,800/877-0800,,,,,,,,,,,FLEETCOR TECHNOLOGIES,,P.O. BOX 105080,ATLANTA,GA,30348,0,,,1200,,0,0,0,N10,Best Way,N,P,OI,N,,,,0,0,Call,,,,0,0,0,0,0,0,0,0,Cur,N,0,0,,,,,8/23/2005,8/14/2009 1:36:45 PM,CMS,8/25/2009 4:19:30 PM,JACKIE,N,10007
1FEDEX,AP,FEDEX,P.O. BOX 660481,,DALLAS,TX,75266,800/622-1147,,,,,,,,,,,FEDEX,4103 COLLECTION CENTER DR,,CHICAGO,IL,60693,0,,,1200,,0,0,0,N10,Best Way,N,P,OI,N,,,,0,0,Call,,,,0,0,0,0,0,0,0,0,Cur,N,0,22,,,,12/28/2010,1/18/2011,8/14/2009 1:36:45 PM,CMS,1/30/2014 12:30:39 PM,JOHN,N,10008
1FLREV,AP,FLORIDA DEPT OF REVENUE,,5050 WEST TENNESSEE ST,TALLAHASSEE,FL,32399,,,,,,,,,,,,FLORIDA DEPT OF REVENUE,,5050 WEST TENNESSEE ST,TALLAHASSEE,FL,32399,0,,,1200,,0,0,0,N10,Best Way,N,P,OI,N,,,,0,0,Call,,,,0,0,0,0,0,0,0,0,Cur,N,0,2,,,,2/9/2022,2/9/2022,8/14/2009 1:36:46 PM,CMS,8/25/2009 4:19:38 PM,JACKIE,N,10009
1FRALI,AP,AMERICAN GENERAL LIFE INS COMPANY,PAYMENT PROCESSING CENTER,P.O. BOX 0993,CAROL STREAM,IL,60132-0993,1-800-340-2765,,WWW.AMERICANGENERAL.COM,MIKE,,MIKE,,,,,,AMERICAN GENERAL LIFE INS COMPANY,PAYMENT PROCESSING CENTER,P.O. BOX 0993,CAROL STREAM,IL,60132-0993,0,,,6330,,0,0,0,COD,Best Way,N,P,OI,N,,,,0,0,Call,,,,0,0,0,0,0,0,0,0,Cur,N,0,0,,,,1/30/2023,6/3/2022,8/14/2009 1:36:46 PM,CMS,2/2/2016 11:06:08 AM,STEVE,N,10010
1INSSH,AP,"RECALL-SDS, INC.",,15311 COLLECTION CTR DR.,CHICAGO,IL,60693,866-732-2556,770-689-5276,,,,,,,,,,"RECALL-SDS, INC.",,P.O. BOX 932726,ATLANTA,GA,31193,0,,,6430,,0,0,0,N10,THEIR TRUCK,N,P,OI,N,,,,0,0,Call,,,,0,0,0,0,0,0,0,0,Cur,N,0,22,,,,2/20/2010,3/10/2010,8/14/2009 1:36:46 PM,CMS,10/13/2009 11:10:36 AM,JACKIE,N,10012
1J.E.A,AP,JEA,,P.O. BOX 45047,JACKSONVILLE,FL,32232-5047,904/632-5200,,WWW.JEA.COM,,,,,,,,,TAX COLLECTOR,,P.O. BOX 45047,JACKSONVILLE,FL,32232-5047,0,,,6520,,0,0,0,N10,Best Way,N,P,OI,N,,,,0,0,Call,,,,0,0,0,0,0,0,0,0,Cur,N,0,0,,,,9/6/2022,10/4/2022,8/14/2009 1:36:46 PM,CMS,1/15/2013 8:11:43 AM,LILA,N,10013
1JACMA,AP,NEXTRAN TRUCK CENTER,,P.O. BOX 2880,JACKSONVILLE,FL,32203,904/354-7090,,,,,,,,,,,NEXTRAN TRUCK CENTER,,P.O. BOX 2880,JACKSONVILLE,FL,32203,0,,,1200,,0,0,0,N10,Best Way,N,P,OI,N,,,,0,0,Call,,,,0,0,0,0,0,0,0,0,Cur,N,0,0,,9/21/2007,,,8/27/2008,8/14/2009 1:36:46 PM,CMS,4/16/2012 12:24:25 PM,JACKIE,N,10014
1LYNRO,AP,"MICHAEL CORRIGAN ,TAX COLLECTOR",,231 E. FORSYTH ST. RM 130,JACKSONVILLE,FL,32202-3370,,,,,,,,,,,,"MICHAEL CORRIGAN ,TAX COLLECTOR",,231 E. FORSYTH ST. RM 300,JACKSONVILLE,FL,32202-3345,0,,,2255,,0,0,0,N10,Best Way,N,P,OI,N,,,,0,0,Call,,,,0,0,0,0,0,0,0,0,Cur,N,0,3,,,,12/6/2017,12/6/2017,8/14/2009 1:36:46 PM,CMS,10/28/2015 2:03:34 PM,STEVE,N,10015
1MOSME,AP,"MR. MOSES MEIDE, JR.",,817 NORTH MAIN STREET,JACKSONVILLE,FL,32202,904/354-6673,,,MOSE,,MOSE,,,,,,"MR. MOSES MEIDE, JR.",,817 NORTH MAIN STREET,JACKSONVILLE,FL,32202,0,,,1200,,0,0,0,N10,Best Way,N,P,OI,N,,,,0,0,Call,,,,0,0,0,0,0,0,0,0,Cur,N,0,0,,,,,7/3/2007,8/14/2009 1:36:46 PM,CMS,8/25/2009 4:20:53 PM,JACKIE,N,10016
1NORFL,AP,NORTH FLORIDA FORKLIFT,6376 GREENLAND ROAD #7,,JACKSONVILLE,FL,32258,904-425-0866,904-425-0812,,RON,,RON,,,,,,NORTH FLORIDA FORKLIFT,6376 GREENLAND ROAD #7,,JACKSONVILLE,FL,32258,0,,,1200,,0,0,0,N10,Best Way,N,P,OI,N,,,,0,0,Call,,,812,812,812,0,0,0,0,0,0,Cur,N,0,0,,,,3/23/2026,1/3/2008,8/14/2009 1:36:47 PM,CMS,8/25/2009 4:22:24 PM,JACKIE,N,10017
1PRICO,AP,"PRIORITY COURIERS, INC.",P.O. BOX 16254,,JACKSONVILLE,FL,32245,904/733-0030,904-733-0441,,CHARLES,,CHARLES,,,,,,"PRIORITY COURIERS, INC.",P.O. BOX 16254,,JACKSONVILLE,FL,32245,0,,,6570,,0,0,0,N10,Best Way,N,P,OI,N,,,,0,0,Call,,,,0,0,0,0,0,0,0,0,Cur,N,0,15,,,,10/15/2015,10/30/2015,8/14/2009 1:36:47 PM,CMS,10/26/2015 2:17:49 PM,STEVE,N,10018
1QANTE,AP,QANTEL TECHNOLOGIES,3506 BREAKWATER COURT,,HAYWARD,CA,94545,800/666-3686,510-731-2075,,,,,,,,,,QANTEL TECHNOLOGIES,3506  BREAKWATER COURT,,HAYWARD,CA,94545,0,,,1200,,0,0,0,N10,Best Way,N,P,OI,N,,,,0,0,Call,,,,0,0,0,0,0,0,0,0,Cur,N,0,0,,,,,8/11/2008,8/14/2009 1:36:47 PM,CMS,8/25/2009 4:23:19 PM,JACKIE,N,10019
1RIVCI,AP,RIVERCITY REFRIGERATION,4472 PHILLIPS HIGHWAY,SUITE #A,JACKSONVILLE,FL,32207,904/399-1112,,,,,,,,,,,RIVERCITY REFRIGERATION,4472 PHILLIPS HWY,SUITE #A,JACKSONVILLE,FL,32207,0,,,1200,,0,0,0,N10,Best Way,N,P,OI,N,,,,0,0,Call,,,,0,0,0,0,0,0,0,0,Cur,N,0,0,,,,,6/25/2007,8/14/2009 1:36:47 PM,CMS,8/25/2009 4:23:48 PM,JACKIE,N,10020
1RONPE,AP,"ENNIS,PELLUM & ASSOCIATES",5150 BELFORT ROAD SOUTH,BUILDING 600,JACKSONVILLE,FL,32256,904/396-5965,904-399-4094,,,,,,,,,,"ENNIS,PELLUM & ASSOCIATES",BUILDING 600,5150 BELFORT ROAD SOUTH,JACKSONVILLE,FL,32256,0,,,6360,,0,0,0,N10,Best Way,N,P,OI,N,,,,0,0,Call,,,,0,0,0,0,0,0,0,0,Cur,N,0,78,,,,1/30/2023,7/21/2025,8/14/2009 1:36:47 PM,CMS,10/6/2013 1:15:23 PM,RANDY,N,10021
1RYDER,AP,RYDER TRANSPORTATION,SERVICES,P.O. BOX 402366,ATLANTA,GA,30384,904-781-1661,,,WALLACE,,,,,,,,RYDER TRANSPORTATION,SERVICES,P.O. BOX 402366,ATLANTA,GA,30384,0,,,6190,,0,0,0,N10,Best Way,N,P,OI,N,,,,0,0,Call,,,,0,0,0,0,0,0,0,0,Cur,N,0,5,,,,9/23/2025,10/7/2025,8/14/2009 1:36:47 PM,CMS,9/28/2015 9:35:24 AM,STEVE,N,10022
1SAIA,AP,SAIA MOTOR FREIGHT LINE,P.O. BOX 730532,,DALLAS,TX,75373,800/950-7242,,,,,,,,,,,SAIA MOTOR FREIGHT LINE,P.O. BOX 730532,,DALLAS,TX,75373,0,,,1200,,0,0,0,N10,Best Way,N,P,OI,N,,,,0,0,Call,,,,0,0,0,0,0,0,0,0,Cur,N,0,0,,,,,9/21/2007,8/14/2009 1:36:47 PM,CMS,8/25/2009 4:24:29 PM,JACKIE,N,10023
1SAMDI,AP,SAM'S CLUB DISCOVER,P.O. BOX 960016,,ORLANDO,FL,32896-0016,,,,,,,,,,,,SAM'S CLUB DISCOVER,P.O. BOX 960016,,ORLANDO,FL,32896-0016,0,,,1200,,0,0,0,N10,Best Way,N,P,OI,N,,,,0,0,Call,,,,0,0,0,0,0,0,0,0,Cur,N,0,14,,,,9/28/2017,10/3/2017,8/14/2009 1:36:47 PM,CMS,2/6/2012 8:38:10 AM,JACKIE,N,10024
1TIMWA,AP,TW TELECOM,P.O. BOX 172567,ACCT #279878,DENVER,CO,80217,1-800-829-0420,301-361-7883,https://customerportal.twtelecom.com/Login.aspx?action=logou,,,,,,,,,TW TELECOM,7125 COLUMBIA GATEWAY DR,SUITE 200,COLUMBIA,MD,21046,0,,,6490,,0,0,0,N10,Best Way,N,P,OI,N,Login: Jackiek@fsuflsales.com,Email: Fsu9128,,0,0,Call,,,,0,0,0,0,0,0,0,0,Cur,N,0,9,,,,4/1/2012,4/10/2012,8/14/2009 1:36:48 PM,CMS,3/7/2012 3:42:19 PM,JACKIE,N,10025
1TOMNE,AP,TOM NEHL TRUCK COMPANY,P.O. BOX 37558,,JACKSONVILLE,FL,32236,904/388-5573,904-384-2467,,,,,,,,,,TOM NEHL TRUCK COMPANY,P.O. BOX 37558,,JACKSONVILLE,FL,32236,0,,,6620,,0,0,0,N10,Best Way,N,P,OI,N,,,,0,0,Call,,,,0,0,0,0,0,0,0,0,Cur,N,0,26,,,,11/1/2024,7/21/2025,8/14/2009 1:36:48 PM,CMS,9/11/2010 9:55:46 AM,JACKIE,N,10026
1WELDR,AP,THE WELLS & DREW COMPANY,P.O. BOX 10554,,JACKSONVILLE,FL,32247,904-399-1510,904-399-1884,,JEFF,,JEFF,,,,,,THE WELLS & DREW COMPANY,3414 GALILEE ROAD,,JACKSONVILLE,FL,32207,0,,,6170,,0,0,0,N20,Best Way,N,P,OI,N,,,,0,0,Call,,,,0,0,0,0,0,0,0,0,Cur,N,0,25,,,,10/22/2025,2/4/2026,8/14/2009 1:36:48 PM,CMS,8/14/2012 8:29:35 AM,JACKIE,N,10027
1WESIN,AP,WESTFIELD INSURANCE,PAYMENT PROCESSING,P.O. BOX 9001566,LOUISVILLE,KY,40290,800-552-9134,,,,,,,,,,,WESTFIELD INSURANCE,PAYMENT PROCESSING,P.O. BOX 9001566,LOUISVILLE,KY,40290,0,,,6325,,0,0,0,N10,Best Way,N,P,OI,N,,,,0,0,Call,,,,0,0,0,0,0,0,0,0,Cur,N,0,7,,,,11/5/2025,12/11/2025,8/14/2009 1:36:48 PM,CMS,10/22/2015 12:10:40 PM,STEVE,N,10028
2BARBA,AP,BANK OF AMERICA,P.O. BOX 15731,,WILMINGTON,DE,19886-5731,,,,,,,,,,,,BANK OF AMERICA,P.O. BOX 15731,,WILMINGTON,DE,19886-5731,0,,,2400,,0,0,0,COD,Best Way,N,P,OI,N,,,,0,0,Call,,,,0,0,0,0,0,0,0,0,Cur,N,0,0,,,,4/28/2022,4/28/2022,8/14/2009 1:36:48 PM,CMS,3/25/2015 11:16:01 AM,STEVE,N,10029
2LYNRO,AP,CITY OF JACKSONVILLE,231 E. FORSYTH ST.,ROOM 141,JACKSONVILLE,FL,32202,,,,,,,,,,,,CITY OF JACKSONVILLE,,231 E. FORSYTH ST. RM 141,JACKSONVILLE,FL,32202,0,,,6520,,0,0,0,N10,Best Way,N,P,OI,N,,,,0,0,Call,,,,0,0,0,0,0,0,0,0,Cur,N,0,6,,,,10/15/2024,10/22/2024,8/14/2009 1:36:48 PM,CMS,11/7/2011 9:18:09 AM,JACKIE,N,10031
3ALLST,AP,ALLSTATE,P.O. BOX 660222,,DALLAS,TX,75266,904/777-3130,,,,,,,,,,,ALLSTATE,P.O. BOX 660222,,DALLAS,TX,75266,0,,,1200,,0,0,0,CC,Best Way,N,P,OI,N,,,,0,0,Call,,,,0,0,0,0,0,0,0,0,Cur,N,0,0,,,,,12/7/2007,8/14/2009 1:36:48 PM,CMS,12/22/2010 7:47:53 AM,JACKIE,N,10032
ABCCOM,PO,ABC COMPOUNDING,P.O. BOX 16247,,ATLANTA,GA,30321,1-800-795-9222,1-770-960-1059,www. abccompounding .com,ROSE,rose@abccompounding.com,ROSE,rose@abccompounding.com,,,,,ABC COMPOUNDING,P.O. BOX 16247,ACCT #5667,ATLANTA,GA,30321,0,,,1200,,0,2000,0,N30,Best Way,N,P,OI,N,ACCOUNT #5667,,,5,14,Call,,,,0,0,0,0,0,0,0,0,Cur,N,0,38,9/16/2009,4/10/2014,206842,4/9/2014,5/13/2014,8/14/2009 1:36:49 PM,CMS,1/31/2013 10:21:18 AM,JACKIE,N,10033
ACME,PO,"ACME,AN ITW COMPANY",,P.O. BOX 71506,CHICAGO,IL,60694,630/589-5100,,,,,ALLISON,,,,,,"ACME,AN ITW COMPANY",501 W. LAKE STREET,SUITE 105,ELMHURST,IL,60126,0,,,1200,,0,0,0,N30,PICKUP,N,P,OI,N,,,,2,0,Call,,,,0,0,0,0,0,0,0,0,Cur,N,0,0,,9/6/2007,,,8/9/2007,8/14/2009 1:36:49 PM,CMS,,,N,10034
ACMWHO,PO,ACME WHOLESALE,P.O. BOX 16007,,ATLANTA,GA,30321,1-800-237-5911,1-866-582-9539,,RANDY,RANDY@ACMEWHOLESALESUPPLY.COM,RANDY,RANDY@ACMEWHOLESALESUPPLY.COM,,,,,ACME WHOLESALE,P.O. BOX 16007,,ATLANTA,GA,30321,0,,,1200,,0,0,0,N30,Best Way,N,P,OI,N,ACCOUNT #5667,,,0,0,Call,,,,0,0,0,0,0,0,0,0,Cur,N,0,32,10/26/2009,5/25/2011,202279,6/1/2011,7/7/2011,8/14/2009 1:36:49 PM,CMS,10/31/2013 9:22:51 AM,BRITTANY,N,10035
ADHTAP,PO,ADHESIVE TAPE PRODUCTS,11260 N.W. 91 STREET,,MIAMI,FL,33178,1-800-327-6745,1-888-887-8997,WWW.ADHESIVETAPE.COM,TONYA,TONYA@ADHESIVETAPE.COM,CUSTOMER,,,,,,ADHESIVE TAPE PRODUCTS,11260 N.W. 91 STREET,,MIAMI,FL,33178,0,,,1200,,0,0,0,CC,BEST WAY,N,P,OI,N,USE VISA ENDING IN -7673,,,5,21,EMail,,,,0,0,0,0,0,0,0,0,Cur,N,0,0,10/20/2009,11/30/2020,213182,12/3/2020,12/31/2020,8/14/2009 1:36:49 PM,CMS,9/18/2019 9:52:17 AM,RANDY,N,10036
AGGSIG,PO,AGGRESSIVE SIGNS,,3365 WEST BEAVER STREET,JACKSONVILLE,FL,32254,904/388-7823,904-388-7896,,,,,,,,,,AGGRESSIVE SIGNS,,3365 WEST BEAVER STREET,JACKSONVILLE,FL,32254,0,,,1200,,0,0,0,N10,Best Way,N,P,OI,N,,,,0,0,Call,,,,0,0,0,0,0,0,0,0,Cur,N,0,0,,5/27/2003,,,12/7/2004,8/14/2009 1:36:49 PM,CMS,,,N,10037
AIRCE,PO,AIR COMPRESSOR EQUIPMENT,5281 EDGEWOOD CT,,JACKSONVILLE,FL,32205,,,,,,DORIS,,,,,,AIR COMPRESSOR EQUIPMENT,5281 EDGEWOOD CT,,JACKSONVILLE,FL,32205,0,,,1200,,0,0,0,CC,Best Way,N,P,OI,N,,,,0,0,Call,,,,0,0,0,0,0,0,0,0,Cur,N,0,0,,11/6/2006,,,11/28/2006,8/14/2009 1:36:49 PM,CMS,9/25/2012 11:31:42 AM,JACKIE,N,10038
AJAX,PO,AJAX TOOL,,,JACKSONVILLE,FL,32206,904-353-4783,,,,,,,,,,,AJAX TOOL,,,JACKSONVILLE,FL,32206,0,,,1200,,25,0,0,N30,Best Way,N,P,OI,N,,,,0,0,Call,,,,0,0,0,0,0,0,0,0,Cur,N,0,0,12/1/2010,10/5/2012,204253,10/5/2012,10/5/2012,8/14/2009 1:36:49 PM,CMS,9/27/2012 1:24:09 PM,JOHN,N,10039
AKRMIL,PO,"AKRO-MILLS, INC.",,P.O. BOX 74030-S,CLEVELAND,OH,44194,330/253-5592,330-761-6348,,,,,,,,,,"AKRO-MILLS, INC.",,P.O. BOX 74030-S,CLEVELAND,OH,44194,0,,,1200,,0,0,0,N30,UPS,N,P,OI,N,,,,5,0,Call,,,,0,0,0,0,0,0,0,0,Cur,N,0,0,,9/24/1996,,,9/24/1996,8/14/2009 1:36:50 PM,CMS,4/6/2012 9:26:45 AM,JOHN,N,10040
ALECO,PO,ALECO,,P.O. BOX 536708,ATLANTA,GA,30353,800/633-3120,256-248-2512,,,,JOHN,,,,,,ALECO,,P.O. BOX 536708,ATLANTA,GA,30353,0,,,1200,,0,0,0,N30,BEST WAY,N,P,OI,N,,,,0,0,Call,,,,0,0,0,0,0,0,0,0,Cur,N,0,16,10/2/2009,9/10/2018,211841,9/10/2018,9/21/2018,8/14/2009 1:36:50 PM,CMS,,,N,10041
ALECOR,PO,ALEMITE LLC,8082,P.O. BOX 7247,PHILADELPHIA,PA,19170-8082,1800-822-4579,,,,,,,,,,,ALEMITE LLC,8082,P.O. BOX 7247,PHILADELPHIA,PA,19170-8082,0,,,1200,,100,0,0,CC,Best Way,N,P,OI,N,,,4118,6,30,Call,,,,0,0,0,0,0,0,0,0,Cur,N,0,0,10/14/2009,7/9/2014,207263,7/14/2014,7/14/2014,8/14/2009 1:36:50 PM,CMS,4/17/2014 9:14:27 AM,JOHN,N,10042
ALLBRI,PO,ALL-BRITE SALES CO.,P.O. BOX 3359,,JACKSONVILLE,FL,32206,904-354-4687,904-353-1431,,,,,,,,,,ALL-BRITE SALES CO.,P.O. BOX 3359,,JACKSONVILLE,FL,32206,0,,,1200,,0,0,0,N30,PICKUP,N,P,OI,N,,,,4,0,Call,,,,0,0,0,0,0,0,0,0,Cur,N,0,25,8/23/2010,10/18/2010,201449,10/18/2010,11/8/2010,8/14/2009 1:36:50 PM,CMS,2/3/2017 12:10:35 PM,BRITTANY,N,10043
ALLPLA,PO,ALLIED PLASTICS,P.O. BOX 3125,,JACKSONVILLE,FL,32206,904/359-0386,904-353-4746,,FRAN,,FRAN,,,,,,ALLIED PLASTICS,159 E. 21ST STREET,,JACKSONVILLE,FL,32206,0,,,1200,,0,0,0,N30,PICKUP,N,P,OI,N,,,,0,0,Call,,,,0,0,0,0,0,0,0,0,Cur,N,0,0,10/4/2013,10/6/2013,205910,,9/27/2007,8/14/2009 1:36:50 PM,CMS,,,N,10044
ALLWHO,PO,ALLEN WHOLESALE,2403 North Market Street,,JACKSONVILLE,FL,32206,904-353-7341,,,,,,,,,,,ALLEN WHOLESALE,2403 N. MARKET STREET,,,,,0,,,1200,,0,0,0,N30,Best Way,N,P,OI,N,,,,0,0,Call,,,,0,0,0,0,0,0,0,0,Cur,N,0,0,10/19/2011,10/19/2011,202878,10/20/2011,10/20/2011,8/14/2009 1:36:50 PM,CMS,9/25/2012 10:12:42 AM,JOHN,N,10045
ALOMA,PO,ALOMA SALES INC.,P.O.BOX 246,,OAKMONT,PA,15139,800/736-7662,412-828-7280,,,,,,,,,,ALOMA SALES INC.,P.O.BOX 246,,OAKMONT,PA,15139,0,,,1200,,50,0,0,N30,Best Way,N,P,OI,N,,,,0,0,Call,,,,0,0,0,0,0,0,0,0,Cur,N,0,49,11/17/2009,12/7/2009,200303,12/8/2009,1/20/2010,8/14/2009 1:36:50 PM,CMS,9/25/2012 10:13:52 AM,JOHN,N,10046
AMECAS,PO,AMERICAN CASTING & MFG CORP,,51 COMMERCIAL ST.,PLAINVIEW,NY,11803,1-860-674-1988,1-860-674-8204,,FRANCE,FRANCE@ACANDM.COM,FRANCE,FRANCE@ACANDM.COM,,,,,AMERICAN CASTING &,MANUFACTURING CORP.,51 COMMERCIAL ST.,PLAINVIEW,NY,11803,0,,,1200,,0,0,0,N30,UPS,N,P,OI,N,,,,14,0,Call,,,,0,0,0,0,0,0,0,0,Cur,N,0,42,12/2/2009,2/8/2021,213117,5/11/2021,5/14/2021,8/14/2009 1:36:51 PM,CMS,12/28/2015 9:39:27 AM,STEVE,N,10047
AMEINT,PO,AMERICAN INT'L ELECTRIC,,2835 PELLISSIER PLACE,WHITTIER,CA,90601,800/732-5377,562-908-5059,,,,,,,,,,AMERICAN INT'L ELECTRIC,,2835 PELLISSIER PLACE,WHITTIER,CA,90601,0,,,1200,,0,0,0,N30,UPS,N,P,OI,N,,,,5,0,Call,,,,0,0,0,0,0,0,0,0,Cur,N,0,0,1/8/2013,1/8/2013,204610,1/8/2013,1/8/2013,8/14/2009 1:36:51 PM,CMS,1/8/2013 11:46:00 AM,JACKIE,N,10048
AMETAP,PO,AMERITAPE,11236-100 ST JOHNS,INDUSTRIAL PARKWAY SOUTH,JACKSONVILLE,FL,32246,904/565-9999,904-641-7006,,,,,,,,,,AMERITAPE,11236-100 ST JOHNS,INDUSTRIAL PARKWAY SOUTH,JACKSONVILLE,FL,32246,0,,,1200,,0,0,0,N30,PICKUP,N,P,OI,N,,,,5,0,Call,,,,0,0,0,0,0,0,0,0,Cur,N,0,0,,,,,9/16/2004,8/14/2009 1:36:51 PM,CMS,,,N,10049
AMEWIP,PO,"AMERICAN RAG & WIPERS,INC",,P.O. BOX 26913,JACKSONVILLE,FL,32226,904-353-7247,904-751-7088,,ANITA,,ANITA,,,,,,"AMERICAN RAG & WIPERS,INC",1717 EVERGREEN AVENUE,,JACKSONVILLE,FL,32208,0,,,1200,,0,0,0,N30,THEIR TRUCK,N,P,OI,N,,,,2,0,Call,,,,0,0,0,0,0,0,0,0,Cur,N,0,62,9/18/2009,1/18/2012,203225,2/18/2012,11/28/2012,8/14/2009 1:36:51 PM,CMS,6/9/2011 3:19:05 PM,JACKIE,N,10050
AMPLEX,PO,SAINT-GOBAIN ABRASIVES,AMPLEX,P.O.BOX 641403,PITTSBURGH,PA,15264,800/635-1992,800-242-1468,,,,,,,,,,SAINT-GOBAIN ABRASIVES,AMPLEX,P.O.BOX 641403,PITTSBURGH,PA,15264,0,,,1200,,0,0,0,N30,Best Way,N,P,OI,N,,,,6,14,Call,,,,0,0,0,0,0,0,0,0,Cur,N,0,0,,1/15/2007,,,2/16/2007,8/14/2009 1:36:51 PM,CMS,9/18/2009 9:23:45 AM,JOHN,N,10051
ANDCOM,PO,THE ANDERSEN COMPANY,340 CROSS PLAINS BLVD. SE,,DALTON,GA,30721,800/241-4696,706-277-3170,,CHRISTOPHER,,CHRISTOPHER,,,,,,THE ANDERSON COMPANY,340 CROSS PLAINS BLVD SE,,DALTON,GA,30721,0,,,1200,,0,0,0,N30,BEST WAY,N,P,OI,N,,,,5,0,EMail,,,,0,0,0,0,0,0,0,0,Cur,N,0,33,5/17/2012,4/20/2016,209668,4/29/2016,5/20/2016,8/14/2009 1:36:51 PM,CMS,7/22/2020 10:51:28 AM,NEAL,N,10052
APINTE,PO,APPLIED INDUSTRIAL TECH.,22510 Network Place,,Chicago,IL,60673-1225,904/693-9978,904-695-4223,,,,,,,,,,APPLIED INDUSTRIAL TECH.,7037 COMMONWEALTH AVE.,SUITE 26,JACKSONVILLE,FL,32220,0,,,1200,,0,0,0,N30,Best Way,N,P,OI,N,,,,2,10,Call,,,,0,0,0,0,0,0,0,0,Cur,N,0,20,10/14/2009,3/15/2017,210563,4/20/2017,5/12/2017,8/14/2009 1:36:51 PM,CMS,5/22/2017 11:00:18 AM,PETE,N,10053
APPCHE,PO,"UNIVAR USA, INC.",,P.O. BOX 409692,ATLANTA,GA,30384,904-693-4815,904-693-4830,,,,,,,,,,"UNIVAR USA, INC.",,155 ELLIS ROAD SOUTH,JACKSONVILLE,FL,32254,0,,,1200,,0,0,0,N30,PICKUP,N,P,OI,N,,,,0,0,Call,,,,0,0,0,0,0,0,0,0,Cur,N,0,30,11/5/2009,4/13/2011,202112,4/15/2011,5/12/2011,8/14/2009 1:36:51 PM,CMS,7/25/2012 12:43:52 PM,JACKIE,N,10054
ASSBAG,PO,ASSOCIATED BAG,P.O BOX 3036,,MILWAUKEE,WI,53201,1-800-926-6100,1-800-926-4610,WWW.ASSOCIATEDBAG.COM,,,,,,,,,ASSOCIATED BAG,400 WEST BODEN STREET,,MILWAUKEE,WI,53207,0,,,1200,,0,0,0,N20,Best Way,N,P,OI,N,ACCT # 700027864,,,0,0,Call,,,,0,0,0,0,0,0,0,0,Cur,N,0,23,2/18/2010,10/2/2013,205881,10/2/2013,11/3/2013,8/14/2009 1:36:52 PM,CMS,3/8/2013 10:38:32 AM,JACKIE,N,10055
ASTMED,PO,ASTRO-MED INC.,P.O. BOX 842554,,BOSTON,MA,2284,1-877-757-7978,1-401-822-2430,,CHRIS,CCHABOT@ASTROMED.COM,CHRIS,CCHABOT@ASTROMED.COM,,,,,ASTRO-MED INC.,QUICK LABEL SYSTEMS,600 E. GREENWICH AVENUE,WEST WARWICK,RI,2893,0,,,1200,,0,0,0,N20,Best Way,N,P,OI,N,,,,0,0,Call,,,,0,0,0,0,0,0,0,0,Cur,N,0,22,9/21/2009,9/19/2012,204183,9/27/2012,10/16/2012,8/14/2009 1:36:52 PM,CMS,1/11/2012 12:33:02 PM,JACKIE,N,10056
ATLCAS,PO,ATLANTA CASTER & EQUIP.,1810-E AUGER DRIVE,,TUCKER,GA,30084,800-526-3087,770-492-9210,,,,,,,,,,ATLANTA CASTER & EQUIP.,1810-E AUGER DRIVE,,TUCKER,GA,30084,0,,,1200,,10,0,0,N30,Best Way,N,P,OI,N,,,,4,60,EMail,,,,0,0,0,0,0,0,0,0,Cur,N,0,26,9/28/2009,9/26/2023,214752,9/26/2023,11/22/2023,8/14/2009 1:36:52 PM,CMS,6/21/2018 11:51:00 AM,BRITTANY,N,10057
BARBRA,PO,BARNETT BRASS AND COPPER,P.O. BOX 930984,,ATLANTA,GA,31193,904/384-6530,,,JIM,,JIM,,,,,,BARNETT BRASS AND COPPER,P.O. BOX 930984,,ATLANTA,GA,31193,0,,,1200,,0,0,0,110,PICKUP,N,P,OI,N,,,,3,0,Call,,,,0,0,0,0,0,0,0,0,Cur,N,0,0,,9/10/2001,,,12/12/2001,8/14/2009 1:36:52 PM,CMS,,,N,10058
BECSON,PO,BECKSON INDUSTRIAL PRODUC,P.O.BOX 468,,GUILFORD,CT,6437,800/723-7062,203-453-1302,,ELLIE,,ELLIE,,,,,,BECKSON INDUSTRIAL PRODUC,P.O.BOX 468,,GUILFORD,CT,6437,0,,,1200,,0,0,0,CC,Best Way,N,P,OI,N,,,,10,90,Call,,,,0,0,0,0,0,0,0,0,Cur,N,0,17,4/27/2010,5/2/2014,206935,5/14/2014,6/1/2014,8/14/2009 1:36:52 PM,CMS,5/5/2014 9:50:52 AM,JOHN,N,10059
BELSER,PO,BELT SERVICE,9540 JULIAN CLARK AVENUE,,HUNTERSVILLE,NC,28078,704/949-2100,,,,,,,,,,,BELT SERVICE,9540 JULIAN CLARK AVENUE,,HUNTERSVILLE,NC,28078,0,,,1200,,0,0,0,N30,Best Way,N,P,OI,N,,,1631,0,0,Call,,,,0,0,0,0,0,0,0,0,Cur,N,0,43,11/1/2010,11/5/2012,204359,11/7/2012,12/13/2012,8/14/2009 1:36:52 PM,CMS,10/3/2013 2:12:48 PM,JOHN,N,10060
BEPRES,PO,BE PRESSURE SUPPLY,1807 OLD OKEECHOBEE ROAD,,WEST PALM BEACH,FL,33409,561-840-8894,561-840-8896,,,,,,,,,,BE PRESSURE SUPPLY,1807 OLD OKEECHOBEE ROAD,,WEST PALM BEACH,FL,33409,0,,,1200,,0,0,0,N20,Best Way,N,P,OI,N,,,,0,0,Call,,,,0,0,0,0,0,0,0,0,Cur,N,0,0,,3/25/2009,,,4/10/2009,8/14/2009 1:36:52 PM,CMS,,,N,10061
BERWIP,PO,BERK WIPER CONVERTING,"& PACKAGING, LLC",400 EAST 2ND STREET,BOYERTOWN,PA,19502,1-866-222-2375,1-610-369-0840,,BOB,BLEE@BERKWIPER.NET,BOB,BLEE@BERKWIPER.NET,,,,,BERK WIPER CONVERTING,400 EAST 2ND STREET,,BOYERTOWN,PA,19502,0,,,1200,,0,0,0,CC,Best Way,N,P,OI,N,,,,0,0,EMail,,,,0,0,0,0,0,0,0,0,Cur,N,0,17,6/26/2012,2/10/2026,215982,4/17/2025,6/4/2025,8/14/2009 1:36:53 PM,CMS,3/31/2023 9:52:00 AM,JEFF,N,10062
BETBUS,PO,BETTER BUSINESS FORMS,,P.O. BOX 48031,NEWARK,NJ,7101,904/731-8399,904-731-2956,,,,,,,,,,BETTER BUSINESS FORMS,,P.O. BOX 48031,NEWARK,NJ,7101,0,,,1200,,0,0,0,N30,THEIR TRUCK,N,P,OI,N,,,,5,0,Call,,,,0,0,0,0,0,0,0,0,Cur,N,0,0,,4/26/2007,,,3/15/2007,8/14/2009 1:36:53 PM,CMS,,,N,10063
BMBENT,PO,"BMB FILTRATION, INC",8500 BAYCENTER ROAD,SUITE #25,JACKSONVILLE,FL,32256,904-580-5105,,,KATHY,KATHY@BMBENT.NET,KATHY,KATHY@BMBENT.NET,,,,,"BMB FILTRATION, INC",8500 BAYCENTER ROAD,SUITE #25,JACKSONVILLE,FL,32256,0,,,1200,,0,0,0,N30,Best Way,N,P,OI,N,,,,2,30,Call,,,,0,0,0,0,0,0,0,0,Cur,N,0,10,10/6/2009,6/11/2024,215125,6/14/2024,10/30/2024,8/14/2009 1:36:53 PM,CMS,12/22/2020 12:32:00 PM,NEAL,N,10064
BOBRIC,PO,BOBRICK WASHROOM EQUIP.,P.O. BOX 513172,,LOS ANGELES,CA,90051,731/424-7000,731-424-7800,,RON,,RON,,,,,,BOBRICK WASHROOM EQUIP.,P.O. BOX 513172,,LOS ANGELES,CA,90051,0,,,1200,,0,0,0,N30,BEST WAY,N,P,OI,N,,,,5,0,Call,,,,0,0,0,0,0,0,0,0,Cur,N,0,0,,2/13/2002,,,4/24/2002,8/14/2009 1:36:53 PM,CMS,,,N,10065
BOCBOA,PO,"BOCKS BOARD PACKAGING,INC",1520 E. Wintergreen Rd.,PO Box 1149,Hutchins,TX,75141,912-289-4679,1-912-510-6488,,SHERREE,SSOUTHWICK@BOCKSBOARD.COM,SHERREE,SSOUTHWICK@BOCKSBOARD.COM,,,,,"BOCKS BOARD PACKAGING,INC",2431 OSBORNE ROAD,SUITE C,ST MARYS,GA,31558,0,,,1200,,3000,7000,0,N30,Best Way,N,P,OI,N,,,,14,30,EMail,,,,0,0,0,0,0,0,0,3942.12,Cur,N,0,30,3/21/2016,3/23/2026,216052,7/8/2025,9/8/2025,8/14/2009 1:36:53 PM,CMS,2/9/2022 10:09:12 AM,NATE,N,10066
BOXPAC,PO,"BOX ACQUISITIONS, LLC",P.O. BOX 713351,,ELGIN,IL,60677,847-783-9000,,http://www.boxpartners.com/Default.aspx,,,,,,,,,"BOX PACKAGING, INC.",2650 GALVIN DR,,ELGIN,IL,60124,0,,,1200,,0,0,0,130,Best Way,N,P,OI,N,,,,5,15,Call,,,10833.61,0,0,0,0,0,0,0,2829.12,Cur,N,0,6,9/22/2009,4/9/2026,216078,3/6/2026,4/13/2026,8/14/2009 1:36:53 PM,CMS,9/16/2025 2:51:40 PM,NATE,N,10067
BRADEY,PO,BRADLEY CORPORATION,BIN NO. 53066,,MILWAUKEE,WI,53288,1-407-841-9237,1-407-841-9246,www.bradleycorp.com,DANA,DANA@HARRYWARREN.COM,DANA,DANA@HARRYWARREN.COM,,,,,BRADLEY CORPORATION,P.O.BOX 150191,,ALTAMONTE SPRGS,FL,32715,0,,,1200,,0,0,0,N30,UPS,N,P,OI,N,,,,15,0,Call,,,,0,0,0,0,0,0,0,0,Cur,N,0,75,1/26/2010,10/26/2012,204331,10/29/2012,11/28/2012,8/14/2009 1:36:54 PM,CMS,10/8/2012 4:57:46 PM,JACKIE,N,10068
BUCHOR,PO,BUCKHORN MFG INC.,24292 NETWORK PLACE,,CHICAGO,IL,60673-1242,877-803-0818,513-831-2630,,CHUCK,cacton@buckhorninc.com,CHUCK,cacton@buckhorninc.com,,,,,BUCKHORN MFG INC.,24292 NETWORK PLACE,,CHICAGO,IL,60673-1242,0,,,1200,,0,0,0,N30,BEST WAY,N,P,OI,N,,,,0,0,Call,,,,0,0,0,0,0,0,0,0,Cur,N,0,30,2/4/2013,2/4/2013,204725,2/13/2013,3/15/2013,8/14/2009 1:36:54 PM,CMS,4/5/2013 4:23:28 PM,LILA,N,10069
BUNZL,PO,BUNZL DISTRIBUTION,,9201-A KING PALM DRIVE,TAMPA,FL,33619,800/282-2050,813-622-8021,,TAMMY,,TAMMY,,,,,,BUNZL DISTRIBUTION,,9201-A KING PALM DRIVE,TAMPA,FL,33619,0,,,1200,,0,0,0,N30,THEIR TRUCK,N,P,OI,N,,,,1,0,Call,,,,0,0,0,0,0,0,0,0,Cur,N,0,0,,9/1/2004,,,10/19/2004,8/14/2009 1:36:54 PM,CMS,2/17/2011 1:57:26 PM,JACKIE,N,10070
BURPAC,PO,BURNS PACKAGING,,2801 ROSSELLE ST,JACKSONVILLE,FL,32205,904/381-9750,,,,,,,,,,,BURNS PACKAGING,,2801 ROSSELLE ST,JACKSONVILLE,FL,32205,0,,,1200,,0,0,0,N30,PICKUP,N,P,OI,N,,,,2,0,Call,,,,0,0,0,0,0,0,0,0,Cur,N,0,33,11/9/2009,12/1/2014,207851,12/3/2014,1/21/2015,8/14/2009 1:36:54 PM,CMS,,,N,10071
CANBER,PO,CANBERRA CORPORATION,3610 HOLLAND-SYLVANIA RD,,TOLEDO,OH,43615,800-832-8992,888-550-1733,,,,RANDY,,,,,,CANBERRA CORPORATION,3610 HOLLAND-SYLVANIA RD,,TOLEDO,OH,43615,0,,,1200,,0,0,0,N30,Best Way,N,P,OI,N,,,,0,0,Call,,,,0,0,0,0,0,0,0,0,Cur,N,0,33,3/29/2010,9/28/2012,204228,10/3/2012,10/31/2012,8/14/2009 1:36:54 PM,CMS,2/11/2010 2:45:51 PM,JACKIE,N,10072
CANCOM,PO,CANDO COMPANY,P.O. BOX 53,,RIDLEY PARK,PA,19078,1-610-304-7599,1-610-543-6531,,ART,RTRABELL@COMCAST.NET,ART,RTRABELL@COMCAST.NET,,,,,CANDO COMPANY,P.O. BOX 53,,RIDLEY PARK,PA,19078,0,,,1200,,0,0,0,N30,Best Way,N,P,OI,N,,,,0,30,Call,,,,0,0,0,0,0,0,0,0,Cur,N,0,4,10/30/2009,7/24/2013,205503,7/26/2013,8/10/2013,8/14/2009 1:36:54 PM,CMS,3/4/2013 11:16:55 AM,JACKIE,N,10073
CAPOFF,PO,CAPITAL OFFICE PRODUCTS,210 FENTRESS BLVD,,DAYTONA BEACH,FL,32114,800-333-3330,800-249-4329,,CURTIS,clangley@capofficeproducts.com,CURTIS,clangley@capofficeproducts.com,,,,,CAPITAL OFFICE PRODUCTS,700 BALLOUGH ROAD,,DAYTONA BEACH,FL,32115,0,,,1200,,0,0,0,CC,Best Way,N,P,OI,N,ACCT #3915956837,,,0,0,Call,,,,0,0,0,0,0,0,0,0,Cur,N,0,4,9/24/2009,8/7/2019,212440,2/18/2020,2/21/2020,8/14/2009 1:36:54 PM,CMS,8/7/2019 12:16:20 PM,NEAL,N,10074
CARBOR,PO,CARBORUNDUM ABRASIVES,P.O.BOX 0368,,PITTSBURGH,PA,15264,800/334-1092,800-437-8340,,,,,,,,,,CARBORUNDUM ABRASIVES,P.O.BOX 0368,,PITTSBURGH,PA,15264,0,,,1200,,0,0,0,N20,Best Way,N,P,OI,N,,,,0,0,Call,,,,0,0,0,0,0,0,0,0,Cur,N,0,0,,6/12/2008,,,8/11/2008,8/14/2009 1:36:55 PM,CMS,9/25/2012 10:20:09 AM,JOHN,N,10075
CARSTA,PO,CARAUSTAR,P.O. BOX 935013,,ATLANTA,GA,31193-5013,386-328-8335,386-325-9648,,,,,,ACCOUNTS,,,,CARAUSTAR,,188 COMFORT ROAD,PALATKA,FL,32177,0,,,1200,,0,0,0,N30,BEST WAY,N,P,OI,N,,,,0,0,Call,,,,0,0,0,0,0,0,0,0,Cur,N,0,28,10/14/2013,7/28/2014,207333,9/1/2014,9/1/2014,8/14/2009 1:36:55 PM,CMS,2/6/2014 12:38:12 PM,JOHN,N,10076
CHACYC,PO,CHAMPION CYCLING,1025 ARLINGTON ROAD,,JACKSONVILLE,FL,32211,904/724-4922,,,,,,,,,,,CHAMPION CYCLING,1025 ARLINGTON ROAD,,JACKSONVILLE,FL,,0,,,1200,,0,0,0,COD,Best Way,N,P,OI,N,,,,0,0,Call,,,,0,0,0,0,0,0,0,0,Cur,N,0,0,12/14/2009,5/23/2012,203719,6/1/2012,6/1/2012,8/14/2009 1:36:55 PM,CMS,9/25/2012 10:21:09 AM,JOHN,N,10077
CLECLO,PO,THE CLEANERS CLOSET INC.,655 31ST STREET SOUTH,,ST. PETERSBURG,FL,33712,1-800-282-9475,1-727-823-6915,,JOHN,,JOHN,,,,,,THE CLEANERS CLOSET INC.,655 31ST STREET SOUTH,,ST. PETERSBURG,FL,33712,0,,,1200,,0,0,0,N30,Best Way,N,P,OI,N,,,,0,0,Call,,,,0,0,0,0,0,0,0,0,Cur,N,0,39,9/14/2009,1/13/2010,200418,1/11/2010,2/12/2010,8/14/2009 1:36:55 PM,CMS,2/9/2010 10:29:40 AM,JACKIE,N,10078
COLSTA,PO,COLDSTAR INTERNATIONAL,677 MT VIEW DRIVE,,PINEY FLATS,TN,37686,423/538-5551,423-538-3030,,,,JAY,,,,,,COLDSTAR INTERNATIONAL,P.O. BOX 54,,JOHNSON CITY,TN,37605,0,,,1200,,0,0,0,N20,Best Way,N,P,OI,N,,,,0,0,Call,,,,0,0,0,0,0,0,0,0,Cur,N,0,0,,1/10/2008,,,3/4/2008,8/14/2009 1:36:55 PM,CMS,,,N,10079
CONRIG,PO,CONSOLIDATED RIGGING,P.O. BOX 3235,,JACKSONVILLE,FL,32206,904/765-7177,,,RANDY,,RANDY,,,,,,CONSOLIDATED RIGGING,4700 NORTH PEARL ST.,,JACKSONVILLE,FL,32206,0,,,1200,,0,0,0,N30,Best Way,N,P,OI,N,,,,0,0,Call,,,,0,0,0,0,0,0,0,0,Cur,N,0,30,9/17/2009,6/15/2012,203818,6/19/2012,7/12/2012,8/14/2009 1:36:55 PM,CMS,9/25/2012 10:22:01 AM,JOHN,N,10080
CONSAF,PO,CONSTRUCTION SAFETY,"PRODUCTS, INC.",359 MT ZION ROAD,SHREVEPORT,LA,71106,800/592-6940,318-688-6487,,LINDA/LARRY,,LINDA/LARRY,,,,,,CONSTRUCTION SAFETY,"PRODUCTS, INC.",359 MT ZION ROAD,SHREVEPORT,LA,71106,0,,,1200,,0,0,0,CC,Best Way,N,P,OI,N,,,,0,0,Call,,,,0,0,0,0,0,0,0,0,Cur,N,0,0,,10/3/2008,,,11/7/2008,8/14/2009 1:36:55 PM,CMS,5/9/2011 10:03:42 AM,JOHN,N,10081
CORDOV,PO,INTERNATIONAL SOURCING CO,P.O. BOX 409019,,ATLANTA,GA,30384,800-458-8763,1-901-458-3343,,DANIEL,danielbird@cordovaisc.com,DANIEL,danielbird@cordovaisc.com,BECKY,BORGAN@CORDOVAISC.COM,,,INTERNATIONAL SOURCING CO,P.O. BOX 409019,,ATLANTA,GA,30384,0,,,1200,,2000,0,0,N30,BEST WAY,N,P,OI,N,,,,5,15,Call,,,,0,0,0,0,0,0,0,0,Cur,N,0,32,9/23/2009,11/20/2012,204449-1,1/21/2013,2/19/2013,8/14/2009 1:36:56 PM,CMS,5/29/2013 12:10:39 PM,JOHN,N,10082
COSGRO,PO,"COSGROVE ENTERPRISES, INC",,14300 N.W. 77TH COURT,MIAMI,FL,33016,904/786-1117,,,ANTHONY,Anthony@e-cosgrove.com,ANTHONY,Anthony@e-cosgrove.com,,,,,"COSGROVE ENTERPRISES, INC",,4225-1 JAMES E CASEY DR,JACKSONVILLE,FL,32219,0,,,1200,,0,0,0,N30,BEST WAY,N,P,OI,N,,,,5,30,Call,,,,0,0,0,0,0,0,0,0,Cur,N,0,22,10/14/2009,6/30/2016,209877,6/30/2016,7/22/2016,8/14/2009 1:36:56 PM,CMS,9/25/2012 4:33:22 PM,JACKIE,N,10083
DELCOR,PO,THE DELEONE CORPORATION,,P.O. BOX 1240,REDMOND,OR,97756,1-541-504-8311,1-800-235-6644,,,,CUSTOMER,ORDERS@DELEONE.COM,,,,,THE DELEONE CORPORATION,,P.O. BOX 1240,REDMOND,OR,97756,0,,,1200,,0,0,0,CC,BEST WAY,N,P,OI,N,,,,10,0,Call,,,,0,0,0,0,0,0,0,0,Cur,N,0,0,9/14/2009,11/4/2011,202947,11/4/2011,11/4/2011,8/14/2009 1:36:56 PM,CMS,5/18/2012 11:12:33 AM,JACKIE,N,10085
DIAGRA,PO,DIAGRAPH MSP GROUP,75 REMITTANCE DRIVE,SUITE 3271,CHICAGO,IL,60675-3271,800/521-3047,1-618-998-1887,www.diagraphmsp.com,JEFF,,JEFF,,,,,,DIAGRAPH MSP GROUP,75 REMITTANCE DRIVE,SUITE 3271,CHICAGO,IL,60675-3271,0,,,1200,,0,0,0,N30,UPS,N,P,OI,N,Acct # 601187,,,5,0,Call,,,,0,0,0,0,0,0,0,0,Cur,N,0,20,7/8/2011,12/19/2012,204547,12/28/2012,1/21/2013,8/14/2009 1:36:56 PM,CMS,1/7/2013 2:44:31 PM,JACKIE,N,10086
DISLAB,PO,DISCOUNT LABELS,,PO Box 200747,Dallas,TX,75320-0747,800/995-9500,800-995-9600,http://www.discountlabels.com/,,,,,,,,,DISCOUNT LABELS,,4115 PROFIT COURT,NEW ALBANY,IN,47150,0,,,1200,,0,0,0,CC,UPS,N,P,OI,N,,,,5,0,EMail,,,316.92,316.92,316.92,0,0,0,0,0,1728.2,Cur,N,0,13,9/15/2009,11/12/2025,215868-1,4/8/2026,3/18/2026,8/14/2009 1:36:56 PM,CMS,5/17/2024 11:01:54 AM,JEFF,N,10087
DISTON,PO,DISSTON COMPANY,P.O. BOX 16000,,LEWISTON,ME,04243-9407,800-272-4436,888-729-3004,,,,,,,,,,DISSTON COMPANY,P.O. BOX 16000,,LEWISTON,ME,04243-9407,0,,,1200,,0,0,0,N30,Best Way,N,P,OI,N,,,,0,0,Call,,,,0,0,0,0,0,0,0,0,Cur,N,0,0,,8/23/2006,,,11/29/2007,8/14/2009 1:36:56 PM,CMS,7/7/2010 9:44:12 AM,JACKIE,N,10088
DUBOSE,PO,"DUBOSE STRAPPING, INC.",P.O. BOX 674435,,DETROIT,MI,48267-4435,1-800-354-3028,1-910-590-1017,,DALE,dchildress@dubosestrapping.com,DALE,dchildress@dubosestrapping.com,,,,,"DUBOSE STRAPPING, INC.",906 INDUSTRIAL DRIVE,,CLINTON,NC,28328,0,,,1200,,0,0,0,N30,Best Way,N,P,OI,N,,,,5,30,Call,,,5756.75,1612.78,0,1612.78,0,0,0,0,1599,Del,Y,1612.78,16,11/3/2009,2/26/2026,216019,3/18/2026,4/13/2026,8/14/2009 1:36:57 PM,CMS,12/28/2015 9:41:30 AM,STEVE,N,10089
DUVCON,PO,INMARK INC,,P.O. BOX 41006,JACKSONVILLE,FL,32203,904-355-6591,904-350-9709,,Lisa,lisad@inmarkinc.com,Lisa,lisad@inmarkinc.com,,,,,INMARK INC,,P.O. BOX 41006,JACKSONVILLE,FL,32203,0,,,1200,,0,0,0,N30,PICKUP,N,P,OI,N,,,5657,2,0,Call,,,,0,0,0,0,0,0,0,0,Cur,N,0,12,12/8/2009,1/18/2023,214387,1/19/2023,3/10/2023,8/14/2009 1:36:57 PM,CMS,12/14/2022 2:13:34 PM,JEFF,N,10091
EARHOR,PO,"R.B PRODUCTS, INC.",640 UNION STREET,,JACKSONVILLE,FL,32206,904-358-2500,904-356-7212,,BRUCE,,BRUCE,,,,,,"R.B PRODUCTS, INC",640 UNION STREET,,JACKSONVILLE,FL,32206,0,,,1200,,0,0,0,N30,PICKUP,N,P,OI,N,,,,3,0,Call,,,,0,0,0,0,0,0,0,0,Cur,N,0,12,12/7/2009,4/11/2013,204991,4/24/2013,6/5/2013,8/14/2009 1:36:57 PM,CMS,3/27/2012 10:41:46 AM,JACKIE,N,10092
EASFIX,PO,EAST COAST FIXTURES AND,"MILLWORK CO., INC.",4880 S. CLYDO ROAD,JACKSONVILLE,FL,32207,904/733-9711,904-733-0510,,DUANE/CLYDE,,DUANE/CLYDE,,,,,,EAST COAST FIXTURES AND,"MILLWORK CO., INC.",4880 S. CLYDO ROAD,JACKSONVILLE,FL,32207,0,,,1200,,0,0,0,N30,BEST WAY,N,P,OI,N,,,,2,0,Call,,,,0,0,0,0,0,0,0,0,Cur,N,0,0,,5/26/1998,,,5/26/1998,8/14/2009 1:36:57 PM,CMS,,,N,10093
EASWIR,PO,EASTERN WIRE PRODUCTS,5301 W. 5TH STREET,,JACKSONVILLE,FL,32254,904-781-6775,904-781-1604,,GUY,,,,,,,,EASTERN WIRE PRODUCTS,5301 W. 5TH STREET,,JACKSONVILLE,FL,32254,0,,,1200,,0,0,0,N30,Best Way,N,P,OI,N,,,,0,0,Call,,,,0,0,0,0,0,0,0,0,Cur,N,0,28,12/11/2009,9/2/2016,210038,9/12/2016,10/7/2016,8/14/2009 1:36:57 PM,CMS,11/8/2013 2:22:02 PM,JOHN,N,10094
EDCO,PO,EDCO SUPPLY CORPORATION,323 36TH STREET,,BROOKLYN,NY,11232,800/221-0918,718-788-7481,,,,BRIAN,,,,,,EDCO SUPPLY CORPORATION,323 36TH STREET,,BROOKLYN,NY,11232,0,,,1200,,0,0,0,N30,BEST WAY,N,P,OI,N,,,,0,0,Call,,,,0,0,0,0,0,0,0,0,Cur,N,0,36,12/1/2009,10/18/2012,204301,10/22/2012,11/14/2012,8/14/2009 1:36:57 PM,CMS,,,N,10095
ELETAP,PO,ELECTRO TAPE SPECIALTIES,,P.O. BOX 1014,ODESSA,FL,33556,1-800-999-2218,1-813-920-2272,http://www.electrotape.com/,CUSTOMER,orders@electrotape.com,CUSTOMER,orders@electrotape.com,,,,,ELECTRO TAPE SPECIALTIES,,P.O. BOX 1014,ODESSA,FL,33556,0,,,1200,,0,0,0,N30,BEST WAY,N,P,OI,N,,,,5,0,EMail,,,,0,0,0,0,0,0,0,0,Cur,N,0,28,3/29/2010,3/20/2018,211457,3/1/2019,3/22/2019,8/14/2009 1:36:58 PM,CMS,3/20/2018 9:37:56 AM,BRITTANY,N,10096
ESTES,AP,ESTES EXPRESS LINES,P.O. BOX 25612,,RICHMOND,VA,23260,904/384-2277,,,,,BARBARA(DISPATCH),,,,,,ESTES EXPRESS LINES,P.O. BOX 25612,,RICHMOND,VA,23260,0,,,1200,,0,0,0,N10,Best Way,N,P,OI,N,,,,0,0,Call,,,,0,0,0,0,0,0,0,0,Cur,N,0,0,,,,,12/4/2001,8/14/2009 1:36:58 PM,CMS,8/25/2009 4:18:54 PM,JACKIE,N,10097
EXPPAC,PO,EXPRESS PACKAGING INC.,,P.O. BOX 1333,PEMBROKE,GA,31321,1-912-653-2800,E-MAIL PO'S,,ellen,ellenh@EXPRESSPKG.COM,ellen,ellenh@EXPRESSPKG.COM,,,,,EXPRESS PACKAGING IN.,912 NORTH MAIN STREET,,PEMBROKE,GA,31321,0,,,1200,,0,0,0,N30,THEIR TRUCK,N,P,OI,N,,,,5,15,EMail,,,,0,0,0,0,0,0,0,0,Cur,N,0,11,9/29/2009,7/23/2025,215702,8/1/2025,9/23/2025,8/14/2009 1:36:58 PM,CMS,8/7/2019 10:16:00 AM,PETE,N,10098
FARPLA,PO,"FARCO PLASTICS SUPPLY,INC",DEPT 2,11701 US HIGHWAY 19 NORTH,CLEARWATER,FL,33764,904/260-2550,904-260-8606,,,,,,,,,,"FARCO PLASTICS SUPPLY,INC",6945 PHILLIPS PKWY DR S,,JACKSONVILLE,FL,32256,0,,,1200,,0,0,0,N30,BEST WAY,N,P,OI,N,,,,4,120,Call,,,,0,0,0,0,0,0,0,0,Cur,N,0,0,,1/16/2008,,,3/4/2008,8/14/2009 1:36:58 PM,CMS,5/21/2013 1:05:43 PM,JOHN,N,10099
FASSYS,PO,PROFAST SUPPLY INC.,8500 PARKLINE BLVD,SUITE 114,ORLANDOJACKSONVILLE,FL,32809,904-886-9949,,,RANDY,,RANDY,,,,,,PROFAST SUPPLY INC.,,11425 SAINTS ROAD,JACKSONVILLE,FL,32246,0,,,1200,,0,0,0,N10,THEIR TRUCK,N,P,OI,N,,,,2,0,Call,,,,0,0,0,0,0,0,0,0,Cur,N,0,12,10/28/2009,2/25/2013,204810,2/25/2013,3/22/2013,8/14/2009 1:36:58 PM,CMS,3/21/2013 9:39:33 AM,JOHN,N,10100
FINMAS,PO,FINISH MASTERS,1927 CASSAT AVENUE,,JACKSONVILLE,FL,32205,904/389-3517,,,WAYNE,,WAYNE,,,,,,FINISH MASTERS,1927 CASSAT AVENUE,,JACKSONVILLE,FL,32205,0,,,1200,,0,0,0,CC,Best Way,N,P,OI,N,,,,0,0,Call,,,,0,0,0,0,0,0,0,0,Cur,N,0,1,7/7/2010,12/6/2013,206258,3/3/2014,3/8/2014,8/14/2009 1:36:58 PM,CMS,11/14/2013 3:35:13 PM,JOHN,N,10101
FIRIND,PO,FIRST COAST INDUSTRIAL,2950 ST. AUGUSTINE ROAD,,JACKSONVILLE,FL,32207,904/398-7503,904-399-5774,,BARBRA,,BARBRA,,,,,,FIRST COAST INDUSTRIAL,2950 ST. AUGUSTINE ROAD,,JACKSONVILLE,FL,32207,0,,,1200,,0,0,0,N30,THEIR TRUCK,N,P,OI,N,,,,5,0,Call,,,,0,0,0,0,0,0,0,0,Cur,N,0,0,,7/14/2000,,,1/22/2002,8/14/2009 1:36:59 PM,CMS,,,N,10102
FIRLEA,AP,FIRST LEASE,4815 BUFORD HIGHWAY,,NORCROSS,GA,30071,904/695-9915,904-695-9649,,DAVID,,THERESA,,,,,,FIRST LEASE,4371 SPORTSMAN CLUB ROAD,,JACKSONVILLE,FL,32219,0,,,6620,,0,0,0,N10,Best Way,N,P,OI,N,,,,0,0,Call,,,,0,0,0,0,0,0,0,0,Cur,N,0,43,,,,11/18/2010,9/23/2010,8/14/2009 1:36:59 PM,CMS,4/23/2012 3:07:01 PM,JACKIE,N,10103
FLABEL,PO,FLORIDA BELTING,11398 SPACE BLVD,,ORLANDO,FL,32837,800/432-0940,,,JIM,,JIM,,,,,,FLORIDA BELTING,11398 SPACE BLVD,,ORLANDO,FL,32837,0,,,1200,,0,0,0,COD,Best Way,N,P,OI,N,,,,0,0,Call,,,,0,0,0,0,0,0,0,0,Cur,N,0,0,,9/28/2004,,,10/8/2004,8/14/2009 1:36:59 PM,CMS,9/25/2012 11:17:26 AM,JOHN,N,10104
FLEBIB,PO,BIBB CONTROL SYSTEMS/,FLEMING SUPPLY CO.,2909 LANIER HEIGHTS ROAD,MACON,GA,31217,,,,,,TIM,,,,,,BIBB CONTROL SYSTEMS/,FLEMING SUPPLY CO.,1200 W. LATHROP AVENUE,SAVANNAH,GA,31415,0,,,1200,,0,0,0,N20,Best Way,N,P,OI,N,,,,0,0,Call,,,,0,0,0,0,0,0,0,0,Cur,N,0,0,,10/5/2005,,,11/9/2005,8/14/2009 1:36:59 PM,CMS,9/25/2012 10:18:49 AM,JOHN,N,10105
FLOHAR,PO,FLORIDA HARDWARE CO.,P.O. BOX 6759,,JACKSONVILLE,FL,32236,904/783-1650,,,CLINT,,CLINT,,FRED,,,,FLORIDA HARDWARE CO.,P.O. BOX 6759,ACCT #3132,JACKSONVILLE,FL,32236,0,,,1200,,25,0,0,N30,PICKUP,N,P,OI,N,Account #3132,,,2,15,Call,,,,0,0,0,0,0,0,0,0,Cur,N,0,21,9/30/2009,7/10/2019,212387,5/6/2020,5/6/2020,8/14/2009 1:36:59 PM,CMS,12/28/2015 9:32:51 AM,STEVE,N,10106
FLOTEC,PO,ACCUTECH INSTRUMENTATION,11101 S. CROWN WAY,SUITE #4,WELLINGTON,FL,33414,721-0822,,,,,,,,,,,ACCUTECH INSTRUMENTATION,49 CENTURY STREET,,JACKSONVILLE,FL,32211,0,,,1200,,0,0,0,N30,Best Way,N,P,OI,N,,,,0,0,Call,,,,0,0,0,0,0,0,0,0,Cur,N,0,41,6/22/2011,6/22/2011,202391,7/14/2011,8/24/2011,8/14/2009 1:36:59 PM,CMS,9/25/2012 10:09:13 AM,JOHN,N,10107
FORPLA,PO,"HILEX POLY CO., LLC",3421 MOMENTUM PLACE,,CHICAGO,IL,60689-5334,1-800-741-8457,1-561-547-8506,,CUSTOMER,CUSTOMERSERVICE@SHARPEANDPERKINS.COM,CUSTOMER,CUSTOMERSERVICE@SHARPEANDPERKINS.COM,,,,,FORTUNE PLASTICS,,11580 RYLAND CT,ORLANDO,FL,32824,0,,,1200,,2000,0,0,N30,BEST WAY,N,P,OI,N,,,,7,14,FAX,,,,0,0,0,0,0,0,0,0,Cur,N,0,23,9/14/2009,5/19/2014,207032,5/19/2014,7/20/2014,8/14/2009 1:36:59 PM,CMS,4/22/2014 1:39:29 PM,JOHN,N,10108
FULTOO,PO,FULLERTON TOOL COMPANY,P.O. BOX 2008,,SAGINAW,MI,48605,800-248-8315,989-792-3335,,,,,,,,,,FULLERTON TOOL COMPANY,P.O. BOX 2008,,SAGINAW,MI,48605,0,,,1200,,0,0,0,N30,Best Way,N,P,OI,N,,,,5,120,Call,,,,0,0,0,0,0,0,0,0,Cur,N,0,36,9/25/2009,3/26/2012,203494,3/27/2012,5/22/2012,8/14/2009 1:37:00 PM,CMS,9/25/2012 11:18:15 AM,JOHN,N,10109
FUTABR,PO,GLOBAL ABRASIVE PRODUCTS.,1035 NINE NORTH DRIVE,,ALPHARETTA,GA,30004,800-763-7263,1-770-740-0574,,,,rusty,rjameson@globalabrpro.com,,,,,GLOBAL ABRASIVE PRODUCTS.,1035 NINE NORTH DRIVE,,ALPHARETTA,GA,30004,0,,,1200,,0,0,0,N30,BEST WAY,N,P,OI,N,,,,5,15,Call,,,,0,0,0,0,0,0,0,0,Cur,N,0,23,9/18/2009,8/19/2015,208886,8/19/2015,9/18/2015,8/14/2009 1:37:00 PM,CMS,12/28/2015 9:32:27 AM,STEVE,N,10110
GATCHE,PO,"GATEWAY CHEMICALS, INC.",724 GOLFAIR BLVD,,JACKSONVILLE,FL,32206,904/353-4790,904-353-4893,,,,,,,,,,"GATEWAY CHEMICALS, INC.",724 GOLFAIR BLVD,,JACKSONVILLE,FL,32206,0,,,1200,,0,0,0,N30,Best Way,N,P,OI,N,,,,0,0,Call,,,,0,0,0,0,0,0,0,0,Cur,N,0,19,1/18/2011,2/20/2020,212764,3/10/2020,3/20/2020,8/14/2009 1:37:00 PM,CMS,12/28/2015 9:32:42 AM,STEVE,N,10111
GENGRA,PO,GENERAL GRAPHICS CORP,P.O. BOX 2101,,JACKSONVILLE,FL,32203,904/695-1600,904-695-1617,,MISTY,,MISTY,,,,,,GENERAL GRAPHICS CORP,2785 LLOYD ROAD,,JACKSONVILLE,FL,32254,0,,,1200,,0,0,0,N20,Best Way,N,P,OI,N,,,,0,0,Call,,,,0,0,0,0,0,0,0,0,Cur,N,0,0,,3/9/2004,,,5/11/2004,8/14/2009 1:37:00 PM,CMS,,,N,10112
GOOWRA,PO,GOODWRAPPERS,,1920 HALETHORPE FARMS RD,BALTIMORE,MD,21227,800/638-1127,1-410-536-0484,,DAVID,,Wanda,wneice@goodwrappers.com,,,,,GOODWRAPPERS,,1920 HALETHORPE FARMS RD,BALTIMORE,MD,21227,0,,,1200,,0,1000,0,N30,BEST WAY,N,P,OI,N,,,,15,30,Call,,,,0,0,0,0,0,0,0,0,Cur,N,0,20,11/3/2009,11/26/2018,211978,1/2/2019,1/23/2019,8/14/2009 1:37:00 PM,CMS,12/28/2015 9:32:09 AM,STEVE,N,10113
GREIND,PO,GREENFIELD INDUSTRIES,P.O. BOX 202642,,DALLAS,TX,75320,800-348-2885,800-892-4290,,,,,,,,,,GREENFIELD INDUSTRIES,470 OLD EVANS ROAD,,AUGUSTA,GA,30809,0,,,1200,,50,0,0,N30,Best Way,N,P,OI,N,,,70414236,5,10,Call,,,,0,0,0,0,0,0,0,0,Cur,N,0,24,10/22/2009,5/15/2013,205175-8,6/14/2013,8/27/2013,8/14/2009 1:37:00 PM,CMS,2/5/2013 2:44:33 PM,JOHN,N,10114
HEALAB,PO,"HEARTLAND LABEL PRINTERS, INC.",P.O. BOX 347,,LITTLE CHUTE,WI,54140,1-800-236-3584,1-920-788-7733,,JOHN,JHOBERT@HRTLP.COM,JOHN,JHOBERT@HRTLP.COM,,,,,HEARTLAND LABEL PRINTERS,1700 STEPHEN STREET,,LITTLE CHUTE,WI,54140,0,,,1200,,0,0,0,N20,Best Way,N,P,OI,N,,,,0,0,Call,,,,0,0,0,0,0,0,0,0,Cur,N,0,26,2/10/2011,8/21/2012,204075,9/5/2012,9/21/2012,8/14/2009 1:37:00 PM,CMS,8/21/2012 3:49:04 PM,JACKIE,N,10115
HERPAP,PO,HERITAGE PAPER COMPANY,P.O. BOX 23517,,JACKSONVILLE,FL,32241,904/737-6603,904-737-4902,,JACKIE,,TOM,TREED@HERITAGEPAPERCO.COM,,,,,HERITAGE PAPER COMPANY,4011 MORTON STREET,,JACKSONVILLE,FL,32217,0,,,1200,,0,0,0,N30,PICKUP,N,P,OI,N,,,,0,0,Call,,,,0,0,0,0,0,0,0,0,Cur,N,0,29,11/17/2010,11/17/2010,201575,12/20/2010,1/18/2011,8/14/2009 1:37:01 PM,CMS,11/17/2010 11:00:51 AM,JACKIE,N,10116
HOLSTA,PO,ALL AMERICAN / Hornet Signs,,PO Box 21899,WACO,TX,76702,1-888-600-6322,,,sales,sales@allamericanid.com,sales,sales@allamericanid.com,,,,,ALL AMERICAN / Hornet Signs,,PO Box 21899,WACO,TX,76702,0,,,1200,,0,0,0,N30,Best Way,N,P,OI,N,,,,0,0,EMail,,,,0,0,0,0,0,0,0,0,Cur,N,0,13,1/27/2010,9/3/2020,213068,9/4/2020,9/25/2020,8/14/2009 1:37:01 PM,CMS,4/8/2019 1:19:21 PM,PETE,N,10117
HOULAD,PO,HOUSE OF LADDERS,4229 N. MAIN STREET,,JACKSONVILLE,FL,32206,904/361-7600,,,DONNA,,DONNA,,,,,,HOUSE OF LADDERS,4229 N. MAIN STREET,,JACKSONVILLE,FL,32206,0,,,1200,,0,0,0,N30,PICKUP,N,P,OI,N,,,,0,0,Call,,,,0,0,0,0,0,0,0,0,Cur,N,0,0,,3/7/2005,,,9/19/2006,8/14/2009 1:37:01 PM,CMS,,,N,10118
HYDSYS,PO,HYDRO SYSTEMS,P.O. BOX 00263,,CINCINNATI,OH,45264,800/543-7184,513-271-0160,,,,,,,,,,HYDRO SYSTEMS,3798 ROUND BOTTOM ROAD,,CINCINNATI,OH,45244,0,,,1200,,0,0,0,CC,Best Way,N,P,OI,N,,,,0,0,Call,,,,0,0,0,0,0,0,0,0,Cur,N,0,4,12/29/2009,7/13/2011,202471,7/18/2011,7/18/2011,8/14/2009 1:37:01 PM,CMS,9/19/2011 12:07:21 PM,JACKIE,N,10119
IMPACT,PO,IMPACT PRODUCTS INC.,,2840 CENTENNIAL RD.,TOLEDO,OH,43617,800-333-1541,800-333-1531,,,,,,,,,,IMPACT PRODUCTS INC.,ACCT #93674,2840 CENTENNIAL RD.,TOLEDO,OH,43617,0,,,1200,,0,0,0,N30,UPS,N,P,OI,N,ACCT #93674,,,10,45,Call,,,,0,0,0,0,0,0,0,0,Cur,N,0,27,12/15/2009,11/14/2019,212618,11/21/2019,12/20/2019,8/14/2009 1:37:01 PM,CMS,12/28/2015 9:28:01 AM,STEVE,N,10120
INDUSC,PO,"SOUTHEAST RIGGING, INC.",429 TALLEYRAND AVE.,,JACKSONVILLE,FL,32202,904-355-3423,904-354-6952,,MIKE,,MIKE,,,,,,"SOUTHEAST RIGGING, INC.",429  TALLEYRAND AVE.,,JACKSONVILLE,FL,32202,0,,,1200,,0,0,0,N30,PICKUP,N,P,OI,N,,,,2,15,Call,,,,0,0,0,0,0,0,0,0,Cur,N,0,17,10/5/2009,5/27/2021,213441,5/28/2021,6/18/2021,8/14/2009 1:37:01 PM,CMS,12/28/2015 9:06:50 AM,STEVE,N,10121
INFPAC,PO,INFLATABLE PACKAGING INC.,P.O. BOX 40,,NEWTON,CT,6470,203/426-2900,203-426-6976,,DICK,,DICK,,,,,,INFLATABLE PACKAGING INC.,P.O. BOX 40,,NEWTON,CT,6470,0,,,1200,,0,0,0,N30,Best Way,N,P,OI,N,,,,0,0,Call,,,,0,0,0,0,0,0,0,0,Cur,N,0,0,,3/20/2008,,,4/29/2008,8/14/2009 1:37:01 PM,CMS,,,N,10122
INSSPE,PO,INSTRUMENT SPECIALTIES,3885 ST.JOHNS PARKWAY,,SANFORD,FL,32771,407-324-7800,407-324-1104,,,,,,,,,,INSTRUMENT SPECIALTIES,3885 ST.JOHNS PARKWAY,,SANFORD,FL,32771,0,,,1200,,0,0,0,N30,Best Way,N,P,OI,N,,,,0,0,Call,,,,0,0,0,0,0,0,0,0,Cur,N,0,14,12/1/2009,4/24/2013,205069,5/1/2013,6/5/2013,8/14/2009 1:37:01 PM,CMS,4/24/2013 9:25:33 AM,JOHN,N,10123
INTGRO,PO,PINNACLE FILMS CORPORATION,P.O. BOX 277148,,ATLANTA,GA,30384-7148,1-800-896-3222,1-888-740-2500,,MELANIE,MELANIEH@WHITEANDHODGE.COM,CYNTHIA,CMICKLE@INTEPLAST.COM,,,,,PINNACLE FILMS CORPORATION,P.O. BOX 277148,,ATLANTA,GA,30384-7148,0,,,1200,,0,0,0,N30,BEST WAY,N,P,OI,N,,,,14,0,Call,,,,0,0,0,0,0,0,0,0,Cur,N,0,25,12/10/2010,9/17/2013,205761,9/18/2013,10/12/2013,8/14/2009 1:37:02 PM,CMS,10/6/2013 11:22:38 AM,JACKIE,N,10124
INTTAP,PO,INTERTAPE POLYMER CORP.,P.O.BOX 203459,,DALLAS,TX,75320-3459,1-800-474-8273,1-800-561-3671,http://intertapepolymer.com/B2B/Pages/default.aspx,,,JEFF,JALLEN@itape.com,,,,,INTERTAPE POLYMER GROUP,P.O.BOX 203459,,DALLAS,TX,75320-3459,0,,,1200,,3000,0,0,N30,BEST WAY,N,P,OI,N,,,,7,14,EMail,,,,0,0,0,0,0,0,0,1926.72,Cur,N,0,12,9/17/2009,11/5/2025,215861,11/18/2025,11/11/2025,8/14/2009 1:37:02 PM,CMS,9/3/2019 12:21:46 PM,NEAL,N,10125
JACIND,PO,UNITED RIGGING,,351 ZOO PARKWAY,JACKSONVILLE,FL,32226,904/757-3232,904-757-2420,,,,,,,,,,UNITED RIGGING,,351 ZOO PARKWAY,JACKSONVILLE,FL,32226,0,,,1200,,0,0,0,N20,Best Way,N,P,OI,N,,,,0,0,Call,,,,0,0,0,0,0,0,0,0,Cur,N,0,0,,1/5/2007,,,2/16/2007,8/14/2009 1:37:02 PM,CMS,12/29/2011 12:22:57 PM,JOHN,N,10126
JACLAM,PO,LIGHT BULB DEPOT 5 LLC,P.O. BOX 2363,,SARASOTA,FL,34230,904-727-6787,904-720-0116,,,,,,,,,,LIGHT BULB DEPOT 5 LLC,7206 BEACH BLVD,,JACKSONVILLE,FL,32216,0,,,1200,,0,0,0,N30,DELIVERY,N,P,OI,N,,,,0,0,Call,,,,0,0,0,0,0,0,0,0,Cur,N,0,0,,4/8/2009,,,4/13/2009,8/14/2009 1:37:02 PM,CMS,2/10/2010 12:41:24 PM,JACKIE,N,10127
JONSPR,PO,JONES SPRING CO. INC.,140 SOUTH STREET,,WILDER,KY,41071,1-859-581-7600,,,,,,,,,,,JONES SPRING CO. INC.,140 SOUTH STREET,,WILDER,KY,41071,0,,,1200,,0,0,0,N30,Best Way,N,P,OI,N,,,,0,0,Call,,,,0,0,0,0,0,0,0,0,Cur,N,0,31,1/14/2013,3/6/2014,206580,3/8/2014,4/5/2014,8/14/2009 1:37:02 PM,CMS,1/7/2013 9:12:25 AM,JOHN,N,10128
JRACEN,PO,J.RACENSTEIN CO.,74 HENRY STREET,,SECAUCUS,NJ,7094,800-221-3748,201-348-1385,,.,,.,,,,,,J.RACENSTEIN CO.,74 HENRY STREET,,SECAUCUS,NJ,7094,0,,,1200,,0,0,0,CC,Best Way,N,P,OI,N,account # 28711,,,0,0,Call,,,,0,0,0,0,0,0,0,0,Cur,N,0,0,12/8/2009,6/24/2021,213486,8/3/2021,8/6/2021,8/14/2009 1:37:02 PM,CMS,7/18/2018 12:12:09 PM,BRITTANY,N,10129
KAMUSA,PO,SOUTHERN CANDLE LIGHTS,COMMERCIAL FACTORS OF ATL,P.O. BOX 88780,ATLANTA,GA,30356,864/578-7789,,,MIKE,,MIKE,,,,,,SOUTHERN CANDLE LIGHTS,,298 COMMERCIAL ROAD,SPARTANBURG,SC,29303,0,,,1200,,0,0,0,N30,BEST WAY,N,P,OI,N,,,,14,0,Call,,,,0,0,0,0,0,0,0,0,Cur,N,0,0,,10/19/2004,,,12/7/2004,8/14/2009 1:37:03 PM,CMS,4/8/2014 1:46:53 PM,JOHN,N,10130
KENMET,PO,KENNAMETAL,P.O. BOX 120001 DEPT 0751,,DALLAS,TX,75312,1800-446-7738,1-888-505-5050,,CONTRACT,,CONTRACT,,,,,,KENNAMETAL,P.O. BOX 2587,ACCT #70414236,AUGUSTA,GA,30903,0,,,1200,,0,0,0,N30,Best Way,N,P,OI,N,,,70414236,0,0,Call,,,,0,0,0,0,0,0,0,0,Cur,N,0,36,10/27/2009,2/18/2011,201907,3/23/2010,4/21/2010,8/14/2009 1:37:03 PM,CMS,5/4/2011 1:56:22 PM,JOHN,N,10131
KNIDIS,PO,"KNIGHTS DISTRIBUTION, INC",6741 W. SUNRISE BLVD,STE 31,PLANTATION,FL,33313,800/357-0096,954-791-8058,,TERRY/BOBBY,,TERRY/BOBBY,,,,,,"KNIGHTS DISTRIBUTION, INC",6741 W. SUNRISE BLVD,STE 31,PLANTATION,FL,33313,0,,,1200,,0,0,0,N10,Best Way,N,P,OI,N,,,,0,0,Call,,,,0,0,0,0,0,0,0,0,Cur,N,0,13,12/16/2009,8/28/2014,207466,8/28/2014,7/22/2014,8/14/2009 1:37:03 PM,CMS,,,N,10132
KOLIND,PO,ACTION CORRUGATED,240 BOUNDARY ROAD,,MALBORO,NJ,7746,1-800-327-6085,1-305-769-0619,,HAROLD,,HAROLD,,,,,,ACTION CORRUGATED,,2390 N.W. 149TH ST,OPALOCKA,FL,33054,0,,,1200,,0,0,0,CC,BEST WAY,N,P,OI,N,,,,5,0,Call,,,,0,0,0,0,0,0,0,0,Cur,N,0,5,10/8/2009,12/14/2010,201669,7/21/2010,7/15/2010,8/14/2009 1:37:03 PM,CMS,11/11/2010 8:36:47 AM,JACKIE,N,10133
LABEIT,PO,LABEL IT,10100 NORTHWEST 116TH WAY,,MIAMI,FL,33178,800/338-6386,,,,,,,,,,,LABEL IT,10100 NORTHWEST 116TH WAY,,MIAMI,FL,33178,0,,,1200,,0,0,0,N30,UPS,N,P,OI,N,,,,5,0,Call,,,,0,0,0,0,0,0,0,0,Cur,N,0,29,11/10/2009,2/5/2013,204732,2/5/2013,3/6/2013,8/14/2009 1:37:03 PM,CMS,11/10/2009 3:32:35 PM,JACKIE,N,10134
LABMAS,PO,LABELMASTER,AN AMERICAN LABELMARK CO.,P.O. BOX 46402,CHICAGO,IL,60646,800-621-5808,800-723-4327,,Tom,tgarrett@labelmaster.com,Tom,tgarrett@labelmaster.com,Tom,tgarrett@labelmaster.com,,,LABELMASTER,AN AMERICAN LABELMARK CO.,P.O. BOX 46402,CHICAGO,IL,60646,0,,,1200,,,0,0,N30,BEST WAY,N,P,OI,N,ACCT # 0327255,,,5,30,EMail,,,,0,0,0,0,0,0,0,0,Cur,N,0,13,11/2/2009,8/2/2021,213544-1,12/20/2021,1/14/2022,8/14/2009 1:37:03 PM,CMS,11/25/2022 12:56:04 PM,JEFF,N,10135
LADPRO,PO,BERRY,PO Box 633485,,Cincinnati,OH,45263-3485,800-446-3639,800-253-5246,www.laddawn.com,David,davidwornham@berryglobal.com,,,,,,,BERRY,,155 JACKSON ROAD,DEVENS,MA,01434-5614,0,,,1200,,0,0,0,N30,UPS,N,P,OI,N,CUSTOMER #187520,,,4,15,Call,,,1984.85,0,0,0,0,0,0,0,965.1,Cur,N,0,0,9/14/2009,2/19/2026,216002,2/19/2026,4/14/2026,8/14/2009 1:37:03 PM,CMS,3/14/2025 9:41:33 AM,NATE,N,10136
LAGASS,PO,ESSENDANT RECEIVABLES INC.,,P.O. BOX 531628,ATLANTA,GA,30353-1628,1-800-733-4000,1-800-367-7845,http://prod.lagassesweet.com/storefrontCommerce/,ERIC,EMALEY@ESSENDANT.COM,ERIC,EMALEY@ESSENDANT.COM,,,,,LAGASSE INC.,5215-C WEST GATE DR,SOUTHWEST,ATLANTA,GA,30336,0,,,1200,,1250,0,0,N30,BEST WAY,N,P,OI,N,ACCT #019360,,,2,3,EMail,,,,0,0,0,0,0,0,0,0,Cur,N,0,3,9/14/2009,10/18/2022,214240-1,2/21/2022,3/18/2022,8/14/2009 1:37:04 PM,CMS,7/30/2020 8:34:03 AM,NEAL,N,10137
LAMINA,PO,LAMINATIONS,P.O. BOX 8033,,APPLETON,WI,54912,904-741-3150,904-741-3155,,"PAM,NIKKI",,"PAM,NIKKI",,,,,,LAMINATIONS,1420 VANTAGE WAY,SUITE 100,JACKSONVILLE,FL,32218,0,,,1200,,0,0,0,N30,Best Way,N,P,OI,N,,,,0,0,Call,,,,0,0,0,0,0,0,0,0,Cur,N,0,29,6/30/2010,3/15/2011,201999,3/29/2011,4/26/2011,8/14/2009 1:37:04 PM,CMS,9/30/2013 4:08:10 PM,RANDY,N,10138
LAMSAL,PO,"LAMP SALES UNLIMITED, INC",,P.O. BOX 10606,JACKSONVILLE,FL,32247,904/737-9292,904-737-4333,,KAREN/BOB,don@lampsales.org,KAREN/BOB,don@lampsales.org,,,,,"LAMP SALES UNLIMITED, INC",,P.O. BOX 10606,JACKSONVILLE,FL,32247,0,,,1200,,0,0,0,N30,THEIR TRUCK,N,P,OI,N,,,,2,0,Call,,,,0,0,0,0,0,0,0,0,Cur,N,0,21,9/16/2009,4/6/2022,213929,6/14/2022,7/8/2022,8/14/2009 1:37:04 PM,CMS,8/11/2017 12:50:31 PM,BRITTANY,N,10139
LAWPRO,PO,LAWRENCE METAL PRODUCTS,P.O. BOX 400-M,,BAY SHORE,NY,11706,800/441-0019,631-666-0336,,,,,,,,,,LAWRENCE METAL PRODUCTS,260 SPUR DRIVE SOUTH,,BAY SHORE,NY,11706,0,,,1200,,0,0,0,N30,Best Way,N,P,OI,N,,,,0,0,Call,,,,0,0,0,0,0,0,0,0,Cur,N,0,0,,11/4/1999,,,1/19/2000,8/14/2009 1:37:04 PM,CMS,12/23/2009 12:31:35 PM,JOHN,N,10140
LITCO,PO,LITCO INTERNATIONAL INC.,P.O. BOX 150,,VIENNA,OH,44473,1-330-539-5433,1-330-539-5388,,PETE,pete@litco.com,PETE,pete@litco.com,,,,,LITCO INTERNATIONAL INC.,P.O. BOX 150,,VIENNA,OH,44473,0,,,1200,,0,0,0,N15,BEST WAY,N,P,OI,N,,,,5,30,Call,,,,0,0,0,0,0,0,0,0,Cur,N,0,12,9/30/2009,10/14/2014,207644,10/22/2014,9/1/2014,8/14/2009 1:37:04 PM,CMS,3/28/2013 1:49:08 PM,JOHN,N,10141
LPSIND,PO,LPS INDUSTRIES,,P.O. BOX 18858,NEWARK,NJ,7191,1-800-275-6577,1-770-424-6032,,CUSTOMER,,CUSTOMER,,LARRY,LCOSTA@LPSIND.COM,,,LPS INDUSTRIES,1145 ROTTENWOOD DR,SUITE 120,MARIETTA,GA,30067,0,,,1200,,0,0,0,CC,BEST WAY,N,P,OI,N,ACCT #1640485,,,5,30,EMail,,,,0,0,0,0,0,0,0,0,Cur,N,0,18,9/16/2009,1/10/2023,214376,2/11/2023,5/19/2023,8/14/2009 1:37:04 PM,CMS,2/26/2019 1:51:27 PM,NEAL,N,10142
LUBSPE,PO,LUBE SPECIALISTS,P.O. BOX 220,,LAKE CITY,FL,32056,800/289-5823,386-755-5927,,,,,,,,,,LUBE SPECIALISTS,,,,,,0,,,1200,,0,0,0,N30,Best Way,N,P,OI,N,,,,0,0,Call,,,,0,0,0,0,0,0,0,0,Cur,N,0,2,1/28/2010,7/11/2014,207275,7/14/2014,7/21/2014,8/14/2009 1:37:04 PM,CMS,9/25/2012 12:29:59 PM,JOHN,N,10143
LUDCOM,PO,LUDLOW COMPOSITES CORP.,P.O. BOX 75643,,CLEVELAND,OH,44101-4755,800/628-5463,800-544-2806,,,,,,,,,,LUDLOW COMPOSITES CORP.,P.O. BOX 75643,,CLEVELAND,OH,44101-4755,0,,,1200,,0,0,0,N20,BEST WAY,N,P,OI,N,,,,0,0,Call,,,,0,0,0,0,0,0,0,0,Cur,N,0,25,10/2/2009,9/7/2016,210050,9/12/2016,10/7/2016,8/14/2009 1:37:05 PM,CMS,9/25/2012 11:59:29 AM,JACKIE,N,10144
MACENG,PO,"MACHINE ENGINEERS, INC.",651 EAST 8TH ST,,JACKSONVILLE,FL,32206,904/353-8289,,,,,,,,,,,"MACHINE ENGINEERS, INC.",651 EAST 8TH ST,,JACKSONVILLE,FL,32206,0,,,1200,,0,0,0,N20,Best Way,N,P,OI,N,,,,0,0,Call,,,,0,0,0,0,0,0,0,0,Cur,N,0,39,12/3/2009,12/3/2009,200292,12/4/2009,1/12/2010,8/14/2009 1:37:05 PM,CMS,12/3/2009 11:07:40 AM,JACKIE,N,10145
MAISTR,PO,MAIN STREET WHOLESALE,3717 VANCE STREET,,JACKSONVILLE,FL,32264,904/354-3692,904-353-2344,,MR JOE,mainstreetcoo@att.net,MR JOE,mainstreetcoo@att.net,,,,,MAIN STREET WHOLESALE,3717 VANCE STREET,,JACKSONVILLE,FL,32264,0,,,1200,,0,0,0,COD,Best Way,N,P,OI,N,,,,0,0,Call,,,,0,0,0,0,0,0,0,0,Cur,N,0,1,5/25/2010,9/20/2012,204185,10/1/2012,9/27/2012,8/14/2009 1:37:05 PM,CMS,9/20/2012 9:21:57 AM,JOHN,N,10146
MASHOS,PO,HOSEPOWER USA,P.O. BOX 861777,,ORLANDO,FL,32886,904/652-0874,904-652-0691,,,,,,,,,,HOSEPOWER USA,3022 FAYE ROAD,,JACKSONVILLE,FL,32226,0,,,1200,,0,0,0,N30,Best Way,N,P,OI,N,,,,2,30,Call,,,,0,0,0,0,0,0,0,0,Cur,N,0,26,10/8/2009,11/21/2016,210253,11/22/2016,12/16/2016,8/14/2009 1:37:05 PM,CMS,11/7/2012 2:06:46 PM,JOHN,N,10147
MCMCAR,PO,MCMASTER-CARR SUPPLY,P.O.BOX 740100,,ATLANTA,GA,30374,404/346-7000,,,,,,,,,,,MCMASTER-CARR SUPPLY,P.O.BOX 740100,,ATLANTA,GA,30374,0,,,1200,,0,0,0,N30,Best Way,N,P,OI,N,,,,0,0,Call,,,,0,0,0,0,0,0,0,0,Cur,N,0,0,5/4/2010,2/8/2013,204740,2/8/2013,2/8/2013,8/14/2009 1:37:05 PM,CMS,9/25/2012 12:30:58 PM,JOHN,N,10148
MELDIS,PO,MELILLO DISTIBUTING CO.,400 DRAKE STREET,,JACKSONVILLE,FL,32254,904/783-1181,904-783-1772,,,,,,,,,,MELILLO DISTIBUTING CO.,400 DRAKE STREET,,JACKSONVILLE,FL,32254,0,,,1200,,0,0,0,N10,BEST WAY,N,P,OI,N,,,,5,0,Call,,,,0,0,0,0,0,0,0,0,Cur,N,0,0,,6/24/2005,,,8/8/2005,8/14/2009 1:37:05 PM,CMS,,,N,10149
MICDRI,PO,MICHIGAN DRILL CORP.,,P.O. BOX 7012,TROY,MI,48007,800/890-7364,,,,,GEORGE,,,,,,MICHIGAN DRILL CORP.,1800-890-7364,8405 N.W. 66TH STREET,MIAMI,FL,33166,0,,,1200,,0,0,0,N30,BEST WAY,N,P,OI,N,,,,5,15,Call,,,,0,0,0,0,0,0,0,0,Cur,N,0,31,11/16/2009,3/18/2019,212178,3/22/2022,3/25/2022,8/14/2009 1:37:05 PM,CMS,10/24/2013 2:39:37 PM,JOHN,N,10150
MKMORS,PO,M.K.MORSE COMPANY,P.O.BOX 8677,,CANTON,OH,44711,800-733-3377,800-729-1112,,,,,,,,,,M.K.MORSE COMPANY,P.O.BOX 8677,,CANTON,OH,44711,0,,,1200,,0,0,0,N30,Best Way,N,P,OI,N,,,26893000,3,20,Call,,,,0,0,0,0,0,0,0,0,Cur,N,0,26,9/29/2009,6/3/2014,207091,6/5/2014,6/2/2014,8/14/2009 1:37:05 PM,CMS,10/4/2013 12:29:54 PM,JOHN,N,10151
MLCS,PO,WOODWORKER'S CHOICE,P.O. BOX 165,,HUNTINGDON VLY,PA,19006,800/544-9663,215-938-5070,,JACK,,MITCH,,,,,,WOODWORKER'S CHOICE,P.O. BOX 165,,HUNTINGDON VLY,PA,19006,0,,,1200,,0,0,0,N30,BEST WAY,N,P,OI,N,,,,5,120,Call,,,,0,0,0,0,0,0,0,0,Cur,N,0,0,,2/10/2009,,,6/4/2009,8/14/2009 1:37:06 PM,CMS,10/24/2012 12:54:01 PM,JOHN,N,10152
MOTIND,PO,MOTION INDUSTRIES,JACKSONVILLE,P.O. BOX 404130,ATLANTA,GA,30384,904/758-5780,,,,,JIMMY,,,,,,MOTION INDUSTRIES,401 HECKSCHER DRIVE,,JACKSONVILLE,FL,32218,0,,,1200,,0,0,0,N30,Best Way,N,P,OI,N,,,100275,3,60,Call,,,,0,0,0,0,0,0,0,0,Cur,N,0,22,9/25/2009,9/1/2015,208931,9/2/2015,9/25/2015,8/14/2009 1:37:06 PM,CMS,4/29/2015 10:06:04 AM,NEAL,N,10153
MSCIND,PO,MSC INDUSTRIAL SUPPLY CO.,DEPT. CH 0075,,PALATINE,IL,60055,1-800-645-7270,,,,,,,,,,,MSC INDUSTRIAL SUPPLY CO.,DEPT. CH 0075,,PALATINE,IL,60055,0,792729,,1200,,15,0,0,N30,Best Way,N,P,OI,N,,,792729,0,0,Call,,,,0,0,0,0,0,0,0,0,Cur,N,0,29,11/17/2009,2/18/2021,213291-2,3/12/2021,3/31/2021,8/14/2009 1:37:06 PM,CMS,12/28/2015 1:56:35 PM,STEVE,N,10154
NAPA,PO,NAPA AUTO PARTS,1090 HAINES STREET,,JACKSONVILLE,FL,32206,904/354-7851,,,,,,,,,,,NAPA AUTO PARTS,1090 HAINES STREET,,JACKSONVILLE,FL,32206,0,,,6190,,0,0,0,COD,Best Way,N,P,OI,N,,,,0,0,Call,,,,0,0,0,0,0,0,0,0,Cur,N,0,8,8/11/2010,6/26/2014,207215,11/25/2015,11/25/2015,8/14/2009 1:37:06 PM,CMS,11/25/2015 9:27:30 AM,STEVE,N,10155
NASBAG,PO,"NASHVILLE BAG CO.,INC.",,400 WATSON STREET,NASHVILLE,GA,31639,800-625-6992,229-686-5144,,DAVID,david@nashvillebagcompany.com,DAVID,david@nashvillebagcompany.com,,,,,"NASHVILLE BAG CO.,INC.",,400 WATSON STREET,NASHVILLE,GA,31639,0,,,1200,,0,0,0,N20,Best Way,N,P,OI,N,,,,0,0,Call,,,,0,0,0,0,0,0,0,0,Cur,N,0,24,4/30/2010,2/5/2025,215446,2/5/2025,10/17/2025,8/14/2009 1:37:06 PM,CMS,12/28/2015 9:18:33 AM,STEVE,N,10156
NASCO,PO,NASCO FORT ATKINSON,901 JANESVILLE AVE.,,FORT ATKINSON,WI,53538,920/563-2495,920-562-8282,,TOM,,TOM,,,,,,NASCO FORT ATKINSON,901 JANESVILLE AVE.,,FORT ATKINSON,WI,53538,0,,,1200,,0,0,0,CC,Best Way,N,P,OI,N,,,,10,120,Call,,,,0,0,0,0,0,0,0,0,Cur,N,0,1,7/20/2012,9/9/2013,205741,9/24/2013,9/24/2013,8/14/2009 1:37:06 PM,CMS,10/14/2014 8:05:44 AM,NEAL,N,10157
NDIWHO,AP,NDI WHOLESALE,P.O. BOX 534453,,ATLANTA,GA,30353,352-748-4213,352-748-2871,,TIM,,TIM,,,,,,NDI WHOLESALE,3409 NE 37TH PLACE,,WILDWOOD,FL,34785,0,,,1200,,0,0,0,N20,Best Way,N,P,OI,N,,,,0,0,Call,,,,0,0,0,0,0,0,0,0,Cur,N,0,0,,6/4/2008,,,7/30/2008,8/14/2009 1:37:07 PM,CMS,8/25/2009 4:22:07 PM,JACKIE,N,10158
NIFPRO,PO,NIFTY PRODUCTS,P.O. BOX 161,,MARLBORO,NJ,7746,1-800-631-2172,1-732-591-8477,WWW.NIFTYPACK.COM,HARRIETT,SALES@NIFTYPACK.COM,,,,,,,NIFTY PRODUCTS,4 JOCAMA BOULEVARD,,OLD BRIDGE,NJ,8857,500,,,1200,,0,0,0,N30,BEST WAY,N,P,OI,N,,,,10,0,Call,,,,0,0,0,0,0,0,0,0,Cur,N,0,24,6/23/2011,6/23/2011,202399,6/27/2011,7/21/2011,8/14/2009 1:37:07 PM,CMS,6/23/2011 3:24:59 PM,JACKIE,N,10159
NILADV,PO,NILFISK-ADVANCE INC.,P.O. BOX 930444,,ATLANTA,GA,31193,1-800-334-1083,,,,,,,,,,,KENT/EUROCLEAN,14600 21ST AVE NO,,PLYMOUTH,MN,55447,0,,,1200,,0,0,0,N20,Best Way,N,P,OI,N,Acct #C10N10032,,,0,0,Call,,,,0,0,0,0,0,0,0,0,Cur,N,0,46,,4/2/2007,,1/6/2012,2/21/2012,8/14/2009 1:37:07 PM,CMS,2/10/2012 11:35:08 AM,JACKIE,N,10160
NILODO,PO,"NILODOR, INC.",,P.O. BOX 660,BOLIVAR,OH,44612,1800-443-4321,1-330-874-3366,,KEVIN,,KEVIN,,,,,,"NILODOR, INC.",,P.O. BOX 660,BOLIVAR,OH,44612,0,,,1200,,0,0,0,N30,BEST WAY,N,P,OI,N,,,,0,0,Call,,,,0,0,0,0,0,0,0,0,Cur,N,0,0,4/19/2011,4/19/2011,202133,4/21/2011,4/21/2011,8/14/2009 1:37:07 PM,CMS,4/19/2011 4:20:35 PM,JACKIE,N,10161
NORSAF,PO,NORCROSS SAFETY PRODUCTS,7993 COLLECTION CENTER DR,,CHICAGO,IL,60693,309/786-7741,800-267-6809,,,,,,,,,,NORCROSS SAFETY PRODUCTS,1136 2ND STREET,,ROCK ISLAND,IL,61201,0,,,1200,,0,0,0,N20,Best Way,N,P,OI,N,,,,6,14,Call,,,,0,0,0,0,0,0,0,0,Cur,N,0,41,9/18/2009,9/18/2009,200027,9/15/2009,10/26/2009,8/14/2009 1:37:07 PM,CMS,3/23/2010 12:38:16 PM,JOHN,N,10162
OFFDEP,PO,OFFICE DEPOT CREDIT PLAN,DEPT.56-4101150349,P.O. BOX 9020,DES MOINES,IA,50368,800/729-7744,,,,,,,,,,,OFFICE DEPOT CREDIT PLAN,,P.O. BOX 9020,DES MOINES,IA,50368,0,,,1200,,0,0,0,N10,Best Way,N,P,OI,N,,,,0,0,Call,,,,0,0,0,0,0,0,0,0,Cur,N,0,6,12/15/2009,6/6/2012,203777,1/11/2013,2/5/2013,8/14/2009 1:37:07 PM,CMS,12/15/2009 12:47:02 PM,JACKIE,N,10163
OKLRIG,PO,"ORS NASCO, INC.",3706 SOLUTION CENTER,,CHICAGO,IL,60677-3007,800/678-6577,1-800-579-2533,WWW.ORSNASCO.COM,,,1-800-579-2533,,,,,,"ORS NASCO, INC.",3706 SOLUTION CENTER,,CHICAGO,IL,60677-3007,0,,,1200,,100,0,0,N30,BEST WAY,N,P,OI,N,ACCT # 606948,,606948,4,5,EMail,,,,0,0,0,0,0,0,0,0,Cur,N,0,10,9/14/2009,2/12/2021,213284,2/12/2021,3/12/2021,8/14/2009 1:37:07 PM,CMS,12/28/2015 9:17:36 AM,STEVE,N,10164
OLDDOM,AP,OLD DOMINION FREIGHT LINE,P.O. BOX 198475,,ATLANTA,GA,30384,904-388-6567,,,HEATHER,HEATHER.JONES@ODFL.COM,HEATHER,HEATHER.JONES@ODFL.COM,,,,,OLD DOMINION FREIGHT LINE,P.O. BOX 198475,,ATLANTA,GA,30384,0,,,6570,,0,0,0,N10,Best Way,N,P,OI,N,,,,0,0,Call,,,,0,0,0,0,0,0,0,0,Cur,N,0,10,,,,10/14/2013,11/3/2013,8/14/2009 1:37:07 PM,CMS,3/1/2013 1:57:40 PM,JACKIE,N,10165
OMETEC,PO,OMEGA RECYCLING TECHNOL.,5742 FERRIER STREET,,"MONTREAL,QUEBEC",CAN,H4P 1M7,800/361-1194,514-731-1684,,DAVID,,ELIZABETH,,,,,,OMEGA RECYCLING TECHNOL.,5742 FERRIER STREET,,"MONTREAL,QUEBEC",CAN,H4P 1M7,0,,,1200,,0,0,0,N20,Best Way,N,P,OI,N,,,,0,0,Call,,,,0,0,0,0,0,0,0,0,Cur,N,0,0,,5/8/2002,,,7/30/2008,8/14/2009 1:37:08 PM,CMS,,,N,10166
OREILY,PO,OREILLY AUTO PARTS,4124 EMERSON ST,,JACKSONVILLE,FL,,904/399-4459,,,,,,,,,,,OREILLY AUTO PARTS,4124 EMERSON ST,,JACKSONVILLE,FL,,0,,,1200,,0,0,0,CC,Best Way,N,P,OI,N,,,,2,120,Call,,,,0,0,0,0,0,0,0,0,Cur,N,0,0,8/24/2010,1/19/2016,209391,10/22/2010,10/22/2010,8/14/2009 1:37:08 PM,CMS,9/18/2009 9:54:42 AM,JOHN,N,10167
OREINT,PO,OREN INTERNATIONAL,1995 HOLLYWOOD AVENUE,,PENSACOLA,FL,32505,850-433-9080,866-435-9127,,ALAN,,ALAN,,,,,,OREN INTERNATIONAL,1995 HOLLYWOOD AVENUE,,PENSACOLA,FL,32505,0,,,1200,,0,0,0,N20,Best Way,N,P,OI,N,,,,0,0,Call,,,,0,0,0,0,0,0,0,0,Cur,N,0,0,,4/16/2009,,,6/10/2009,8/14/2009 1:37:08 PM,CMS,5/3/2010 2:12:40 PM,JACKIE,N,10168
P&HHYD,PO,P & H HYDRAULICS,6530 TRIXY STREET,,JACKSONVILLE,FL,32219,904/781-3558,,,LIZ,,LIZ,,,,,,P & H HYDRAULICS,6530 TRIXY STREET,,JACKSONVILLE,FL,32219,0,,,1200,,0,0,0,N30,Best Way,N,P,OI,N,,,,10,120,Call,,,,0,0,0,0,0,0,0,0,Cur,N,0,32,,1/22/2008,,5/18/2017,6/7/2017,8/14/2009 1:37:08 PM,CMS,9/20/2012 8:28:22 AM,JOHN,N,10169
PACHAN,PO,"PACIFIC HANDY CUTTER, INC",P.O. BOX 60380,,LOS ANGELES,CA,90060,1-800-229-2233,1-714-662-7595,,,,,,,,,,"PACIFIC HANDY CUTTER, INC",P.O. BOX 60380,,LOS ANGELES,CA,90060,0,,,1200,,750,0,0,N30,BEST WAY,N,P,OI,N,ACCOUNT #5879,,,7,30,Call,,,,-42.73,-42.73,0,0,0,0,0,0,Cur,N,0,22,11/20/2009,11/11/2019,212561,4/27/2022,4/27/2022,8/14/2009 1:37:08 PM,CMS,7/21/2014 3:12:00 PM,NEAL,N,10170
PACSTR,PO,PAC STRAPPING PRODUCTS,307 NATIONAL ROAD,,EXTON,PA,19341,1-800-523-7752,1-610-363-7349,,,,AUDREY,ARR@STRAPSOLUTIONS.COM,,,,,PAC STRAPPING PRODUCTS,P.O. BOX 34174,,NEWARK,NJ,7189,0,,,1200,,0,0,0,N20,BEST WAY,N,P,OI,N,,,,10,0,Call,,,,0,0,0,0,0,0,0,0,Cur,N,0,25,10/6/2009,8/15/2012,204051,8/15/2012,9/4/2012,8/14/2009 1:37:08 PM,CMS,3/28/2018 1:23:15 PM,RANDY,N,10171
PARSTE,PO,PARLIMENT BUILDING PRODUC,9621 Florida Mining Blvd.,,JACKSONVILLE,FL,32257,904/387-8444,904-387-8465,,SCOTT,,SCOTT,,,,,,PARLIMENT BUILDING PRODUC,9621 Florida Mining Blvd.,,JACKSONVILLE,FL,32257,0,,,1200,,0,0,0,CC,Best Way,N,P,OI,N,,,,0,0,Call,,,,0,0,0,0,0,0,0,0,Cur,N,0,7,11/3/2009,4/15/2026,216075,7/31/2025,2/4/2026,8/14/2009 1:37:09 PM,CMS,12/27/2017 8:50:26 AM,PETE,N,10172
PASHAR,PO,PASCO HARDWARE,P.O. BOX 164,,CALLAHAN,FL,32011,904/354-3622,904-355-1746,,,,,,,,,,PASCO HARDWARE,P.O. BOX 164,,CALLAHAN,FL,32011,0,,,1200,,0,0,0,N30,BEST WAY,N,P,OI,N,,,,3,0,Call,,,,0,0,0,0,0,0,0,0,Cur,N,0,89,9/17/2009,11/11/2011,202977,11/11/2011,12/21/2011,8/14/2009 1:37:09 PM,CMS,12/2/2011 12:43:32 PM,JACKIE,N,10173
PATSCA,PO,PATTERSON SCALE,,2201-100 EDISON AVE.,JACKSONVILLE,FL,32204,904/355-5822,904-358-8846,,LISA,,LISA,,,,,,PATTERSON SCALE,,2201-100 EDISON AVE.,JACKSONVILLE,FL,32204,0,,,1200,,0,0,0,N30,PICKUP,N,P,OI,N,,,,2,0,Call,,,,0,0,0,0,0,0,0,0,Cur,N,0,0,,5/14/2008,,,6/10/2008,8/14/2009 1:37:09 PM,CMS,8/26/2010 1:26:38 PM,JOHN,N,10174
PLACOM,PO,PLATINUM COMPUTER GROUP,5004 FREMONT STREET,,JACKSONVILLE,,32210,904/388-8068,904-388-0935,,SHAWN,,SHAWN,,,,,,PLATINUM COMPUTER GROUP,5004 FREMONT STREET,,JACKSONVILLE,,32210,0,,,1200,,0,0,0,N20,Best Way,N,P,OI,N,,,,0,0,Call,,,,0,0,0,0,0,0,0,0,Cur,N,0,45,,7/6/2009,,9/11/2009,10/26/2009,8/14/2009 1:37:09 PM,CMS,11/8/2010 10:03:42 AM,JACKIE,N,10175
POWPUM,PO,POWER & PUMPS,P.O. BOX 40129,,JACKSONVILLE,FL,32203,904/356-5881,904-356-8717,,CURTIS,,CURTIS,,,,,,POWER & PUMPS,P.O. BOX 40129,803 NORTH MYRTLE AVE.,JACKSONVILLE,FL,32203,0,,,1200,,0,0,0,N30,Best Way,N,P,OI,N,,,,0,0,Call,,,,0,0,0,0,0,0,0,0,Cur,N,0,0,,12/15/2008,,,2/20/2009,8/14/2009 1:37:09 PM,CMS,,,N,10176
PROTOO,PO,PRODUCTION TOOL SUPPLY,P.O. BOX 670587,,DETROIT,MI,48267,800/366-2600,,,,,,,,,,,PRODUCTION TOOL SUPPLY,21000 McARTHUR,,WARREN,MI,48089,0,,,1200,,25,0,0,N30,Best Way,N,P,OI,N,,,815383,10,120,Call,,,,0,0,0,0,0,0,0,0,Cur,N,0,30,12/14/2010,12/6/2012,204508,12/6/2012,1/3/2013,8/14/2009 1:37:09 PM,CMS,12/14/2010 1:29:54 PM,JOHN,N,10177
QUASTO,PO,QUANTUM STORAGE SYSTEMS,4820 N.W.128TH STREET,,OPA LOCKA,FL,33054,800-685-4665,305-688-2790,,CHAD,,CHAD,,,,,,QUANTUM STORAGE SYSTEMS,4820 N.W.128TH STREET,,OPA LOCKA,FL,33054,0,,,1200,,0,0,0,N30,Best Way,N,P,OI,N,,,,0,0,Call,,,,0,0,0,0,0,0,0,0,Cur,N,0,0,,4/10/2006,,,6/22/2006,8/14/2009 1:37:09 PM,CMS,,,N,10178
R&LCAR,AP,"R&L CARRIERS, INC.",P.O. BOX 713153,,COLUMBUS,OH,43271,904/783-9470,,,LORI,,LORI(CELL,,,,,,"R&L CARRIERS, INC.",P.O. BOX 713153,,COLUMBUS,OH,43271,0,,,1200,,0,0,0,N10,BEST WAY,N,P,OI,N,,,,0,0,Call,,,,0,0,0,0,0,0,0,0,Cur,N,0,0,,,,,1/22/2008,8/14/2009 1:37:10 PM,CMS,8/25/2009 4:23:34 PM,JACKIE,N,10179
RAYVAC,PO,iscSPECTRUM BRANDS,7040 COLLECTION CENTER DR,,CHICAGO,IL,60693,800/331-4522,800-356-4200,,MARK,,MARK,,,,,,SPECTRUM BRANDS,7040 COLLECTION CENTER DR,,CHICAGO,IL,60693,0,,,1200,,0,0,0,N30,Best Way,N,P,OI,N,,,,0,0,Call,,,,0,0,0,0,0,0,0,0,Cur,N,0,0,,10/10/2006,,,3/4/2008,8/14/2009 1:37:10 PM,CMS,10/24/2013 2:29:30 PM,JOHN,N,10180
RHOADS,PO,VISUSA,210 MEISTER AVE.,,SOMERVILLE,NJ,8876,1-908-575-0606,1-908-575-9611,,RENE',,RENE',,,,,,VISUSA,210 MEISTER AVE.,,BRANCHBURG,NJ,8876,0,,,1200,,100,0,0,N30,Best Way,N,P,OI,N,,,,10,90,Call,,,,0,0,0,0,0,0,0,0,Cur,N,0,35,12/1/2010,2/6/2012,203300,2/13/2012,3/21/2012,8/14/2009 1:37:10 PM,CMS,12/1/2010 12:04:37 PM,JOHN,N,10181
RITSAF,PO,RITZ SAFETY EQUIPMENT,,P.O. BOX 713139,CINCINNATI,OH,45271,904-733-6006,904-733-6640,,,,,,,,,,RITZ SAFETY EQUIPMENT,,4456 PHILIPS HIGHWAY,JACKSONVILLE,FL,32207,0,,,1200,,0,0,0,CC,THEIR TRUCK,N,P,OI,N,,,,5,5,Call,,,,0,0,0,0,0,0,0,29.95,Cur,N,0,17,9/16/2009,1/2/2026,215938,11/11/2025,11/14/2025,8/14/2009 1:37:10 PM,CMS,12/28/2015 10:47:25 AM,STEVE,N,10182
ROAEXP,AP,"ROADWAY EXPRESS, INC.",P.O. BOX 905587,,CHARLOTTE,NC,28290,904/786-7733,,,,,,,,,,,"ROADWAY EXPRESS, INC.",P.O. BOX 905587,,CHARLOTTE,NC,28290,0,,,1200,,0,0,0,N10,Best Way,N,P,OI,N,,,,0,0,Call,,,,0,0,0,0,0,0,0,0,Cur,N,0,0,,,,,10/6/2005,8/14/2009 1:37:10 PM,CMS,8/25/2009 4:23:57 PM,JACKIE,N,10183
ROBBOS,PO,ROBERT BOSCH TOOL CORP.,P.O. BOX 530193,,ATLANTA,GA,30353,800/242-7003,800-833-5460,,,,,,,,,,ROBERT BOSCH TOOL CORP.,P.O. BOX 530193,,ATLANTA,GA,30353,0,,,1200,,0,0,0,N30,BEST WAY,N,P,OI,N,,,,10,0,Call,,,,0,0,0,0,0,0,0,0,Cur,N,0,0,,10/15/2008,,,1/19/2009,8/14/2009 1:37:10 PM,CMS,,,N,10184
ROYFOA,PO,ROYAL FOAM,C/O GREEN WALL CONSTRUCTION LLC.,1333 HAINES STREET,JACKSONVILLE,FL,32206,904-345-5400,904-632-2353,,WILLIAM,,DENNIS,,,,,,GREEN WALL CONSTRUCTION LLC.,1333 HAINES STREET,,JACKSONVILLE,FL,32206,0,,,1200,,0,0,0,N10,Best Way,N,P,OI,N,,,,0,0,Call,,,,0,0,0,0,0,0,0,0,Cur,N,0,19,11/23/2009,11/22/2011,203017,11/22/2011,11/22/2011,8/14/2009 1:37:10 PM,CMS,2/17/2012 12:29:47 PM,JACKIE,N,10185
RUBMAI,PO,RUBBERMAID COMMERCIAL,PRODUCTS,P.O. BOX 92026,CHICAGO,IL,60675,800/233-0314,800-847-8551,,,,,,,,,,RUBBERMAID COMMERCIAL,P.O. BOX 92026,,CHICAGO,IL,60675,0,,,1200,,0,0,0,N20,Best Way,N,P,OI,N,,,,0,0,Call,,,,0,0,0,0,0,0,0,0,Cur,N,0,0,,9/8/2008,,,10/13/2008,8/14/2009 1:37:11 PM,CMS,4/17/2012 11:53:57 AM,JACKIE,N,10186
SAAFEL,PO,SAALFELD REDISTRIBUTION,P.O. BOX 677319,,DALLAS,TX,75267,1-877-482-5607,1-877-482-5606,https://www.saalfeldonline.com/,JULIE,Julie.Farrar@ipaper.com,,,,,,,SAALFELD REDISTRIBUTION,P.O. BOX 677319,,DALLAS,TX,75267,0,,,1200,,0,0,0,CC,Best Way,N,P,OI,N,CUST #4000884,,,5,7,Call,,,,0,0,0,0,0,0,0,0,Cur,N,0,10,10/1/2009,2/2/2016,209448,2/5/2016,3/4/2016,8/14/2009 1:37:11 PM,CMS,12/28/2015 9:07:34 AM,STEVE,N,10187
SAMGAR,PO,"S. GARTNER AND CO., INC.",P.O. BOX 2204,,JACKSONVILLE,FL,32203,904/354-7364,904-354-7365,,BRIAN,,BRIAN,,,,,,"S. GARTNER AND CO., INC.",P.O. BOX 2204,,JACKSONVILLE,FL,32203,0,,,1200,,0,0,0,N30,WILL CALL,N,P,OI,N,,,,10,0,Call,,,,0,0,0,0,0,0,0,0,Cur,N,0,0,,10/4/2006,,,11/28/2006,8/14/2009 1:37:11 PM,CMS,,,N,10188
SCHCAS,PO,SCHUMANN CASTERS AND,EQUIPMENT,P.O. BOX 2115,JACKSONVILLE,FL,32203,904/356-2849,,,,,,,,,,,SCHUMANN CASTERS AND,EQUIPMENT,P.O. BOX 2115,JACKSONVILLE,FL,32203,0,,,1200,,0,0,0,N30,PICKUP,N,P,OI,N,,,,4,0,Call,,,,0,0,0,0,0,0,0,0,Cur,N,0,30,1/25/2011,1/25/2011,201814,10/10/2011,11/7/2011,8/14/2009 1:37:11 PM,CMS,3/2/2015 4:21:51 PM,JACKIE,N,10189
SEAAIR,PO,SEALED AIR CORPORATION,P.O. BOX 277835,,ATLANTA,GA,30384,877-722-4774,864-371-6629,,JENNIFER,,STEVE,Steve.Kinsloe@sealedair.com,,,,,SEALED AIR CORPORATION,P.O. BOX 277835,,ATLANTA,GA,30384,0,,,1200,,0,0,0,N20,Best Way,N,P,OI,N,,,,0,0,Call,,,,0,0,0,0,0,0,0,0,Cur,N,0,26,1/12/2010,9/22/2010,201346,9/22/2010,10/14/2010,8/14/2009 1:37:11 PM,CMS,4/11/2012 11:38:11 AM,JACKIE,N,10190
SEEALL,PO,SEE ALL MFG. CO.,3623 SO.LAFLIN PLACE,,CHICAGO,IL,60609,800/873-1313,773-927-7742,,,,,,,,,,SEE ALL MFG. CO.,3623 SO.LAFLIN PLACE,,CHICAGO,IL,60609,0,,,1200,,0,0,0,N10,Best Way,N,P,OI,N,,,,7,14,Call,,,,0,0,0,0,0,0,0,0,Cur,N,0,0,,8/3/2009,,,5/26/2009,8/14/2009 1:37:11 PM,CMS,1/28/2011 11:34:48 AM,JOHN,N,10191
SEVCAL,PO,SEV CAL TOOL CO.,3231 SOUTH HALLADAY,,SANTA ANA,CA,92705,1-800-882-8822,1-714-540-4714,customerservice@sevcal.com,CUSTOMER,customerservice@sevcal.com,CUSTOMER,customerservice@sevcal.com,,,,,SEV CAL TOOL CO.,3231 SOUTH HALLADAY,,SANTA ANA,CA,92705,0,,,1200,,25,0,0,N30,Best Way,N,P,OI,N,,,,5,14,EMail,,,,0,0,0,0,0,0,0,0,Cur,N,0,29,9/25/2009,8/13/2014,207403,2/17/2014,3/15/2014,8/14/2009 1:37:11 PM,CMS,11/18/2013 1:33:29 PM,JOHN,N,10192
SHOAID,PO,SHOP-AID INC,C/O EAST CAMBRIDGE SAVING,292 CAMBRIDGE STR BOX 001,CAMBRIDGE,MA,2141,800/305-3002,781-932-3931,,,,,,,,,,SHOP-AID INC,50 HOLTON STREET,,WOBURN,MA,1801,0,,,1200,,50,0,0,N30,Best Way,N,P,OI,N,,,FLO01,5,21,Call,,,,0,0,0,0,0,0,0,0,Cur,N,0,39,2/24/2012,3/25/2013,204918,3/25/2013,4/30/2013,8/14/2009 1:37:11 PM,CMS,4/9/2012 11:21:08 AM,JACKIE,N,10193
SHUTAP,PO,"SHURTAPE TECHNOLOGIES,INC",P.O. BOX 100322,,ATLANTA,GA,30384,800/700-0201,800-335-7651,,JIM,,DODI,,,,,,"SHURTAPE TECHNOLOGIES,INC",P.O. BOX 65261,,CHARLOTTE,N.C,28265,0,,,1200,,0,0,0,N20,BEST WAY,N,P,OI,N,,,,10,0,Call,,,,0,0,0,0,0,0,0,0,Cur,N,0,0,,8/17/2006,,,10/6/2006,8/14/2009 1:37:12 PM,CMS,9/24/2009 11:58:18 AM,JACKIE,N,10194
SOUBRU,PO,CARLISLE FOODSERVICE,PRODUCTS,22926 NETWORK PLACE,CHICAGO,IL,60673,1-800-241-0005,1-405-475-5618,,,,,,,,,,CARLISLE FOODSERVICE,,1120 OAKLEIGH DRIVE,EAST POINT,GA,30344,0,,,1200,,0,0,0,CC,UPS,N,P,OI,N,ACCOUNT #80588530,,80588530,5,30,EMail,,,,0,0,0,0,0,0,0,0,Cur,N,0,8,9/30/2009,5/5/2016,209681,5/19/2016,5/19/2016,8/14/2009 1:37:12 PM,CMS,2/3/2016 10:41:43 AM,RANDY,N,10195
SPEIND,PO,SPENCE INDUSTRIAL SUPPLY,2019 WEST BEAVER STREET,,JACKSONVILLE,FL,32209,904/354-8020,904-354-8019,,,,,,,,,,SPENCE INDUSTRIAL SUPPLY,2019 WEST BEAVER STREET,,JACKSONVILLE,FL,32209,0,,,1200,,0,0,0,N30,WILL CALL,N,P,OI,N,,,,0,0,Call,,,,0,0,0,0,0,0,0,0,Cur,N,0,0,,8/23/2005,,,10/25/2005,8/14/2009 1:37:12 PM,CMS,,,N,10196
SPITEC,PO,SPILLTECH MANUFACTURING,BROOKLEY IND. COMPLEX,"1627 O""DONOGHUE ST.",MOBILE,AL,36615,251-694-0102,1-800-872-3764,,,,MARCI,,,,,,SPILLTECH MANUFACTURING,5440 McGINNIS VILLAGE PL,SUITE 102,ALPHARETTA,GA,30005,0,,,1200,,50,0,0,N30,Best Way,N,P,OI,N,,,101396,5,14,Call,,,,0,0,0,0,0,0,0,0,Cur,N,0,29,10/5/2009,9/15/2015,208981,9/16/2015,10/9/2015,8/14/2009 1:37:12 PM,CMS,12/28/2015 9:03:52 AM,STEVE,N,10197
STANPA,AP,ACTIVANT,P.O. BOX 671069,,DALLAS,TX,75267,800/487-7721,860-668-3001,,,,,,,,,,ACTIVANT,SUITE 301,SUFFIELD VILLAGE,SUFFIELD,CT,6078,0,,,1200,,0,0,0,N20,Best Way,N,P,OI,N,,,,0,0,Call,,,,0,0,0,0,0,0,0,0,Cur,N,0,30,,,,,9/24/2009,8/14/2009 1:37:12 PM,CMS,8/25/2009 3:50:18 PM,JACKIE,N,10198
STOROP,PO,"STOROPACK, INC.",,"DEPT C, LOCATION 00207",CINCINNATI,OH,45264,1-800-827-7225,1-888-874-3181,WWW.STOROPACK.COM,kay,kay.carrier@storopack.com,kay,kay.carrier@storopack.com,,,,,"STOROPACK, INC.",,"DEPT C, LOCATION 00207",CINCINNATI,OH,45264,0,,,1200,,3500,0,0,N30,BEST WAY,N,P,OI,N,,,,3,7,EMail,,,-2544.64,3136.92,2344.03,0,0,0,0,792.89,0,Del,Y,792.89,9,9/16/2009,3/25/2026,216060,4/7/2026,3/26/2026,8/14/2009 1:37:12 PM,CMS,7/14/2025 1:56:28 PM,JEFF,N,10199
STRASS,PO,STRETCH ASSOCIATES,P.O. BOX 4085,,ANDERSON,SC,29622,864/231-7348,864-226-3907,,JERRY,,JERRY,,,,,,STRETCH ASSOCIATES,P.O. BOX 4085,,ANDERSON,SC,29622,0,,,1200,,0,0,0,N30,Best Way,N,P,OI,N,,,,0,0,Call,,,,0,0,0,0,0,0,0,0,Cur,N,0,0,,,,,1/22/2002,8/14/2009 1:37:13 PM,CMS,,,N,10200
STRPRO,PO,STRAPPING PRODUCTS,6593 Powers Ave.,,JACKSONVILLE,FL,32217,904-783-2560,904-783-3931,,BILL/MIKE,,BILL/MIKE,,,,,,STRAPPING PRODUCTS,6593 Powers Ave.,,JACKSONVILLE,FL,32217,0,,,1200,,0,0,0,N30,Best Way,N,P,OI,N,,,,0,0,Call,,,,0,0,0,0,0,0,0,0,Cur,N,0,14,10/16/2009,2/27/2019,212136,3/6/2019,3/29/2019,8/14/2009 1:37:13 PM,CMS,3/12/2018 3:06:08 PM,PETE,N,10201
SUNBAT,AP,SUNN BATTERY,,1316 W. ADAMS STREET,JACKSONVILLE,FL,32204,904/354-4508,904-358-7753,,,,,,,,,,SUNN BATTERY,,1316 W. ADAMS STREET,JACKSONVILLE,FL,32204,0,,,1200,,0,0,0,CC,PICKUP,N,P,OI,N,,,,1,0,Call,,,,0,0,0,0,0,0,0,0,Cur,N,0,17,10/8/2009,12/20/2018,212025,12/20/2018,1/24/2019,8/14/2009 1:37:13 PM,CMS,5/25/2016 12:05:53 PM,PETE,N,10202
SYFUSA,PO,Intertape Polymer Group,P.O. BOX 896005,,CHARLOTTE,NC,28289,1-877-792-2547,1-888-430-5394,,RAMY,RAMYD@SYFANUSA.COM,CINDY,CPeaks@itape.com,,,,,SYFAN,1622 TWIN BRIDGES RD,P.O. BOX 203,EVERETTS,NC,27825,0,,,1200,,0,0,0,N20,BEST WAY,N,P,OI,N,,,,10,30,EMail,,,,0,0,0,0,0,0,0,0,Cur,N,0,34,9/29/2009,12/7/2023,214829,1/1/2024,8/12/2025,8/14/2009 1:37:13 PM,CMS,7/5/2022 8:02:50 AM,NATE,N,10203
T&TMAN,PO,"T&T MANUFACTURING, INC.",,P.O. BOX 37231,JACKSONVILLE,FL,32236,904/786-0027,904-786-0240,,KIM/KATHY,,KIM/KATHY,,,,,,"T&T MANUFACTURING, INC.",,5901 WEST BEAVER STREET,JACKSONVILLE,FL,32254,0,,,1200,,0,0,0,N30,PICKUP,N,P,OI,N,,,,14,30,Call,,,,0,0,0,0,0,0,0,0,Cur,N,0,22,9/14/2009,11/5/2014,207748,11/6/2014,11/21/2014,8/14/2009 1:37:13 PM,CMS,9/18/2009 10:45:50 AM,JACKIE,N,10204
TADMET,PO,TAD METALS INC.SOUTHEAST,P.O. BOX 530684,,ATLANTA,GA,30353,904/632-1221,904-632-2138,,JULIE,,JULIE,,,,,,TAD METALS INC.SOUTHEAST,P.O.BOX 12248,4130 N.CANAL STREET,JACKSONVILLE,FL,32209,0,,,1200,,0,0,0,N30,Best Way,N,P,OI,N,,,,0,0,Call,,,,0,0,0,0,0,0,0,0,Cur,N,0,0,,11/4/2004,,,1/7/2005,8/14/2009 1:37:13 PM,CMS,,,N,10205
TAPPAK,PO,TAPE PACK INC.,371 GEES MILL BUSINESS,PKWY #900,CONYERS,GA,30013,800-879-8375,1-770-760-7276,,DIANA,,DIANA,,,,,,TAPE PACK INC.,371 GEES MILL BUSINESS,PKWY #900,CONYERS,GA,30013,0,,,1200,,0,0,0,N20,BEST WAY,N,P,OI,N,,,,0,0,Call,,,,0,0,0,0,0,0,0,0,Cur,N,0,33,9/23/2009,7/24/2015,208814,1/19/2010,2/12/2010,8/14/2009 1:37:13 PM,CMS,7/3/2013 8:59:09 AM,JOHN,N,10206
TASCO,PO,TEXAS AMERICAN SAFETY CO,4400 DANHILL DRIVE,,BROWNWOOD,TX,76801,1-800-646-5346,1-325-646-3790,,,,,,,,,,TEXAS AMERICAN SAFETY CO,4400 DANHILL DRIVE,,BROWNWOOD,TX,76801,0,,,1200,,0,0,0,CC,Best Way,N,P,OI,N,,,,0,0,Call,,,,0,0,0,0,0,0,0,0,Cur,N,0,0,10/27/2009,1/3/2013,204591,1/3/2013,1/4/2013,8/14/2009 1:37:14 PM,CMS,7/23/2012 9:25:41 AM,JACKIE,N,10207
TECEDG,PO,TECHNI EDGE MANUFACTURING,389 LIBERTY STREET,,LITTLE FERRY,NJ,7643,888/764-7487,800-641-0835,,KRISTA,,KRISTA,,,,,,TECHNI EDGE MANUFACTURING,389 LIBERTY STREET,,LITTLE FERRY,NJ,7643,0,,,1200,,50,0,0,N30,BEST WAY,N,P,OI,N,,,,5,30,Call,,,,0,0,0,0,0,0,0,0,Cur,N,0,0,,8/13/2007,,,9/27/2007,8/14/2009 1:37:14 PM,CMS,9/18/2009 9:28:05 AM,JOHN,N,10208
TESTAP,PO,TESA TAPE INC.,P.O. BOX 75331,,CHARLOTTE,NC,28275,800/426-2181,800-852-8831,,JAY,,JAY,,,,,,TESA TAPE INC.,P.O. BOX 75331,,CHARLOTTE,NC,28275,0,,,1200,,0,0,0,CC,BEST WAY,N,P,OI,N,,,,5,30,Call,,,,0,0,0,0,0,0,0,0,Cur,N,0,30,12/15/2009,3/4/2014,206670,3/6/2014,3/23/2014,8/14/2009 1:37:14 PM,CMS,1/3/2013 9:01:44 AM,JACKIE,N,10209
TEXPNE,PO,"TEXAS PNEUMATIC TOOLS,INC",1315 REDGATE AVENUE,,NORFOLK,VA,23507,800/626-1091,800-227-1355,,,,,,,,,,"TEXAS PNEUMATIC TOOLS,INC",1315 REDGATE AVENUE,,NORFOLK,VA,23507,0,,,1200,,0,0,0,N20,Best Way,N,P,OI,N,,,,5,60,Call,,,,0,0,0,0,0,0,0,0,Cur,N,0,0,,2/28/2008,,,3/4/2008,8/14/2009 1:37:14 PM,CMS,9/18/2009 9:28:44 AM,JOHN,N,10210
THOREP,AP,THOMPSON REPAIR,4857 DIGNAN STREET,,JACKSONVILLE,FL,32254,904/384-5175,904-384-4033,,,,PAUL,,,,,,THOMPSON REPAIR,4857 DIGNAN STREET,,JACKSONVILLE,FL,32254,0,,,1200,,0,0,0,N30,Best Way,N,P,OI,N,,,,0,0,Call,,,,0,0,0,0,0,0,0,0,Cur,N,0,0,,3/11/2005,,,4/19/2005,8/14/2009 1:37:14 PM,CMS,8/25/2009 4:25:25 PM,JACKIE,N,10211
TOPSAF,PO,TOP SAFETY PRODUCTS,160 MEISTER AVE.SUITE 16,,BRANCHBURG,NJ,8876,908/707-8680,908-707-8326,,,,,,,,,,TOP SAFETY PRODUCTS,160 MEISTER AVE.SUITE 16,,BRANCHBURG,NJ,8876,0,,,1200,,0,0,0,N30,Best Way,N,P,OI,N,,,,5,30,Call,,,,0,0,0,0,0,0,0,0,Cur,N,0,1,6/21/2010,12/6/2013,206257,12/9/2013,12/14/2013,8/14/2009 1:37:14 PM,CMS,7/20/2011 3:24:37 PM,JOHN,N,10212
TRIMAN,PO,TRICO MANUFACTURING,1235 HICKORY STREET,,PEWAUKEE,WI,53072,,,,,,,,,,,,TRICO MANUFACTURING,1235 HICKORY STREET,,PEAWAUKEE,WI,53072,0,,,1200,,0,0,0,N30,Best Way,N,P,OI,N,,,,5,30,Call,,,,0,0,0,0,0,0,0,0,Cur,N,0,0,,10/4/2006,,,11/28/2006,8/14/2009 1:37:14 PM,CMS,9/18/2009 9:29:45 AM,JOHN,N,10213
TYLTAP,PO,A&M TAPE & PACKAGING,P.O. BOX 451237,,SUNRISE,FL,33345,1-800-231-8806,1-954-572-8902,,BRENDA,,JANICE,janice@tylertapes.com,,,,,A&M TAPE & PACKAGING,5201 NOB HILL ROAD,,SUNRISE,FL,33351,0,,,1200,,0,0,0,N20,BEST WAY,N,P,OI,N,,,,10,0,Call,,,,0,0,0,0,0,0,0,0,Cur,N,0,14,8/30/2010,10/28/2016,210188,11/14/2016,11/23/2016,8/14/2009 1:37:15 PM,CMS,9/18/2013 2:33:07 PM,JOHN,N,10214
U.P.S.,AP,UNITED PARCEL SERVICE,,P.O. BOX 7247-0244,PHILADELPHIA,PA,19170,800-742-5877,,,,,,,,,,,UNITED PARCEL SERVICE,,P.O. BOX 7247-0244,PHILADELPHIA,PA,19170,0,,,6570,,0,0,0,N10,Best Way,N,P,OI,N,Acct #3889E2,,,0,0,Call,,,,0,0,0,0,0,0,0,0,Cur,N,0,1,,,,10/7/2019,10/11/2019,8/14/2009 1:37:15 PM,CMS,3/28/2013 2:28:05 PM,LILA,N,10215
ULINE,PO,ULINE,ATTN: ACCOUNTS RECEIVABLE,PO BOX  88741,CHICAGO,IL,60680-1741,800-295-5510,800-295-5571,,Customer,,Customer,,Customer,,,,ULINE,ATTN: ACCOUNTS RECEIVABLE,2200 S. LAKESIDE DR,WAUKEGAN,IL,60085,0,,,1200,,0,0,0,N20,Best Way,N,P,OI,N,ACCOUNT # 1162515,,,0,0,Call,,,353.87,0,0,0,0,0,0,0,0,Cur,N,0,18,12/4/2009,8/4/2021,213549,1/7/2026,3/18/2026,8/14/2009 1:37:15 PM,CMS,12/2/2013 2:16:51 PM,JOHN,N,10216
ULTRIB,AP,"ALLSTATE IMAGING, INC.",21621 NORDHOFF STREET,,CHATSWORTH,CA,91311,888/999-2007,,,PAUL,,ROBERT,,,,,,"ALLSTATE IMAGING, INC.",21621 NORDHOFF STREET,,CHATSWORTH,CA,91311,0,,,1200,,0,0,0,N10,BEST WAY,N,P,OI,N,,,,5,0,Call,,,,0,0,0,0,0,0,0,0,Cur,N,0,0,,,,,2/4/2009,8/14/2009 1:37:15 PM,CMS,8/25/2009 4:16:24 PM,JACKIE,N,10217
UNGER,PO,UNGER,P.O. BOX 15291,,NEWARK,NJ,7192,800/431-2324,800-367-1988,,FELICIA,,CHAD,,,,,,UNGER,425 ASYLUM STREET,,BRIDGEPORT,CT,6610,0,,,1200,,0,0,0,N10,Best Way,N,P,OI,N,,,,0,0,Call,,,,0,0,0,0,0,0,0,0,Cur,N,0,0,,3/12/2003,,,,8/14/2009 1:37:15 PM,CMS,5/1/2013 9:20:20 AM,JOHN,N,10218
UNIFAC,PO,UNITED STATIONERS,FINANCIAL SERVICES LLC,P.O. BOX 7780-1724,PHILADELPHIA,PA,19182,800/733-4000,800-733-4303,,,,,,,,,,UNITED STATIONERS,2200 EAST GULF ROAD,,DES PLAINES,IL,60016,0,,,1200,,0,0,0,N30,WILL CALL,N,P,OI,N,,,,2,0,Call,,,,0,0,0,0,0,0,0,0,Cur,N,0,25,4/2/2015,4/2/2015,208356,8/27/2015,9/11/2015,8/14/2009 1:37:15 PM,CMS,9/8/2015 2:54:16 PM,STEVE,N,10219
UNILAB,PO,UNITED LABEL,,12900 BEREA ROAD,CLEVELAND,OH,44111,800/726-5153,216-226-9007,,ABBY,,ABBY,,,,,,UNITED LABEL,,12900 BEREA ROAD,CLEVELAND,OH,44111,0,,,1200,,0,0,0,N30,UPS,N,P,OI,N,,,,5,0,Call,,,,0,0,0,0,0,0,0,0,Cur,N,0,27,11/10/2009,2/21/2014,206628,2/26/2014,3/23/2014,8/14/2009 1:37:16 PM,CMS,9/7/2011 10:30:43 AM,SUE,N,10220
UNISOU,PO,VERITIV OPERATING COMPANY,ATTN: ACCOUNTS RECEIVABLE,P.O. BOX 409884,ATLANTA,GA,30384,1-866-758-4257,630-875-7802 Tressa Direct,https://commerce.unisourcelink.com/login.html,ASHLEY,Ashley.Anderson@VERITIVCORP.COM,ROBIN,Robin.Horton@veritivcorp.com,ASHLEY,Ashley.Anderson@VERITIVCORP.COM,,,VERITIV OPERATING COMPANY,7735 WESTSIDE INDUSTRIAL DR,,JAX,FL,32219,0,,,1200,,1000,0,0,CC,THEIR TRUCK/PICKUP,N,P,OI,N,ACCT # 148570,,,3,7,EMail,,,,0,0,0,0,0,0,0,0,Cur,N,0,11,9/14/2009,7/6/2023,214635,9/12/2023,11/22/2023,8/14/2009 1:37:16 PM,CMS,9/26/2023 8:37:09 AM,NATE,N,10221
UNISTR,PO,UNIVERSAL STRAPPING CORP.,,630 CORPORATE WAY,VALLEY COTTAGE,NY,10989,800/872-1680,845-268-7999,,SAUL,,SAUL,,,,,,UNIVERSAL STRAPPING CORP.,,630 CORPORATE WAY,VALLEY COTTAGE,NY,10989,0,,,1200,,0,0,0,N30,BEST WAY,N,P,OI,N,,,,5,0,Call,,,,0,0,0,0,0,0,0,0,Cur,N,0,0,,4/5/2002,,,5/15/2002,8/14/2009 1:37:16 PM,CMS,,,N,10222
UNVSOU,PO,UNIVERSAL-SOUTHERN CORP.,P.O.BOX 10484,3755 GRANT ROAD,JACKSONVILLE,FL,32207,904/399-1244,904-396-6865,,MELODY,,MELODY,,,,,,UNIVERSAL-SOUTHERN CORP.,P.O.BOX 10484,3755 GRANT ROAD,JACKSONVILLE,FL,32207,0,,,1200,,0,0,0,N30,Best Way,N,P,OI,N,,,,2,14,Call,,,,0,0,0,0,0,0,0,0,Cur,N,0,21,10/7/2009,5/20/2014,207052-1,7/9/2014,7/21/2014,8/14/2009 1:37:16 PM,CMS,9/26/2012 8:21:43 AM,JACKIE,N,10223
VESMAN,PO,VESTIL MANUFACTURING CO.,P.O. BOX 507,,ANGOLA,IN,46703,800/348-0868,260-665-1339,,,,,,,,,,VESTIL MANUFACTURING CO.,P.O. BOX 507,,ANGOLA,IN,46703,0,,,1200,,0,0,0,N30,BEST WAY,N,P,OI,N,,,,5,0,Call,,,,0,0,0,0,0,0,0,0,Cur,N,0,39,1/8/2010,11/1/2012,204351,11/6/2012,12/13/2012,8/14/2009 1:37:16 PM,CMS,11/1/2012 4:10:53 PM,JACKIE,N,10224
VI-CAS,PO,VI-CAS MFG. COMPANY,8407 MONROE AVE.,,CINCINNATI,OH,45236,513-791-7741,,,,,,,,,,,VI-CAS MFG. COMPANY,8407 MONROE AVE.,,CINCINNATI,OH,45236,0,,,1200,,10,0,0,CC,Best Way,N,P,OI,N,,,,5,60,Call,,,,0,0,0,0,0,0,0,0,Cur,N,0,1,10/25/2010,8/15/2013,205604,8/21/2013,8/24/2013,8/14/2009 1:37:16 PM,CMS,8/15/2013 1:10:56 PM,JOHN,N,10225
VIRMAN,PO,VIRCO MANUFACTURING CORP.,,P.O. BOX 5000,CONWAY,ARK,72033,800-448-4726,800-396-8232,,SCOTT,,SCOTT,,,,,,VIRCO MANUFACTURING CORP.,,P.O. BOX 5000,CONWAY,ARK,72033,0,,,1200,,0,0,0,N30,BEST WAY,N,P,OI,N,,,,10,0,Call,,,,0,0,0,0,0,0,0,0,Cur,N,0,0,,9/17/2002,,,11/19/2002,8/14/2009 1:37:16 PM,CMS,8/30/2010 9:23:21 AM,JACKIE,N,10226
VIRT'S,PO,VIRGINIA T'S,7660 GAINESVILLE AVENUE,,JACKSONVILLE,FL,32208,800/289-8099,,,,,,,,,,,VIRGINIA T'S,7660 GAINESVILLE AVENUE,,JACKSONVILLE,FL,32208,0,,,1200,,0,0,0,COD,PICKUP,N,P,OI,N,,,,3,0,Call,,,,0,0,0,0,0,0,0,0,Cur,N,0,0,11/20/2009,11/20/2009,200252,11/20/2009,11/20/2009,8/14/2009 1:37:17 PM,CMS,8/25/2009 4:25:51 PM,JACKIE,N,10227
WACO,PO,WACO,,P.O. BOX 57171,PHILADELPHIA,PA,19111,904/731-8496,904-733-2293,,,,,,,,,,WACO,,11471 COLUMBIA PARK DR W,JACKSONVILLE,FL,32256,0,,,1200,,0,0,0,N30,WILL CALL,N,P,OI,N,,,,2,0,Call,,,,0,0,0,0,0,0,0,0,Cur,N,0,0,,10/27/2008,,,12/8/2008,8/14/2009 1:37:17 PM,CMS,2/8/2012 8:43:34 AM,JOHN,N,10228
WESPLA,PO,WESTERN PLASTICS,P.O. BOX 1636,,CALHOUN,GA,30703,800/752-4106,706-625-0003,,purchase,MKNAPP@wplastics.com,michelle,mknapp@wplastics.com,,,,,WESTERN PLASTICS,P.O. BOX 1636,,CALHOUN,GA,30703,0,,,1200,,0,0,0,CC,Best Way,N,P,OI,N,ACCT # 10473,,,0,0,EMail,,,6128.87,6128.87,0,0,6128.87,0,0,0,21565.5,Del,Y,6128.87,4,10/28/2010,3/27/2026,216064,3/2/2026,2/25/2026,8/14/2009 1:37:17 PM,CMS,11/17/2022 10:26:32 AM,JEFF,N,10229
WHIMAC,PO,WHITSIDE MACHINE COMPANY,,4506 SHOOK ROAD,CLAREMONT,NC,28610,800/225-3982,828-459-1252,,KATHY,,KATHY,,,,,,WHITSIDE MACHINE COMPANY,,4506 SHOOK ROAD,CLAREMONT,NC,28610,0,,,1200,,0,0,0,N30,BEST WAY,N,P,OI,N,,,,10,90,Call,,,,0,0,0,0,0,0,0,0,Cur,N,0,0,,8/13/2007,,,9/27/2007,8/14/2009 1:37:17 PM,CMS,9/18/2009 9:37:01 AM,JOHN,N,10230
WIDELL,PO,WIDELL INDUSTRIES INC.,6622 INDUSTRIAL AVE.,,PORT RICHEY,FL,34668,800/237-5963,800-848-6363,,,,,,,,,,WIDELL INDUSTRIES INC.,6622 INDUSTRIAL AVE.,,PORT RICHEY,FL,34668,0,,,1200,,0,0,0,N30,Best Way,N,P,OI,N,,,,5,120,Call,,,,0,0,0,0,0,0,0,0,Cur,N,0,0,,11/28/2005,,,12/1/2005,8/14/2009 1:37:17 PM,CMS,9/18/2009 9:37:26 AM,JOHN,N,10231
WILIND,PO,ENTERPRISE GROUP,,P.O. BOX 281580,ATLANTA,GA,30384,1-800-458-4640,1-800-768-1070,,AMANDA,,,,SANDY,,,,G&C CARTAGE INC.,6801 WEST 12TH STREET,PHONE #783-6029,JACKSONVILLE,FL,32254,0,,,1200,,0,0,20,N20,BEST WAY,N,P,OI,N,ACCT # 512527,,,3,0,Call,,,,0,0,0,0,0,0,0,0,Cur,N,0,17,5/14/2010,4/16/2015,208395,4/16/2015,5/8/2015,8/14/2009 1:37:17 PM,CMS,12/28/2015 3:09:14 PM,STEVE,N,10232
WLFULL,PO,W.L. FULLER CO. INC.,P.O. BOX 8767,,WARWICK,RI,2888,401/467-2900,401-467-2905,,,,,,,,,,W.L. FULLER CO. INC.,P.O. BOX 8767,,WARWICK,RI,2888,0,,,1200,,0,0,0,N30,BEST WAY,N,P,OI,N,,,,10,30,Call,,,,0,0,0,0,0,0,0,0,Cur,N,0,0,,8/13/2007,,,9/27/2007,8/14/2009 1:37:17 PM,CMS,9/18/2009 9:36:33 AM,JOHN,N,10233
WORDEN,PO,WORDEN SAFETY PRODUCTS,P.O.BOX 970,1548 BURDEN LAKE RD,AVERILL PARK,NY,12018,800/424-6257,800-9246257,,,,,,,,,,WORDEN SAFETY PRODUCTS,P.O.BOX 970,1548 BURDEN LAKE RD,AVERILL PARK,NY,12018,0,,,1200,,0,0,0,N30,Best Way,N,P,OI,N,,,,8,45,Call,,,,0,0,0,0,0,0,0,0,Cur,N,0,0,,5/28/2008,,3/16/2016,7/2/2008,8/14/2009 1:37:18 PM,CMS,9/18/2009 9:38:03 AM,JOHN,N,10234
WSI,PO,WSI INTELLIGENT SOLUTIONS,P.O. BOX 12287,,GREER,SC,29612,1-888-339-0217,1-864-281-0311,,BILLY,,CUSTOMER,,,,,,WSI INTELLIGENT SOLUTIONS,2720 EAST PHILLIPS ROAD,,GREER,SC,29650,0,,,1200,,0,0,0,CC,Best Way,N,P,OI,N,,,,0,0,Call,,,,0,0,0,0,0,0,0,0,Cur,N,0,23,10/6/2009,9/8/2014,207527,9/25/2014,7/23/2014,8/14/2009 1:37:18 PM,CMS,1/17/2014 1:37:01 PM,JOHN,N,10235
ADMAIR,PO,ADAMS AIR & HYDRAULICS,7209 EAST ADAMO DRIVE,,TAMPA,FL,33619,800-282-4165,813-626-7808,,,,,,,,,,ADAMS AIR & HYDRAULICS,7209 EAST ADAMO DRIVE,,TAMPA,FL,33619,0,,,1200,,15,0,0,N30,Best Way,N,P,OI,N,,,3650950,10,30,Call,,,,0,0,0,0,0,0,0,0,Cur,N,0,28,10/5/2009,3/4/2010,200584,3/4/2010,4/1/2010,9/2/2009 4:18:10 PM,JACKIE,9/25/2012 10:10:12 AM,JOHN,N,10237
HESCO,PO,HESCO,6633 NORTH MILWAUKEE AVENUE,,NILES,IL,60714,1-800-822-7467,1-847-647-0534,WWW.HESCOINC.COM,,,,,,,,,HESCO,6633 NORTH MILWAUKEE AVENUE,,NILES,IL,60714,0,,,1200,,0,0,0,CC,Best Way,N,P,OI,N,,,,0,0,Call,,,,0,0,0,0,0,0,0,0,Cur,N,0,3,10/13/2009,8/6/2013,205567,8/1/2013,8/1/2013,10/13/2009 11:26:59 AM,JACKIE,4/22/2010 3:37:46 PM,JACKIE,N,10238
ZIMPAC,PO,ZIMMERMAN PACKING & MFG. INC,2768 HIGHLAND AVE.,,CINCINNATI,OH,45212,1800-256-1567,1-513-731-9200,,,,,,,,,,ZIMMERMAN PACKING & MFG. INC,2768 HIGHLAND AVE.,,CINCINNATI,OH,45212,0,,,1200,,0,0,0,N30,Best Way,N,P,OI,N,,,FLO545,5,30,Call,,,,0,0,0,0,0,0,0,0,Cur,N,0,34,12/17/2009,5/15/2013,205174,5/16/2013,6/22/2013,10/22/2009 9:13:33 AM,JOHN,7/1/2015 11:12:24 AM,NEAL,N,10241
GORPAP,PO,GORDON PAPER COMPANY,P.O. BOX 102056,,ATLANTA,GA,30368-2056,1-800-457-7366,1-757-363-9355,www.gordonpaper.com,PAT,pgreen@gordonpaper.com,CUSTOMER,orders@gordonpaper.com,PAT,pgreen@gordonpaper.com,,,GORDON PAPER COMPANY,5713 WARD AVENUE,,VIRGINIA BEACH,VA,23455,11000,,,1200,,0,0,0,N30,Best Way,N,P,OI,N,ACCT #2231,PAT  X613,,15,30,EMail,,,,0,0,0,0,0,0,0,0,Cur,N,0,5,11/3/2009,6/21/2024,215136,7/20/2024,10/9/2024,10/26/2009 2:32:20 PM,JACKIE,6/21/2024 2:13:36 PM,JEFF,N,10242
LOWES100,PO,LOWE'S HOME CENTER,5155 LENOX AVNUE,,JACKSONVILLE,FL,32205,904-486-1260,,,,,,,,,,,LOWE'S HOME CENTER,5155 LENOX AVNUE,,JACKSONVILLE,FL,32205,0,,,1200,,0,0,0,CC,Best Way,N,P,OI,N,,,,5,30,Call,,,,0,0,0,0,0,0,0,0,Cur,N,0,0,10/28/2009,11/20/2014,207808,6/16/2014,7/20/2014,10/28/2009 12:56:21 PM,JACKIE,2/6/2014 2:25:25 PM,JOHN,N,10243
PASCH100,PO,PASCHAL BROTHERS HARDWARE CO.,1118 NORTH MYRTLE AVENUE,,JACKSONVILLE,FL,32204-1099,904-354-3566,904-355-1245,,COREY,,COREY,,,,,,PASCHAL BROTHERS HARDWARE CO.,1118 NORTH MYRTLE AVENUE,,JACKSONVILLE,FL,32204-1099,0,,,1200,,0,0,0,CC,Best Way,N,P,OI,N,,,,0,0,Call,,,,0,0,0,0,0,0,0,0,Cur,N,0,3,10/30/2009,12/7/2022,214324,1/4/2023,1/17/2023,10/30/2009 1:41:49 PM,JACKIE,1/22/2019 1:59:47 PM,NEAL,N,10244
NORVAC,PO,NORMANS VACUUM,866 CASSAT AVENUE,,JACKSONVILLE,FL,32205,904-786-9404,904-781-6155,,,,,,,,,,NORMANS VACUUM,866 CASSAT AVENUE,,JACKSONVILLE,FL,32205,0,,,1200,,0,0,0,CC,Best Way,N,P,OI,N,,,,0,0,Call,,,,0,0,0,0,0,0,0,0,Cur,N,0,0,11/9/2009,9/28/2016,210113,10/24/2016,11/4/2016,11/9/2009 8:38:03 AM,JACKIE,4/6/2016 1:26:57 PM,PETE,N,10245
BARRON,PO,"BARRON'S WHOLESALE TIRE,INC",1302 EASTPORT ROAD,,JACKSONVILLE,FL,32218,904-751-2449,,,,,,,,,,,"BARRON'S WHOLESALE TIRE,INC",1302 EASTPORT ROAD,,JACKSONVILLE,FL,32218,0,,,1200,,0,0,0,COD,Best Way,N,P,OI,N,,,6470,0,0,Call,,,,0,0,0,0,0,0,0,0,Cur,N,0,0,11/20/2009,1/9/2013,204614-1,1/14/2013,1/15/2013,11/9/2009 9:26:53 AM,JOHN,9/25/2012 10:16:14 AM,JOHN,N,10246
STEPONE,AP,"COMMERCIAL MICRO-SYSTEMS, INC.",D/B/A STEP1 BUSINESS PRODUCTS,3547 OLD CONEJO ROAD STE 104,NEWBURY PARK,CA,91320-2160,1-800-553-2602,1-805-499-7783,,"TIM,BOB",,"TIM,BOB",,,,,,"COMMERCIAL MICRO-SYSTEMS, INC.",D/B/A STEP1 BUSINESS PRODUCTS,3547 OLD CONEJO ROAD STE 104,NEWBURY PARK,CA,91320-2160,0,,,6520,,0,0,0,CC,Best Way,N,P,OI,N,,,,0,0,Call,,,,0,0,0,0,0,0,0,0,Cur,N,0,22,,,,4/5/2016,4/7/2016,11/9/2009 12:48:13 PM,JACKIE,1/17/2011 10:06:48 AM,JACKIE,N,10249
MISCE100,PO,MISCELLANEOUS VENDOR,,,,,,,,,,,,,,,,,MISCELLANEOUS VENDOR,,,,,,0,,,6380,,0,0,0,COD,Best Way,N,P,EX,N,,,,0,0,Call,,,,0,0,0,0,0,0,0,0,Cur,N,0,0,8/18/2011,8/20/2013,205624,8/9/2019,12/22/2017,11/17/2009 9:06:34 AM,JACKIE,8/25/2011 1:51:37 PM,JACKIE,N,10250
SAMCLU,PO,SAM'S CLUB,,,JACKSONVILLE,FL,,904-696-8842,,,,,,,,,,,SAM'S CLUB,,,JACKSONVILLE,FL,,0,,,1200,,0,0,0,CC,Best Way,N,P,OI,N,,,,0,0,Call,,,,0,0,0,0,0,0,0,0,Cur,N,0,18,11/24/2009,5/15/2014,207020,5/18/2021,5/21/2021,11/24/2009 1:46:22 PM,JACKIE,8/16/2011 12:21:57 PM,JACKIE,N,10251
ASHFO100,PO,ASHFORD SERVICES,2180 EMERSON STREET,,JACKSONVILLE,FL,32207,904-396-7090,904-396-7091,,ANNETTE,,ANNETTE,,,,,,ASHFORD SERVICES,2180 EMERSON STREET,,JACKSONVILLE,FL,32207,0,,,1200,,0,0,0,COD,Best Way,N,P,OI,N,,,,0,0,Call,,,,0,0,0,0,0,0,0,0,Cur,N,0,1,12/2/2009,1/5/2011,201731,1/5/2011,1/14/2011,12/2/2009 12:01:27 PM,JACKIE,,,N,10252
MIDST100,PO,MID-STATES EUIPMENT,25 MOONGLOW DRIVE,,BELLEVILLE,IL,622221,1-800-707-6727,1-618-257-0832,www.midstatesequipment.com,LESLIE,midstatesequip@sbcglobal.net,LESLIE,midstatesequip@sbcglobal.net,,,,,MID-STATES EUIPMENT,25 MOONGLOW DRIVE,,BELLEVILLE,IL,622221,0,,,1200,,0,0,0,CC,Best Way,N,P,OI,N,,,,0,0,Call,,,,0,0,0,0,0,0,0,0,Cur,N,0,7,12/9/2009,12/9/2009,200323,12/9/2009,12/16/2009,12/9/2009 3:37:49 PM,JACKIE,5/4/2011 1:29:15 PM,JOHN,N,10253
ROBER100,PO,ROBERTS WHOLESALE PARTS,7010 PRITCHARD ROAD,,JACKSONVILLE,FL,32219,904-786-8211,904-781-9088,,BARBARA,,BARBARA,,,,,,ROBERTS WHOLESALE PARTS,7010 PRITCHARD ROAD,,JACKSONVILLE,FL,32219,0,,,1200,,0,0,0,N30,Best Way,N,P,OI,N,,,,0,0,Call,,,,0,0,0,0,0,0,0,0,Cur,N,0,25,12/15/2009,2/26/2016,209518,3/16/2016,4/8/2016,12/10/2009 1:21:23 PM,JACKIE,12/28/2015 9:08:24 AM,STEVE,N,10254
SOUDIS,PO,SOUTHEAST DISTRIBUTORS INC,7084 DAVIS CREEK ROAD,,JACKSONVILLE,FL,32256,904-288-8888,904-394-0220,,,,,,,,,,SOUTHEAST DISTRIBUTORS INC,7084 DAVIS CREEK ROAD,,JACKSONVILLE,FL,32256,0,,,1200,,0,0,0,CC,Best Way,N,P,OI,N,,,,0,0,Call,,,,0,0,0,0,0,0,0,0,Cur,N,0,1,12/15/2009,12/15/2009,200343,12/15/2009,12/16/2009,12/15/2009 10:02:52 AM,JACKIE,7/3/2013 8:51:43 AM,JOHN,N,10255
1BARBA,AP,"BANK OF AMERICA, N.A.",P.O. BOX 660807,,DALLAS,TX,75266-0807,,,,,,,,,,,,"BANK OF AMERICA, N.A.",P.O. BOX 660807,,DALLAS,TX,75266-0807,0,,,2520,,0,0,0,COD,Best Way,N,P,OI,N,,,,0,0,Call,,,,0,0,0,0,0,0,0,0,Cur,N,0,0,,,,4/3/2020,4/17/2020,1/18/2010 10:44:44 AM,JACKIE,10/19/2015 8:26:41 AM,STEVE,N,10257
SPECI100,PO,SPECIAL MADE GOODS AND SERVICES,141 MARCEL DRIVE,,WINCHESTER,VA,22602,1-800-336-7795,1-800-336-6677,,,,,,,,,,SPECIAL MADE GOODS AND SERVICES,141 MARCEL DRIVE,,WINCHESTER,VA,22602,0,,,1200,,0,0,0,CC,Best Way,N,P,OI,N,ACCT # FLOSAL,,,0,0,Call,,,,0,0,0,0,0,0,0,0,Cur,N,0,3,1/25/2010,4/29/2011,202175,5/2/2011,5/2/2011,1/25/2010 12:22:29 PM,JACKIE,4/29/2011 3:36:14 PM,JACKIE,N,10258
COPYF100,AP,COPY FAX,6631 N. EXECUTIVE PARK COURT #210,,JACKSONVILLE,FL,32216,904-296-1600,904-296-7111,,,,,,,,,,COPY FAX,6631 N. EXECUTIVE PARK COURT #210,,JACKSONVILLE,FL,32216,0,,,6450,,0,0,0,CC,Best Way,N,P,OI,N,,,,0,0,Call,,,,0,0,0,0,0,0,0,0,Cur,N,0,17,,,,10/23/2012,10/31/2012,1/27/2010 3:04:21 PM,JACKIE,1/27/2010 3:05:23 PM,JACKIE,N,10259
GATEF100,AP,GATE FLEET SERVICES,P.O. BOX 40505,,JACKSONVILLE,FL,32203-0505,1-888-236-2363,,,,,,,,,,,GATE FLEET SERVICES,P.O. BOX 40505,,JACKSONVILLE,FL,32203,0,,,6560,,0,0,0,COD,Best Way,N,P,OI,N,,,,0,0,Call,,,,0,0,0,0,0,0,0,0,Cur,N,0,1,,,,3/31/2024,6/17/2024,2/4/2010 1:48:26 PM,JACKIE,2/8/2016 2:29:53 PM,STEVE,N,10261
GROVE100,PO,GROVES INDUSTRIAL SUPPLY,7301 PINEMONT DRIVE,,HOUSTON,TX,77040,713-675-4747,713-675-6924,www.grovesindustrial.com,,,,,,,,,GROVES INDUSTRIAL SUPPLY,7301 PINEMONT DRIVE,,HOUSTON,TX,77040,0,,,1200,,0,0,0,CC,Best Way,N,P,OI,N,,,,0,0,Call,,,,0,0,0,0,0,0,0,0,Cur,N,0,13,2/8/2010,2/8/2010,200500,2/2/2010,2/15/2010,2/8/2010 9:36:15 AM,JACKIE,7/7/2011 3:20:42 PM,JACKIE,N,10262
PLATI100,AP,PLATINUM INDUSTRIAL INC.,5004 FREMONT STREET,,JACKSONVILLE,FL,32210,904-388-8068,904-388-0935,,GAIL,,GAIL,,,,,,PLATINUM INDUSTRIAL INC.,5004 FREMONT STREET,,JACKSONVILLE,FL,32210,0,,,6200,,0,0,0,COD,Best Way,N,P,OI,N,,,,0,0,Call,,,,0,0,0,0,0,0,0,0,Cur,N,0,37,,,,12/30/2010,1/18/2011,2/12/2010 4:24:48 PM,JACKIE,10/22/2010 3:49:04 PM,JACKIE,N,10264
REILL100,PO,REILLY FOAM CORPORATION,P.O. BOX 137,,EAGLEVILLE,PA,19408,1-561-842-8090,1-561-845-3782,WWW.REILLYFOAM.COM,,,MATTHEW,MRYDER@REILLYFOAM.COM,,,,,REILLY FOAM CORPORATION,3896 WESTROADS DRIVE,,WEST PALM BEACH,FL,33407,0,,,1200,,0,0,0,N30,Best Way,N,P,OI,N,,,,10,30,Call,,,,0,0,0,0,0,0,0,0,Cur,N,0,21,2/18/2010,6/29/2017,210828,7/6/2017,7/28/2017,2/17/2010 12:35:36 PM,JACKIE,12/28/2015 9:09:08 AM,STEVE,N,10265
PALME100,PO,PALMER FIXTURE COMPANY,P.O. BOX 10887,,GREEN BAY,WI,54307,1-800-558-8678,1-920-884-8699,WWW.PALMERFIXTURE.COM,,,,,,,,,PALMER FIXTURE COMPANY,P.O. BOX 10887,,GREEN BAY,WI,54307,500,,,1200,,0,0,0,N30,Best Way,N,P,OI,N,,,,0,0,Call,,,,0,0,0,0,0,0,0,0,Cur,N,0,44,2/19/2010,3/21/2012,203485,3/22/2012,4/17/2012,2/19/2010 4:14:30 PM,JACKIE,3/11/2010 9:16:07 AM,JACKIE,N,10266
AUTOM100,PO,AUTOMATED LAUNDRY SYSTEMS,2849 DAWN ROAD,,JACKSONVILLE,FL,32207,904-733-5500,904-733-0898,,,,,,,,,,AUTOMATED LAUNDRY SYSTEMS,2849 DAWN ROAD,,JACKSONVILLE,FL,32207,0,,,1200,,0,0,0,COD,Best Way,N,P,OI,N,,,,0,0,Call,,,,0,0,0,0,0,0,0,0,Cur,N,0,0,3/26/2010,2/9/2011,201872,2/10/2011,2/10/2011,3/26/2010 2:15:09 PM,JACKIE,4/23/2010 11:52:48 AM,JACKIE,N,10268
CLEPAK,PO,CLEANPAK PRODUCTS,5408 NORTH 59TH STREET,SUITE A,TAMPA,FL,33610,1-800-790-3090,1-813-740-8218,WWW.CLEANPAKPRODUCTS.COM,GEORGE,SALES@CLEANPAKPRODUCTS.COM,GEORGE,SALES@CLEANPAKPRODUCTS.COM,susan,admin@cleanpakproducts.com,,,CLEANPAK PRODUCTS,5408 NORTH 59TH STREET,SUITE A,TAMPA,FL,33610,0,,,1200,,0,0,0,N30,Best Way,N,P,OI,N,,,,5,7,EMail,,,,0,0,0,0,0,0,0,0,Cur,N,0,17,4/7/2010,6/19/2018,211650,6/20/2018,7/20/2018,4/6/2010 11:16:20 AM,JACKIE,8/19/2013 11:09:03 AM,JOHN,N,10269
ONEPA100,AP,"ONE PAK, INC.",8652 PEBBLE CREEK LANE,,JACKSONVILLE,FL,32256,904-813-8834,904-363-0465,,,,,,,,,,"ONE PAK, INC.",8652 PEBBLE CREEK LANE,,JACKSONVILLE,FL,32256,0,,,6200,,0,0,0,COD,Best Way,N,P,OI,N,,,,0,0,Call,,,,0,0,0,0,0,0,0,0,Cur,N,0,9,,,,4/12/2010,4/21/2010,4/12/2010 11:03:46 AM,JACKIE,4/12/2010 11:04:21 AM,JACKIE,N,10270
LITTLE,PO,"LITTLE AND CO., INC.",P.O. BOX 1849,,EATON PARK,FL,33840-1849,1-863-665-4887,1-863-667-0710,http://www.littleandcompany.com/,TOM,,TOM,,,,,,"LITTLE AND CO., INC.",P.O. BOX 1849,,EATON PARK,FL,33840-1849,5000,,,1200,,0,0,0,N30,Best Way,N,P,OI,N,,,,5,30,EMail,,,91187.6,32172.4,24307.4,7864.6,0,0,0,0,14090.6,Del,Y,7864.6,17,4/16/2010,4/9/2026,216077,4/1/2026,4/7/2026,4/16/2010 9:55:08 AM,JACKIE,5/11/2023 3:13:03 PM,NATE,N,10272
QUALI100,PO,QUALITY PACKAGING CORPORATION,1155 MARINE DR,,CALHOUN,GA,30701,1-706-624-3850,1-866-435-9127,,ROBIN,rdew@csmpaper.com,ROBIN,rdew@csmpaper.com,JERRI,JMARTIN@QUALITYPACKAGINGCORP.COM,,,QUALITY PACKAGING CORPORATION,1155 MARINE DR,,CALHOUN,GA,30701,0,,,1200,,3000,0,0,130,Best Way,N,P,OI,N,,,,0,0,Call,,,,0,0,0,0,0,0,0,0,Cur,N,0,41,5/5/2010,2/21/2014,206618,2/27/2014,3/23/2014,5/5/2010 2:43:02 PM,JACKIE,1/11/2016 10:45:56 AM,STEVE,N,10274
TRADE100,PO,CARDINAL HEALTH (TRADEX),PO BOX 730112,,Dallas,TX,75373,1-800-456-8370,1-216-651-4770,http://www.tradexgloves.com/,TOM,tomharmon1@comcast.net,TOM,tomharmon1@comcast.net,,,,,"TRADEX INTERNATIONAL, INC.",5300 TRADEX PARKWAY,,CLEVELAND,OH,44102,3000,,,1200,,0,0,100,N30,Best Way,N,P,OI,N,,,,7,15,EMail,,,,0,0,0,0,0,0,0,0,Cur,N,0,0,5/11/2010,3/2/2020,212779-1,3/13/2020,4/3/2020,5/11/2010 3:29:56 PM,JACKIE,11/8/2019 10:15:05 AM,NATE,N,10275
SEATITE,PO,SEAL-TITE PLASTIC PACKAGING CO. INC,P.O. BOX 558748,,MIAMI,FL,33255-8748,1-305-264-9015,1-305-266-5640,,SHERI,JILL@SEAL-TITE.US,SHERI,JILL@SEAL-TITE.US,,,,,SEAL-TITE PLASTIC PACKAGING CO. INC,4655 SW 74TH AVENUE,,MIAMI,FL,33155,10000,,,1200,,0,0,0,N30,Best Way,N,P,OI,N,,,,15,60,Call,,,5687.8,0,0,0,0,0,0,0,5300,Cur,N,0,20,5/14/2010,3/23/2026,216055,3/9/2026,4/13/2026,5/14/2010 9:19:44 AM,JACKIE,12/28/2015 9:07:15 AM,STEVE,N,10277
POSPAP,PO,POS PAPER,6740 BROADWAY AVE.SUITE D,,JACKSONVILLE,FL,32254,904-737-9989 ex103,904-737-9022,,,,CRYSTAL,CROBINSON@pospaper.com,,,,,POS PAPER,6740 BROADWAY AVE.SUITE D,,JACKSONVILLE,FL,32254,0,,,1200,,0,0,0,CC,Best Way,N,P,OI,N,,,,3,30,EMail,,,,0,0,0,0,0,0,0,0,Cur,N,0,0,5/25/2010,1/18/2022,213807,1/25/2022,1/28/2022,5/25/2010 12:30:15 PM,JACKIE,6/14/2017 2:47:00 PM,NEAL,N,10278
SOUPAP,PO,SOUTHEASTERN PAPER GROUP,P.O. BOX 748474,,ATLANTA,GA,30374-8474,1-800-632-1296  X3120,,,TAMMY,TAMMY.LEWIS@SEPAPERGROUP.COM,TAMMY,TAMMY.LEWIS@SEPAPERGROUP.COM,MICHAEL,MICHAEL.WRAY@SEPAPERGROUP.COM,,,SOUTHEASTERN PAPER GROUP,3850-7 PORT JACKSONVILLE PARKWAY,,JACKSONVILLE,FL,32226,1500,,,1200,,1000,0,0,N30,Best Way,N,P,OI,N,CUSTOMER #71539-01,SEPAPERCS@SEPAPERGROUP.COM,,3,7,EMail,,,,0,0,0,0,0,0,0,0,Cur,N,0,3,5/26/2010,4/17/2025,215556,12/18/2025,3/18/2026,5/26/2010 2:45:08 PM,JACKIE,8/28/2023 7:54:08 AM,NATE,N,10279
NORTH100,AP,NORTH FLORIDA ROAD SERVICE,22477 LORI LANE,,HILLIARD,FL,32046,904-742-6750,904-879-9702,,DAVID,NORTHFLORIDAROADSERVICE@YAHOO.COM,DAVID,NORTHFLORIDAROADSERVICE@YAHOO.COM,,,,,NORTH FLORIDA ROAD SERVICE,22477 LORI LANE,,HILLIARD,FL,32046,0,,,6620,,0,0,0,COD,Best Way,N,P,OI,N,,,,0,0,Call,,,,0,0,0,0,0,0,0,0,Cur,N,0,14,,,,12/27/2010,1/3/2011,6/8/2010 2:25:51 PM,JACKIE,6/8/2010 2:26:23 PM,JACKIE,N,10280
HORSE100,PO,HORSE AND KENNEL WAREHOUSE,1096 EAST 18TH STREET,,JACKSONVILLE,FL,32206,904-354-7634,,,GREG,,,,,,,,HORSE AND KENNEL WAREHOUSE,1096 EAST 18TH STREET,,JACKSONVILLE,FL,32206,100,,,1200,,0,0,0,COD,Best Way,N,P,OI,N,,,,0,0,Call,,,,0,0,0,0,0,0,0,0,Cur,N,0,0,6/9/2010,8/10/2011,202576,8/10/2011,8/10/2011,6/9/2010 2:12:51 PM,JACKIE,4/26/2012 8:35:15 AM,JACKIE,N,10281
RESTA100,PO,RESTAURANT DEPOT,3389 POWERS AVENUE,,JACKSONVILLE,FL,32207,904-733-1005,904-733-1009,,,,,,,,,,RESTAURANT DEPOT,3389 POWERS AVENUE,,JACKSONVILLE,FL,32207,1000,,,1200,,0,0,0,CC,Best Way,N,P,OI,N,,,,0,0,Call,,,,0,0,0,0,0,0,0,0,Cur,N,0,0,6/11/2010,10/23/2025,215839,10/23/2025,11/6/2025,6/11/2010 10:42:05 AM,JACKIE,12/28/2015 9:08:50 AM,STEVE,N,10282
FLORI100,PO,FLORIDA JANITOR SUPPLY,2775 INDUSTRY CENTER ROAD,UNIT #2,ST AUGUSTINE,FL,32084,904-825-0773,904-825-0302,,,,,,,,,,FLORIDA JANITOR SUPPLY,2775 INDUSTRY CENTER ROAD,UNIT #2,ST AUGUSTINE,FL,32084,0,,,1200,,0,0,0,N30,Best Way,N,P,OI,N,,,,0,0,Call,,,,0,0,0,0,0,0,0,0,Cur,N,0,0,6/21/2010,6/21/2010,200986,6/18/2010,6/18/2010,6/21/2010 12:33:12 PM,JACKIE,4/29/2011 4:03:41 PM,JACKIE,N,10283
BARRD100,PO,BARR DISPLAY AND FIXTURES,6424 FOREST CITY ROAD,,ORLANDO,FL,32810-4322,1-800-222-2702,,www.barrdisplay.com,,,,,,,,,BARR DISPLAY AND FIXTURES,6424 FOREST CITY ROAD,,ORLANDO,FL,32810-4322,500,,,1200,,0,0,0,CC,Best Way,N,P,OI,N,,,,0,0,Call,,,,0,0,0,0,0,0,0,0,Cur,N,0,0,6/21/2010,6/21/2010,200989,6/10/2010,6/10/2010,6/21/2010 1:51:32 PM,JACKIE,10/3/2012 1:21:10 PM,JACKIE,N,10284
VOLFL100,PO,"VOLFLEX, INC.",P.O. BOX 632,,CHANNAHON,IL,60410,1-708-478-1117,1-708-478-1118,,CUSTOMER,,CUSTOMER,,,,,,"VOLFLEX, INC.",10838 WEST WALNUT LANE,,MOKENA,IL,60448,0,,,1200,,0,0,0,N30,Best Way,N,P,OI,N,,,,0,0,Call,,,,0,0,0,0,0,0,0,0,Cur,N,0,26,6/22/2010,7/23/2014,207312,7/24/2014,7/21/2014,6/22/2010 9:11:19 AM,JACKIE,7/8/2010 3:19:13 PM,JACKIE,N,10285
FELWR100,PO,"FELWRAP WORLD, INC.",P.O. BOX 297,,WARREN,RI,2885,1-401-245-4796,1-401-245-4448,WWW.FELRAP.COM,JOE,SALES@FELRAP.COM,JOE,SALES@FELRAP.COM,,,,,"FELWRAP WORLD, INC.",P.O. BOX 297,,WARREN,RI,2885,1000,,,1200,,0,0,0,N30,Best Way,N,P,OI,N,,,,0,0,Call,,,,0,0,0,0,0,0,0,0,Cur,N,0,35,6/22/2010,4/29/2014,206958,4/29/2014,6/1/2014,6/22/2010 3:28:13 PM,JACKIE,4/28/2014 3:33:29 PM,JOHN,N,10286
SUPSAW,PO,SUPERIOR SAW,5749 ARLINGTON ROAD,,JACKSONVILLE,FL,32211,904-743-4045,,,,,,,,,,,SUPERIOR SAW,5749 ARLINGTON ROAD,,JACKSONVILLE,FL,32211,0,,,1200,,0,0,0,CC,Best Way,N,P,OI,N,,,,0,0,Call,,,,0,0,0,0,0,0,0,0,Cur,N,0,1,7/6/2010,7/6/2010,201032,7/7/2010,7/8/2010,7/6/2010 3:08:48 PM,JOHN,7/8/2010 3:22:33 PM,JACKIE,N,10288
RELSUP,PO,RELIANCE SUPPLY INC.,P.O.BOX 6833,,JACKSONVILLE,FL,32236,904-387-0911,904-387-1109,,,,,,,,,,RELIANCE SUPPLY INC.,P.O.BOX 6833,,JACKSONVILLE,FL,32236,0,,,1200,,0,0,0,CC,Best Way,N,P,OI,N,,,RELSUP,0,0,Call,,,,0,0,0,0,0,0,0,0,Cur,N,0,0,7/9/2010,7/9/2010,201060,6/28/2010,6/28/2010,7/9/2010 8:34:49 AM,JOHN,8/4/2011 2:53:57 PM,JACKIE,N,10289
ROTAR100,AP,ROTARY CLUB OF RIVERSIDE,JACKSONVILLE,4495 ROOSEVELT BLVD #304,JACKSONVILLE,FL,32210,,,,,,,,,,,,ROTARY CLUB OF RIVERSIDE,JACKSONVILLE,4495 ROOSEVELT BLVD #304,JACKSONVILLE,FL,32210,0,,,6260,,0,0,0,COD,Best Way,N,P,OI,N,,,,0,0,Call,,,,0,0,0,0,0,0,0,0,Cur,N,0,3,,,,12/15/2015,12/18/2015,7/15/2010 3:28:39 PM,JACKIE,,,N,10291
NATIO100,PO,NATIONAL CHECKING,899 MONTREAL CIRCLE,,ST PAUL,MN,55102,1-800-741-8457,1-561-547-8506,,TOM,,TOM,,CUSTOMER,,,,NATIONAL CHECKING,899 MONTREAL CIRCLE,,ST PAUL,MN,55102,0,,,1200,,0,0,0,CC,Best Way,N,P,OI,N,,,,0,0,Call,,,,0,0,0,0,0,0,0,0,Cur,N,0,2,7/21/2010,5/31/2022,214015,7/25/2022,7/26/2022,7/21/2010 4:06:07 PM,JACKIE,3/16/2023 1:55:22 PM,NATE,N,10292
MERCANT,PO,"MERCANTILE DEVELOPMENT, INC.",P.O. BOX 825,,SHELTON,CT,6484,1-800-333-0900,1-561-547-8506,WWW.MDIWIPERS.COM,TOM,,CUSTOMER,,,,,,"MERCANTILE DEVELOPMENT, INC.",10 WATERVIEW DRIVE,,SHELTON,CT,6484,2500,,,1200,,0,0,0,N30,Best Way,N,P,OI,N,,,,7,15,EMail,,,,0,0,0,0,0,0,0,0,Cur,N,0,14,7/21/2010,6/19/2017,210796,6/23/2017,7/14/2017,7/21/2010 4:21:25 PM,JACKIE,12/28/2015 9:21:07 AM,STEVE,N,10293
WALMAR,PO,WALMART,,,,,,,,,,,,,,,,,WALMART,,,,,,0,,,1200,,0,0,0,COD,Best Way,N,P,OI,N,,,,0,0,Call,,,,0,0,0,0,0,0,0,0,Cur,N,0,3,8/16/2010,4/13/2018,211521-1,4/24/2018,4/27/2018,8/16/2010 2:37:02 PM,JOHN,4/29/2011 4:03:52 PM,JACKIE,N,10295
FLAMI100,PO,FLAMINGO PRODUCTS OF SOUTH FLORIDA,P.O. BOX 919252,,ORLANDO,FL,32891-9252,1-800-432-8269,1-305-696-7342,WWW.FLAMINGOPAPER.COM,,,,,,,,,FLAMINGO PRODUCTS OF SOUTH FLORIDA,3095 E. 11TH AVENUE,,HIALEAH,FL,33013,0,,,1200,,0,0,0,CC,Best Way,N,P,OI,N,,,,0,0,Call,,,,0,0,0,0,0,0,0,0,Cur,N,0,11,8/31/2010,8/31/2010,201251,8/30/2010,9/10/2010,8/31/2010 8:41:19 AM,JACKIE,7/10/2012 2:49:07 PM,JOHN,N,10296
MONTG100,AP,MONTGOMERY INSURANCE,P.O. BOX 6486,,CAROL STREAM,IL,60197-6486,,,,,,,,,,,,MONTGOMERY INSURANCE,P.O. BOX 6486,,CAROL STREAM,IL,60197-6486,0,,,6600,,0,0,0,N10,Best Way,N,P,OI,N,,,,0,0,Call,,,,0,0,0,0,0,0,0,0,Cur,N,0,0,,,,6/3/2011,6/6/2011,8/31/2010 2:42:20 PM,JACKIE,12/9/2010 2:48:10 PM,JACKIE,N,10297
DAIEI100,PO,DAIEI PAPERS(USA) CORP.,3137 SOLUTIONS CENTER,,CHICAGO,IL,60677-3001,1-757-523-2100,,,AIDA,ALP@DAIEIPAPERS.COM,AIDA,ALP@DAIEIPAPERS.COM,,,,,DAIEI PAPERS(USA) CORP,505 INDEPENDENCE PARKWAY,SUITE 200,CHESAPEAKE,VA,23320,10000,,,1200,,0,0,0,CC,Best Way,N,P,OI,N,,,,0,0,Call,,,,0,0,0,0,0,0,0,0,Cur,N,0,0,9/2/2010,7/24/2012,203966,7/25/2012,7/27/2012,9/2/2010 3:48:54 PM,JACKIE,7/24/2012 3:10:07 PM,JACKIE,N,10299
TARZAN,PO,TARZANA ENTERPRISES LLC,5567 RESEDA BLVD,SUITE 216,TARZANA,CA,91356,904-744-4173,904-744-4392,,BART,BDYAL@DYALSALES.COM,BART,BDYAL@DYALSALES.COM,,,,,MACKOUL BUILDING,3425 NORTH MAIN ST,,JACKSONVILLE,FL,32206,5000,,,1200,,0,0,0,N30,Best Way,N,P,OI,N,,,,5,30,Call,,,,0,0,0,0,0,0,0,0,Cur,N,0,26,9/9/2010,1/28/2015,208093,2/3/2015,2/12/2015,9/9/2010 2:16:02 PM,JACKIE,2/12/2015 1:15:07 PM,NEAL,N,10300
AVERI100,PO,"AVERITT EXPRESS, INC.",P.O. BOX 102197,,ATLANTA,GA,30368-2197,904-387-1423,,,KEVIN,KBULL@AVERITTEXPRESS.COM,KEVIN,KBULL@AVERITTEXPRESS.COM,,,,,"AVERITT EXPRESS, INC.",P.O. BOX 102197,,ATLANTA,GA,30368-2197,500,,,6570,,0,0,0,N10,Best Way,N,P,OI,N,ACCT #0409031,,,0,0,Call,,,,0,0,0,0,0,0,0,0,Cur,N,0,7,,,,3/21/2013,3/28/2013,9/9/2010 3:14:02 PM,JACKIE,3/1/2013 1:57:10 PM,JACKIE,N,10301
BAYHEAD,PO,BAYHEAD PRODUCTS CORP.,173 CROSBY ROAD,,DOVER,NH,03820-4356,1800-229-4323,1-603743-4701,,,,,,,,,,BAYHEAD PRODUCTS CORP.,173 CROSBY ROAD,,DOVER,NH,03820-4356,0,,,1200,,0,0,0,N30,Best Way,N,P,OI,N,,,,0,0,Call,,,,0,0,0,0,0,0,0,0,Cur,N,0,38,9/20/2010,9/20/2010,201333,10/1/2010,11/8/2010,9/20/2010 12:29:06 PM,JOHN,9/25/2012 10:17:08 AM,JOHN,N,10302
EASYL100,AP,EASYLINK SERVICES CORPORATION,P.O. BOX 791247,,BALTIMORE,MD,21279-1247,1-800-209-6245,,,,,,,,,,,EASYLINK SERVICES CORPORATION,P.O. BOX 791247,,BALTIMORE,MD,21279-1247,0,,,6185,,0,0,0,N30,Best Way,N,P,OI,N,,,,0,0,Call,,,,0,0,0,0,0,0,0,0,Cur,N,0,5,,,,3/15/2014,3/15/2014,10/13/2010 11:48:43 AM,JACKIE,11/14/2011 1:25:21 PM,JACKIE,N,10303
NUTRIB,PO,NUTRI-BON DISTRIBUTING CO.,510 MADRID AVE,,TORRENCE,CA,90501,1-323-278-5425,904-744-4392,,BART,BDYAL@DYALSALES.COM,CUSTOMER,DSC@DYALSALES.COM,,,,,FSBD GLOBAL DISTRIBUTION,350 ELLIS RD,,JACKSONVILLE,FL,32254,0,,,1200,,0,0,0,130,Best Way,N,P,OI,N,,,,5,30,Call,,,,0,0,0,0,0,0,0,0,Cur,N,0,18,10/15/2010,12/30/2025,215922,12/30/2025,12/30/2025,10/15/2010 11:01:41 AM,JACKIE,11/22/2023 10:44:51 AM,NATE,N,10304
ULTRA100,AP,ULTRASHRED TECHNOLOGIES,P.O. BOX 49246,,JACKSONVILLE,FL,32240-9246,877-621-1234,,,,,,,,,,,ULTRASHRED TECHNOLOGIES,P.O. BOX 49246,,JACKSONVILLE,FL,32240-9246,0,,,6450,,0,0,0,N20,Best Way,N,P,OI,N,,,,0,0,Call,,,,0,0,0,0,0,0,0,0,Cur,N,0,25,,,,2/3/2017,2/24/2017,10/15/2010 3:14:24 PM,JACKIE,9/21/2015 11:44:22 AM,STEVE,N,10305
DADEP100,PO,DADE PAPER,4102 BULLS BAY HIGHWAY #7,,JACKSONVILLE,FL,32219,904-783-9490 - EXT 112,904-783-4181,,MIKE,MGREEN@DADEPAPER.COM,,,SHERRY,SBRACKEN@DADEPAPER.COM,,,DADE PAPER,4102 BULLS BAY HIGHWAY #7,,JACKSONVILLE,FL,32219,1000,,,1200,,200,0,0,N30,Best Way,N,P,OI,N,,,E364006,0,0,Call,,,143570.42,85008.46,39555.57,18446.38,27150.59,3469,0,0,22914.91,Del,Y,49065.97,0,11/2/2010,4/16/2026,216087,1/19/2026,4/14/2026,11/2/2010 7:21:46 AM,JACKIE,11/3/2025 10:24:06 AM,NATE,N,10306
ACSIN100,PO,"ACS INDUSTRIES, INC.",P.O. BOX 845449,,BOSTON,MA,02284-5449,401-229-9444,1-401-333-6088,WWW.ACSINDUSTRIES.COM,Elaine,ejohnson@acsind.com,Elaine,ejohnson@acsind.com,,,,,"ACS INDUSTRIES, INC.",ONE NEW ENGLAND WAY,,LINCOLN,RI,2865,15000,,,1200,,0,0,0,N30,Best Way,N,P,OI,N,CUST # 16212,,,0,0,Call,,,,0,0,0,0,0,0,0,0,Cur,N,0,24,11/3/2010,2/25/2013,204811,12/12/2022,1/30/2023,11/2/2010 12:54:42 PM,JACKIE,3/3/2023 12:10:11 PM,JEFF,N,10309
ATLAN100,PO,ATLANTIC COAST INDUSTRIES,1015 ATLANTIC BOULEVARD #192,,ATLANTIC BEACH,FL,32233,904-241-9009,904-399-0990,,SANDY,,SANDY,,,,,,ATLANTIC COAST INDUSTRIES,1015 ATLANTIC BOULEVARD #192,,ATLANTIC BEACH,FL,32233,200,,,1200,,0,0,0,N10,Best Way,N,P,OI,N,,,,0,0,Call,,,,0,0,0,0,0,0,0,0,Cur,N,0,7,12/21/2010,7/18/2012,203934,8/1/2012,8/13/2012,12/17/2010 12:55:33 PM,JACKIE,12/28/2010 4:21:43 PM,JACKIE,N,10313
PALLE100,PO,KAMPS PALLETS,PO Box 675126,,DETROIT,MI,48268-5126,904-781-2500,904-781-2502,,Matt,orders@palletexpressinc.com,,,,,,,KAMPS PALLETS,7779 HAMMOND BOULEVARD,,JACKSONVILLE,FL,32220,0,,,1200,,0,0,0,COD,Best Way,N,P,OI,N,,,,0,0,EMail,,,,0,0,0,0,0,0,0,0,Cur,N,0,8,12/20/2010,8/18/2025,215746,8/21/2025,1/20/2026,12/20/2010 8:16:37 AM,JACKIE,7/12/2024 8:46:24 AM,JEFF,N,10314
HANOV100,AP,HANOVER INSURANCE COMPANY,P.O. BOX 580045,,CHARLOTTE,NC,28258-0045,1-800-922-8427,,,,,,,,,,,HANOVER INSURANCE COMPANY,P.O. BOX 580045,,CHARLOTTE,NC,28258-0045,0,,,6600,,0,0,0,N10,Best Way,N,P,OI,N,,,,0,0,Call,,,,0,0,0,0,0,0,0,0,Cur,N,0,3,,,,7/20/2011,7/21/2011,12/21/2010 5:31:09 PM,JACKIE,5/23/2011 2:43:02 PM,JACKIE,N,10315
FISKE,PO,FISKE BROTHERS REFINING CO.,129 LOCKWOOD STREET,,NEWARK,NJ,7105,,,,,,,,,,,,FISKE BROTHERS REFINING CO.,129 LOCKWOOD STREET,,NEWARK,NJ,7105,0,,,1200,,0,0,0,CC,Best Way,N,P,OI,N,,,,0,0,Call,,,,0,0,0,0,0,0,0,0,Cur,N,0,0,1/20/2011,1/20/2011,201797,1/4/2011,1/4/2011,1/20/2011 2:36:00 PM,JOHN,9/25/2012 11:16:55 AM,JOHN,N,10316
SUPPL100,PO,THE SUPPLY SOURCE,7076 DAVIS CREEK ROAD,,JACKSONVILLE,FL,32256,904-730-9966,,,EILEEN,EINDORATO@THESUPPLYSOURCE.COM,EILEEN,EINDORATO@THESUPPLYSOURCE.COM,,,,,THE SUPPLY SOURCE,7076 DAVIS CREEK ROAD,,JACKSONVILLE,FL,32256,1000,,,1200,,0,0,0,N15,Best Way,N,P,OI,N,,,,0,0,Call,,,,0,0,0,0,0,0,0,0,Cur,N,0,0,10/28/2014,10/28/2014,207706,,,1/21/2011 2:06:37 PM,JACKIE,1/21/2011 2:07:49 PM,JACKIE,N,10318
JMCCO100,AP,"JMC COMPUTER SYSTEMS, INC.",73 CLERMONT STREET,,ST LOUIS,MO,63124,314-997-0873,314-997-6227,,JOHN,JOHNC1102@HOTMAIL.COM,JOHN,JOHNC1102@HOTMAIL.COM,,,,,"JMC COMPUTER SYSTEMS, INC.",73 CLERMONT STREET,,ST LOUIS,MO,63124,3000,,,6185,,0,0,0,N10,Best Way,N,P,OI,N,,,,0,0,Call,,,,1770,0,0,0,0,0,1770,0,Del,Y,1770,31,,,,6/1/2025,1/10/2023,1/24/2011 10:01:45 AM,JACKIE,3/14/2013 12:01:35 PM,JACKIE,N,10319
RITEI100,PO,RITE IN THE RAIN,J.L.DARLING CORP,2614 PACIFIC HWY E.,TACOMA,WWA,98424,1-253-922-5000,,,,,,,,,,,RITE IN THE RAIN,J.L.DARLING CORP,2614 PACIFIC HWY E.,TACOMA,WWA,98424,0,,,1200,,0,0,0,CC,Best Way,N,P,OI,N,,,RFRONTZ@,0,0,Call,,,,0,0,0,0,0,0,0,0,Cur,N,0,13,3/2/2011,3/2/2011,201951,2/23/2011,3/8/2011,2/3/2011 3:39:33 PM,JOHN,4/29/2011 4:04:38 PM,JACKIE,N,10320
STAND100,PO,STANDARD FEED COMPANY,1282 KINGS ROAD,,JACKSONVILLE,FL,32209,904-355-5575,,,,,,,,,,,STANDARD FEED COMPANY,1282 KINGS ROAD,,JACKSONVILLE,FL,32209,0,,,1200,,0,0,0,COD,Best Way,N,P,OI,N,,,,0,0,Call,,,,0,0,0,0,0,0,0,0,Cur,N,0,2,2/15/2011,2/15/2011,201889,2/15/2011,2/17/2011,2/15/2011 9:06:54 AM,JOHN,4/29/2011 4:04:46 PM,JACKIE,N,10321
ELKAY100,PO,ELKAY PLASTICS,P.O. BOX 51103,,LOS ANGELES,CA,90051-5403,1-800-842-2247,1-678-398-6904,www.elkayplastics.com,NICOLE,N.JUDKINS@LKPKG.COM,NICOLE,N.JUDKINS@LKPKG.COM,,,,,ELKAY PLASTICS,7515 HARTMAN INDUSTRIAL WAY,SUITE 200,AUSTELL,GA,30168,5000,,,1200,,0,0,0,N30,Best Way,N,P,OI,N,ACCT #064855,,,0,0,EMail,,,2750,0,0,0,0,0,0,0,2750,Cur,N,0,27,5/6/2011,2/26/2026,216012,2/20/2026,4/7/2026,2/17/2011 12:30:45 PM,JACKIE,8/15/2022 12:05:50 PM,JEFF,N,10322
ENTER100,AP,ENTERPRISE LEASING COMPANY,1430 CASSAT AVENUE,,JACKSONVILLE,FL,32205,904-384-9077,,,,,,,,,,,ENTERPRISE LEASING COMPANY,1430 CASSAT AVENUE,,JACKSONVILLE,FL,32205,0,,,6620,,0,0,0,CC,Best Way,N,P,OI,N,,,,0,0,Call,,,,0,0,0,0,0,0,0,0,Cur,N,0,0,,,,5/24/2011,5/24/2011,3/14/2011 10:23:35 AM,JACKIE,3/14/2011 10:31:19 AM,JACKIE,N,10324
CDCVALVE,PO,CONTINENTAL DISC CORP.,PO BOX 956897,,ST LOUIS,MO,63195-6897,1-816-792-1500,1-816-792-2277,,,,,,STACY,,,,CONTINENTAL DISC CORP.,3160 W. HEARTLAND DRIVE,,LIBERTY,MO,64068,0,,,1200,,0,0,0,CC,Best Way,N,P,OI,N,,,,0,0,EMail,,,,0,0,0,0,0,0,0,0,Cur,N,0,17,4/13/2011,12/21/2022,214346,1/6/2023,12/29/2022,4/13/2011 12:41:55 PM,JOHN,2/9/2018 2:54:18 PM,BRITTANY,N,10325
RANDY100,AP,RANDY FRONTZ,545 EAST 4TH STREET,,JACKSONVILLE,FL,32206,,,,,,,,,,,,RANDY FRONTZ,545 EAST 4TH STREET,,JACKSONVILLE,FL,32206,100000,,,2600,,0,0,0,COD,Best Way,N,P,OI,N,,,,0,0,Call,,,,0,0,0,0,0,0,0,0,Cur,N,0,7,,,,6/2/2021,6/2/2021,4/14/2011 2:07:40 PM,JACKIE,,,N,10326
HRLEWIS,PO,H.R.LEWIS PETROLEUM,1432 CLEVELAND STREET,,JACKSONVILLE,FL,32209,,,,,,,,,,,,H.R.LEWIS PETROLEUM,,,,,,0,,,1200,,0,0,0,N30,Best Way,N,P,OI,N,,,,0,0,Call,,,,0,0,0,0,0,0,0,274.55,Cur,N,0,36,4/20/2011,12/29/2025,215932,12/29/2025,2/4/2026,4/20/2011 1:25:44 PM,JOHN,3/26/2026 2:13:33 PM,NATE,N,10327
EASIFILE,PO,EASI-FILE,6 WRIGLEY,,IRVINE,CA,92618,1-800-800-5563,,,,,,,,,,,EASI-FILE,6 WRIGLEY,,IRVINE,CA,92618,0,,,1200,,0,0,0,CC,Best Way,N,P,OI,N,,,,0,0,Call,,,,0,0,0,0,0,0,0,0,Cur,N,0,0,4/20/2011,6/28/2013,205382,7/2/2013,7/2/2013,4/20/2011 1:49:10 PM,JOHN,6/28/2013 11:52:42 AM,JOHN,N,10328
INTER100,PO,INTERNATIONAL PAPER,P.O. BOX 644095,,PITTSBURGH,PA,15264-4095,334-673-9401 EXT 312,,,SHARLENE,SHARLENE.WARD@ipaper.com,SHARLENE,SHARLENE.WARD@ipaper.com,,,,,INTERNATIONAL PAPER,8291 FORSHEE DRIVE,,JACKSONVILLE,FL,32219,10000,,,1200,,0,0,0,N30,Best Way,N,P,OI,N,,,,0,0,Call,,,,0,0,0,0,0,0,0,0,Cur,N,0,27,6/1/2011,12/14/2015,209282,12/17/2015,12/24/2015,6/1/2011 2:24:29 PM,JACKIE,12/28/2015 9:22:01 AM,STEVE,N,10332
TRIMA100,PO,"TRIMACO, LLC",P.O. BOX 896061,,CHARLOTTE,NC,28289-6061,1-623-587-1888,1-623-587-0913,http://www.trimaco.com/,STEWART,STEWART.HURVITZ@TRIMACO.COM,STEWART,STEWART.HURVITZ@TRIMACO.COM,,,,,TRIMACO,8591 WEST WASHINGTON,SUITE 100,TOLLESON,AZ,85353,10000,,,1200,,0,0,0,N30,Best Way,N,P,OI,N,,,,0,0,Call,,,,0,0,0,0,0,0,0,0,Cur,N,0,31,6/7/2011,11/7/2012,204380-1,12/27/2012,1/21/2013,6/6/2011 3:36:03 PM,JACKIE,12/14/2012 10:54:35 AM,JACKIE,N,10333
WWGRA100,PO,W.W.GRAINGER,DEPT 819765298,P.O. BOX 419267,KANSAS CITY,MO,64141-6267,904-781-8350,,,,,,,,,,,W.W.GRAINGER,DEPT 819765298,P.O. BOX 419267,KANSAS CITY,MO,64141-6267,500,,,1200,,0,0,0,N30,Best Way,N,P,OI,N,ACCT# 819765298,,,0,0,USMail,,,,0,0,0,0,0,0,0,0,Cur,N,0,38,6/15/2011,5/17/2012,203683,5/17/2012,6/20/2012,6/15/2011 9:58:35 AM,JOHN,11/10/2011 2:28:06 PM,JOHN,N,10335
PLAMAR,PO,"PLASTICS MARKETING, INC.",6744 JAMESTOWN DRIVE,,ALPHARETTA,GA,30005,1-800-847-9412,1-678-679-0053,,JEFF,jeff@pmibags.com,SARAH,SARA@PMIBAGS.COM,,,,,"PLASTICS MARKETING, INC.",6744 JAMESTOWN DRIVE,,ALPHARETTA,G3A,30097,5000,,,1200,,0,0,0,N30,Best Way,N,P,OI,N,,,,15,45,Call,,,,0,0,0,0,0,0,0,0,Cur,N,0,20,6/22/2011,6/24/2021,213488,7/30/2021,8/20/2021,6/22/2011 8:27:28 AM,JACKIE,3/1/2016 12:27:49 PM,BRITTANY,N,10336
INNOP100,PO,INNOPAK,1932 PITTSBURGH DRIVE,,DELAWARE,OH,43015,1-740-363-0090,1-740-368-0009,http://www.innopak.com/home.php,ERIKA,erika@innopak.com,ERIKA,erika@innopak.com,DIANE,,,,INNOPAK,1932 PITTSBURGH DRIVE,,DELAWARE,OH,43015,10000,,,1200,,0,0,0,N10,Best Way,N,P,OI,N,,,,15,30,Call,,,,0,0,0,0,0,0,0,0,Cur,N,0,15,7/27/2011,2/12/2015,208151-1,5/27/2015,5/29/2015,6/23/2011 9:01:01 AM,JACKIE,12/28/2015 9:22:21 AM,STEVE,N,10338
FREDD100,PO,FREDDY FARAH,,,,,,,,,,,,,,,,,FREDDY FARAH,,,,,,0,,,1200,,0,0,0,COD,Best Way,N,P,OI,N,,,,0,0,Call,,,,0,0,0,0,0,0,0,0,Cur,N,0,0,,,,,,7/18/2011 11:33:46 AM,RANDY,10/1/2012 8:18:48 AM,JACKIE,N,10339
ALDON,PO,ALDON COMPANY,3410 SUNSET AVE.,,WAUKEGAN,IL,60087,1-847-623-8800,1-847-623-6139,,JOANNA,,JOANNA,,,,,,ALDON COMPANY,3410 SUNSET AVE.,,WAUKEGAN,IL,60087,0,,,1200,,0,0,0,N30,Best Way,N,P,OI,N,,,,0,0,Call,,,,0,0,0,0,0,0,0,0,Cur,N,0,37,8/11/2011,8/11/2011,202580,10/24/2011,11/30/2011,8/10/2011 10:31:27 AM,JOHN,9/25/2012 10:11:29 AM,JOHN,N,10340
THEOCHE,PO,THEOCHEM LABORATORIES,7373 ROWLETT PARK DRIVE,,TAMPA,FL,33610,1-813-237-6463,1-813-237-2059,http://www.theochem.com/,BOB,BOBBOEHLY@AOL.COM,BOB,BOBBOEHLY@AOL.COM,,,,,THEOCHEM LABORATORIES,7373 ROWLETT PARK DRIVE,,TAMPA,FL,33610,5000,,,1200,,0,0,0,N30,Best Way,N,P,OI,N,ACCT #100214,,,7,30,Call,,,,0,0,0,0,0,0,0,0,Cur,N,0,28,8/18/2011,9/27/2012,204225,10/8/2012,10/31/2012,8/15/2011 9:58:49 AM,JACKIE,8/15/2013 3:06:19 PM,LILA,N,10341
OFFIC100,PO,OFFICE-SUPPLIES.US.COM,,,,,,1-800-283-6903,,http://www.office-supplies.us.com/,,,,,,,,,OFFICE-SUPPLIES.US.COM,,,,,,500,,,1200,,0,0,0,CC,Best Way,N,P,OI,N,,,,0,0,Call,,,,0,0,0,0,0,0,0,0,Cur,N,0,0,9/12/2011,10/11/2012,204277,10/12/2012,10/12/2012,9/12/2011 4:45:34 PM,JACKIE,9/12/2012 10:07:26 AM,JACKIE,N,10344
AIRGA100,PO,AIRGAS SAFETY INC.,WACHOVIA BANK,P.O. BOX 951884,DALLAS,TX,75395,1-800-445-3711,1-800-500-3993,WWW.AIRGAS.COM,CHRISTINE,CHRISTINE.JONES@AIRGAS.COM,CHRISTINE,CHRISTINE.JONES@AIRGAS.COM,,,,,AIRGAS SAFETY,3025 EVERGREEN DRIVE,,DULUTH,GA,30096,1000,,,1200,,0,0,0,N30,Best Way,N,P,OI,N,ACCT #0001362008,,,0,0,Call,,,,0,0,0,0,0,0,0,0,Cur,N,0,36,10/7/2011,12/1/2011,203038,10/14/2020,1/16/2012,10/7/2011 2:14:15 PM,JACKIE,7/23/2012 8:32:08 AM,JACKIE,N,10346
JAXPAINT,PO,JACKSONVILLE PAINT CO.,249 PARK STREET,,JACKSONVILLE,FL,,,,,,,,,,,,,JACKSONVILLE PAINT CO.,249 PARK STREET,,JACKSONVILLE,FL,,0,,,1200,,0,0,0,N30,Best Way,N,P,OI,N,,,,0,0,Call,,,,0,0,0,0,0,0,0,0,Cur,N,0,0,10/21/2011,12/6/2012,204507,12/5/2012,12/5/2012,10/21/2011 10:06:18 AM,JOHN,10/1/2012 8:18:58 AM,JACKIE,N,10348
INDTRAFF,PO,INDUSTRIAL TRAFFIC  SOLUTIONS,17749 HUNTING BOW CRCLE,,LUTZ,FL,33558,1-813-920-9357,,,,,,,,,,,INDUSTRIAL TRAFFIC  SOLUTIONS,17749 HUNTING BOW CRCLE,,LUTZ,FL,33558,0,,,1200,,0,0,0,CC,Best Way,N,P,OI,N,,,,0,0,Call,,,,0,0,0,0,0,0,0,0,Cur,N,0,8,10/21/2011,12/23/2020,213215,12/7/2017,12/27/2017,10/21/2011 1:31:44 PM,JOHN,10/1/2012 8:19:13 AM,JACKIE,N,10349
WARRE100,PO,"WARREN ADHESIVES, INC.",P.O. BOX 8737,,MOBILE,AL,36689,1-251-633-5034,1-251-633-4210,http://warrenadhesives.com/,,,KATHY,,,,,,WARREN ADHESIVES,7860 ZIEGLER BLVD,,MOBILE,AL,36608,5000,,,1200,,0,0,0,N30,Best Way,N,P,OI,N,,,,0,0,EMail,,,15607.77,7804.41,0,7804.41,0,0,0,0,0,Del,Y,7804.41,29,10/24/2011,2/25/2026,216016,3/5/2026,3/5/2026,10/24/2011 10:25:27 AM,JACKIE,6/27/2017 10:43:41 AM,BRITTANY,N,10350
JANPA100,PO,JANPAK OF FLORIDA,7780-4 WESTSIDE INDUSTRIAL BLVD,,JACKSONVILLE,FL,32219,904-783-0040,904-783-0184,http://www.janpak.com/,BILLY,bthomas@janpak.com,BILLY,bthomas@janpak.com,,,,,JANPAK OF FLORIDA,7780-4 WESTSIDE INDUSTRIAL BLVD,,JACKSONVILLE,FL,32219,5000,,,1200,,0,0,0,N30,Best Way,N,P,OI,N,,,,0,0,Call,,,,0,0,0,0,0,0,0,0,Cur,N,0,30,11/14/2011,11/14/2011,202986,11/21/2011,12/21/2011,11/14/2011 12:01:23 PM,JACKIE,11/26/2012 9:49:33 AM,JACKIE,N,10351
NASSA100,AP,NASSAU INDUSTRIAL SUPPLY INC,P O BOX 164,,CALLAHAN,FL,32011,904-545-3033,,www.biggestindustrialbook.com,BO,bo@nassauindustrial.comcastbiz.net,BO,bo@nassauindustrial.comcastbiz.net,BO,bo@nassauindustrial.comcastbiz.net,,,NASSAU INDUSTRIAL SUPPLY INC,P O BOX 164,45327 MICKLER ST.,CALLAHAN,FL,32011,0,,,1200,,0,0,0,N30,Best Way,N,P,OI,N,,,,0,0,Call,,,,0,0,0,0,0,0,0,0,Cur,N,0,0,,,,,,12/7/2011 9:54:06 AM,SUE,3/14/2012 9:41:26 AM,JACKIE,N,10353
SWISH100,PO,SWISHER HYGIENE,7037 COMMONWEALTH AVE,UNIT #10,JACKSONVILLE,FL,32254,904-891-5364,904-693-0508,,TAMMY,,TAMMY,,,,,,SWISHER INTERNATIONAL,7037 COMMONWEALTH AVE,UNIT #10,JACKSONVILLE,FL,32254,250,,,1200,,0,0,0,COD,Best Way,N,P,OI,N,,,,0,0,Call,,,,0,0,0,0,0,0,0,0,Cur,N,0,6,12/8/2011,5/9/2014,206992,3/15/2014,3/15/2014,12/8/2011 11:11:42 AM,JACKIE,10/23/2013 3:55:22 PM,NEAL,N,10354
DATAL100,PO,"DATA LABEL, INC.",1000 SPRUCE STREET,,TERRE HAUTE,IN,47807,1-800-457-0676,1-812-238-1847,,CARLA,CJW@DATA-LABEL.COM,CARLA,CJW@DATA-LABEL.COM,,,,,"DATA LABEL, INC.",1000 SPRUCE STREET,,TERRE HAUTE,IN,47807,5000,,,1200,,0,0,0,N30,Best Way,N,P,OI,N,,,,0,0,Call,,,,0,0,0,0,0,0,0,0,Cur,N,0,14,12/19/2011,8/21/2012,204076,8/27/2012,9/21/2012,12/19/2011 11:32:48 AM,JACKIE,8/28/2012 9:23:01 AM,JACKIE,N,10355
TOOLT100,PO,TOOLTOPIA,,,,,,,,,,,,,,,,,TOOLTOPIA,,,,,,0,,,1200,,0,0,0,CC,Best Way,N,P,OI,N,,,,0,0,Call,,,,0,0,0,0,0,0,0,0,Cur,N,0,0,12/27/2011,12/27/2011,203137,12/27/2011,12/27/2011,12/27/2011 2:57:21 PM,JOHN,12/27/2011 3:08:53 PM,JOHN,N,10357
SHELLAB,PO,"SHELDON MANUFACTURING,INC.",P.O.BOX 627,300 NORTH 26TH AVE.,CORNELIUS,OR,97113,503-640-3000,503-640-1366,,,,,,,,,,"SHELDON MANUFACTURING,INC.",P.O.BOX 627,300 NORTH 26TH AVE.,CORNELIUS,OR,97113,0,,,1200,,0,0,0,CC,Best Way,N,P,OI,N,,,,0,0,Call,,,,0,0,0,0,0,0,0,0,Cur,N,0,0,1/3/2012,1/3/2012,203144,12/22/2011,12/22/2011,1/3/2012 9:12:45 AM,JOHN,1/3/2012 9:43:53 AM,JOHN,N,10358
BENEF100,AP,"BENEFIT ADVISORS, INC.",1724 S.E. 17TH AVENUE,,OCALA,FL,34471,904-332-9084,904-332-9086,,JOEY,JJANSSEN@BENEFIT-ADVISORS.COM,JOEY,JJANSSEN@BENEFIT-ADVISORS.COM,,,,,"BENEFIT ADVISORS, INC.",6620 SOUTHPOINT DRIVE S #600,,JACKSONVILLE,FL,32216,500,,,6390,,0,0,0,N10,Best Way,N,P,OI,N,,,,0,0,Call,,,,0,0,0,0,0,0,0,0,Cur,N,0,12,,,,12/28/2011,1/9/2012,1/3/2012 2:33:14 PM,JACKIE,,,N,10359
BLICK100,PO,BLICK ART SUPPLY,,,,,,,,,,,,,,,,,BLICK ART SUPPLY,,,,,,0,,,1200,,0,0,0,CC,Best Way,N,P,OI,N,,,,0,0,Call,,,,0,0,0,0,0,0,0,0,Cur,N,0,5,1/5/2012,1/5/2012,203164,1/5/2012,1/10/2012,1/5/2012 12:51:45 PM,JOHN,9/25/2012 10:19:08 AM,JOHN,N,10360
JBNASE,PO,J.B. NASE CO.,2124 EDISON AVE,,JACKSONVILLE,FL,,904-355-4579,,,,,,,,,,,J.B. NASE CO.,2124 EDISON AVE,,JACKSONVILLE,FL,,0,,,1200,,0,0,0,CC,Best Way,N,P,OI,Y,,,,0,0,Call,,,,0,0,0,0,0,0,0,0,Cur,N,0,0,1/10/2012,1/10/2012,203182,1/10/2012,1/10/2012,1/10/2012 8:37:32 AM,JOHN,9/25/2012 11:22:21 AM,JOHN,N,10361
SANF/DYMO,PO,SANFORD LP  (DYMO),1660 RAILROAD AVE.,,SHELBYVILLE,TN,37160,1-800-426-7827,,,,,,,,,,,SANFORD LP  (DYMO),1660 RAILROAD AVE.,,SHELBYVILLE,TN,37160,0,,,1200,,0,0,0,CC,Best Way,N,P,OI,N,,,,0,0,Call,,,,0,0,0,0,0,0,0,0,Cur,N,0,1,1/12/2012,1/12/2012,203204,1/10/2012,1/11/2012,1/12/2012 1:26:28 PM,JOHN,10/1/2012 8:19:33 AM,JACKIE,N,10362
JNTSERV,PO,JNT TECHNICAL SERVICE,85 INDUSTRIAL AVE.,,LITTLE FERRY,NJ,7643,1-201-641-2130,,,,,,,,,,,JNT TECHNICAL SERVICE,85 INDUSTRIAL AVE.,,LITTLE FERRY,NJ,7643,0,,,1200,,0,0,0,CC,Best Way,N,P,OI,N,,,,0,0,Call,,,,0,0,0,0,0,0,0,0,Cur,N,0,28,1/18/2012,4/21/2014,206909,4/15/2014,7/22/2014,1/18/2012 2:26:32 PM,JOHN,5/13/2013 12:37:50 PM,JOHN,N,10363
BUCCA100,PO,"BUCCANEER, INC.",2210 DEFOOR HILLS ROAD,,ATLANTA,GA,30318,1-800-445-9122,1-800-786-6668,,NINA,nina@buccaneerinc.com,NINA,nina@buccaneerinc.com,,,,,"BUCCANEER, INC.",2210 DEFOOR HILLS ROAD,,ATLANTA,GA,30318,2000,,,1200,,0,0,0,N15,Best Way,N,P,OI,N,ACCT # 9467,,,0,0,Call,,,,0,0,0,0,0,0,0,0,Cur,N,0,18,1/25/2012,2/22/2019,212126,3/1/2019,3/15/2019,1/24/2012 4:39:57 PM,JACKIE,8/27/2012 9:02:32 AM,JACKIE,N,10364
WAYFA100,PO,WAYFAIR.COM,,,,,,,,WAYFAIR .COM,,,,,,,,,WAYFAIR.COM,,,,,,0,,,1200,,0,0,0,CC,Best Way,N,P,OI,N,,,,0,0,Call,,,,0,0,0,0,0,0,0,0,Cur,N,0,0,1/31/2012,1/31/2012,203275,2/1/2012,2/1/2012,1/31/2012 9:57:57 AM,JOHN,10/1/2012 8:20:02 AM,JACKIE,N,10365
MEIJE100,PO,MEIJER.COM,2929 WALKERS AVE N.W.,,GRAND RAPIDS,MI,49544,1-877-363-4537,,,,,,,,,,,MEIJER.COM,2929 WALKERS AVE N.W.,,GRAND RAPIDS,MI,49544,0,,,1200,,0,0,0,CC,Best Way,N,P,OI,N,,,,0,0,Call,,,,0,0,0,0,0,0,0,0,Cur,N,0,7,2/20/2012,2/20/2012,203347,2/20/2012,2/13/2012,2/10/2012 9:46:21 AM,JOHN,2/20/2012 12:43:48 PM,JACKIE,N,10366
JOHNS100,PO,JOHNSTONE SUPPLY,11710 CENTRAL  PARKWAY,,JACKSONVILLE,FL,32224,904-641-2282,904-645-0715,,,,,,,,,,JOHNSTONE SUPPLY,11710 CENTRAL  PARKWAY,,JACKSONVILLE,FL,32224,0,,,1200,,0,0,0,CC,Best Way,N,P,OI,N,,,,0,0,Call,,,,0,0,0,0,0,0,0,0,Cur,N,0,2,2/13/2012,6/25/2012,203845,6/25/2012,6/29/2012,2/13/2012 10:55:15 AM,JOHN,,,N,10368
TROYI100,PO,"TROY INDUSTRIES, INC.",2100 N.W. 102 PLACE,,DORAL,FL,33172,1-800-330-7247,1-305-325-8023,WWW.TROYINDUSTRIES.COM,MARTHA,,STEVEN,RAGS@TROYINDUSTRIES.COM,STEVEN,RAGS@TROYINDUSTRIES.COM,,,"TROY INDUSTRIES, INC.",2100 N.W. 102 PLACE,,DORAL,FL,33172,5000,,,1200,,0,0,0,CC,Best Way,N,P,OI,N,,,,0,0,Call,,,,0,0,0,0,0,0,0,0,Cur,N,0,1,2/15/2012,4/9/2020,212844,4/9/2020,5/8/2020,2/14/2012 3:06:53 PM,JACKIE,10/8/2018 3:12:21 PM,PETE,N,10369
M2GRE100,PO,M2 GREEN REDEVELOPMENT,14377 PULP MILL ROAD,,MISSOULA,MT,59808,1-406-546-3919,,,,,,,,,,,M2 GREEN REDEVELOPMENT,14377 PULP MILL ROAD,,MISSOULA,MT,59808,0,,,1200,,0,0,0,CC,Best Way,N,P,OI,N,,,,0,0,Call,,,,0,0,0,0,0,0,0,0,Cur,N,0,0,2/15/2012,2/15/2012,203339,2/15/2012,2/15/2012,2/15/2012 1:18:20 PM,JOHN,2/16/2012 3:04:02 PM,JACKIE,N,10370
TURNACE,PO,TURNER ACE HARDWARE,5827 ARLINGTON ROAD,,JACKSONVILLE,FL,,743-8888,,,,,,,,,,,TURNER ACE HARDWARE,5827 ARLINGTON ROAD,,JACKSONVILLE,FL,,0,,,1200,,0,0,0,CC,Best Way,N,P,OI,N,,,,0,0,Call,,,,0,0,0,0,0,0,0,0,Cur,N,0,0,2/23/2012,2/23/2012,203370,2/20/2012,2/20/2012,2/23/2012 2:15:33 PM,JOHN,10/1/2012 8:20:21 AM,JACKIE,N,10373
ADVAN100,PO,ADVANCE FASTENERS,7370 BRAMALEA RD.,"UNIT 34,MISSISSAUGA","ONTARIO,CANADA",,L5S 1N6,1-800-363-7866,1-905-673-3024,,TONY,tony@advancefasteners.com,TONY,tony@advancefasteners.com,,,,,ADVANCE FASTENERS,7370 BRAMALEA RD.,"UNIT 34,MISSISSAUGA","ONTARIO,CANADA",,L5S 1N6,0,,,1200,,0,0,0,N30,Best Way,N,P,OI,N,,,,0,0,Call,,,,0,0,0,0,0,0,0,0,Cur,N,0,22,3/8/2012,1/29/2016,209433,2/5/2016,2/26/2016,3/8/2012 1:40:16 PM,JOHN,12/28/2015 9:40:08 AM,STEVE,N,10376
CCDICKSON,PO,CC DICKSON COMPANY,P.O.BOX 13501,,ROCK HILL,SC,29731,354-0600,355-7096,,,,,,,,,,CC DICKSON COMPANY,1004 ROSSELLE ST.,,JACKSONVILLE,FL,,0,,,1200,,0,0,0,N30,Best Way,N,P,OI,N,,,185062,0,0,Call,,,,0,0,0,0,0,0,0,0,Cur,N,0,0,3/9/2012,8/17/2012,204061,9/5/2012,9/5/2012,3/9/2012 9:23:04 AM,JOHN,9/25/2012 10:20:40 AM,JOHN,N,10378
CHARL100,AP,CHARLES JONES,1556 EVERGREEN AVNUE,,JACKSONVILLE,FL,32206,,,,,,,,,,,,CHARLES JONES,1556 EVERGREEN AVNUE,,JACKSONVILLE,FL,32206,0,,,6200,,0,0,0,COD,Best Way,N,P,OI,N,,,,0,0,Call,,,,0,0,0,0,0,0,0,0,Cur,N,0,0,,,,,5/4/2012,3/9/2012 2:10:38 PM,JACKIE,10/1/2012 8:21:46 AM,JACKIE,N,10379
LAWRE100,AP,LAWRENCE HENDERSON,1558 HARRISON STREET,,JACKSONVILLE,FL,32206,,,,,,,,,,,,LAWRENCE HENDERSON,1558 HARRISON STREET,,JACKSONVILLE,FL,32206,0,,,6200,,0,0,0,COD,Best Way,N,P,OI,N,,,,0,0,Call,,,,0,0,0,0,0,0,0,0,Cur,N,0,0,,,,,5/4/2012,3/9/2012 2:11:12 PM,JACKIE,,,N,10380
SURFA100,PO,SURFACE PREP SUPPLY,600 E.8TH STREET,,JACKSONVILLE,FL,32206,355-0516,,,,,,,,,,,SURFACE PREP SUPPLY,600 E.8TH STREET,,JACKSONVILLE,FL,32206,0,,,1200,,0,0,0,COD,Best Way,N,P,OI,N,,,,0,0,Call,,,,0,0,0,0,0,0,0,0,Cur,N,0,18,3/9/2012,9/9/2013,205740,9/19/2013,9/19/2013,3/9/2012 3:23:43 PM,JOHN,,,N,10381
APEXC100,PO,APEX COLOR,200 NORTH LEE STREET,,JACKSONVILLE,FL,32204,904-358-2928,1-800-380-0553,,,,ORIETTA,ORIETTA@APEXCOLOR.NET,,,,,APEX COLOR,200 NORTH LEE STREET,,JACKSONVILLE,FL,32204,10000,,,1200,,0,0,0,N30,Best Way,N,P,OI,N,,,,0,0,Call,,,,0,0,0,0,0,0,0,0,Cur,N,0,7,4/19/2012,11/3/2013,206090,10/28/2013,11/10/2013,4/3/2012 5:04:22 PM,JACKIE,2/23/2017 12:25:42 PM,PETE,N,10382
TOWER100,PO,TOWER AIR FRESHENERS,P.O. BOX 215,,HAMMOND,LA,70404,1-888-601-0857,1-866-370-0431,http://www.timemist.net/main.sc;jsessionid=96D45A250C7971480,BOB,sales@toweraf.com,BOB,sales@toweraf.com,,,,,TOWER AIR FRESHENERS,P.O. BOX 215,,HAMMOND,LA,70404,250,,,1200,,0,0,0,CC,Best Way,N,P,OI,N,,,,0,0,Call,,,,0,0,0,0,0,0,0,0,Cur,N,0,7,4/19/2012,7/15/2016,209911,7/15/2016,8/5/2016,4/19/2012 4:42:28 PM,JACKIE,,,N,10383
SALEM100,AP,SALEM LEASING CORPORATION,P.O. BOX 890788,,CHARLOTTE,NC,28289-0788,1-800-877-2536,,,THERESA,,THERESA,,,,,,SALEM LEASING CORPORATION,P.O. BOX 890788,,CHARLOTTE,NC,28289-0788,2000,,,6620,,0,0,0,N10,Best Way,N,P,OI,N,,,,0,0,Call,,,,0,0,0,0,0,0,0,0,Cur,N,0,47,,,,3/7/2012,4/23/2012,4/23/2012 3:06:43 PM,JACKIE,4/23/2012 3:07:21 PM,JACKIE,N,10385
CARBO100,PO,CARBOLINE,2150 SCHUETZ ROAD,,ST. LOUIS,MO,63146,904-576-0800,877-389-3008,,ERIC,,ERIC,,,,,,CARBOLINE,P.O.BOX 931942,,CLEVELAND,OH,44193-0004,0,,,1200,,0,0,0,N30,Best Way,N,P,OI,N,,,,0,0,EMail,,,,0,0,0,0,0,0,0,0,Cur,N,0,21,4/24/2012,8/23/2016,210013,8/30/2016,8/31/2016,4/24/2012 1:54:16 PM,JOHN,7/19/2021 1:42:37 PM,NATE,N,10386
PHENI100,PO,PHENIX SUPPLY COMPANY,11705 INDUSTRY DRIVE,,JACKSONVILLE,FL,32218,904-696-7685,,,,,,,,,,,PHENIX SUPPLY COMPANY,11705 INDUSTRY DRIVE,,JACKSONVILLE,FL,32218,200,,,1200,,0,0,0,COD,Best Way,N,P,OI,N,,,,0,0,Call,,,,0,0,0,0,0,0,0,0,Cur,N,0,0,5/1/2012,1/29/2013,204704,1/30/2013,1/30/2013,5/1/2012 11:10:50 AM,JACKIE,1/29/2013 11:00:29 AM,JACKIE,N,10387
ORECK100,PO,ORECK COMMERCIAL SALES,100 ARMSTRONG ROAD,SUITE 101,PLYMOUTH,MA,2360,1-800-242-1378,1-508-732-9170,,,,,,,,,,ORECK COMMERCIAL SALES,100 ARMSTRONG ROAD,SUITE 101,PLYMOUTH,MA,2360,2500,,,1200,,0,0,0,N30,Best Way,N,P,OI,N,,,,0,0,Call,,,,0,0,0,0,0,0,0,0,Cur,N,0,8,5/2/2012,8/7/2013,205572,8/7/2013,8/7/2013,5/2/2012 4:23:34 PM,JACKIE,,,N,10388
APEXP100,PO,APEX PACKAGING PRODUCTS,15105-D JOHN J. DELANEY #301,,CHARLOTTE,NC,28277,1-800-476-8273,1-704-283-0292,,LORI,lori@apexpackaging.com,LORI,lori@apexpackaging.com,,,,,APEX PACKAGING PRODUCTS,15105-D JOHN J. DELANEY #301,,CHARLOTTE,NC,28277,10000,,,1200,,0,0,0,N30,Best Way,N,P,OI,N,,,,0,0,Call,,,,0,0,0,0,0,0,0,0,Cur,N,0,34,5/24/2012,1/24/2013,204606,10/23/2012,11/28/2012,5/18/2012 1:42:46 PM,JACKIE,12/3/2012 11:44:07 AM,JACKIE,N,10389
ARSP,PO,"AIR SPENCER USA, LLC",P.O. BOX 1541,,AMERICAN FORK,UT,84003,1-877-801-5151,1-800-515-9976,,HENRY,HENRY@AIRSPENCERUSA.COM,HENRY,HENRY@AIRSPENCERUSA.COM,,,,,"AIR SPENCER USA, LLC",P.O. BOX 1541,,AMERICAN FORK,UT,84003,0,,,1200,,0,0,0,N30,Best Way,N,P,OI,N,,,,0,0,Call,,,,0,0,0,0,0,0,0,0,Cur,N,0,97,5/18/2012,5/18/2012,203701,9/11/2012,9/21/2012,5/18/2012 3:59:59 PM,JACKIE,,,N,10390
PRIME100,PO,PRIMETAC,223 GATES ROAD,,LITTLE FERRY,NJ,7643,1-201-440-3806,1-800-925-4858,http://www.primetac.com/,,,MARILYN,MARILYN@PRIMETAC.COM,,,,,PRIMETAC,223 GATES ROAD,,LITTLE FERRY,NJ,7643,5000,,,1200,,0,0,0,N30,Best Way,N,P,OI,N,,,,0,0,Call,,,,0,0,0,0,0,0,0,0,Cur,N,0,27,5/24/2012,3/27/2017,210582,3/30/2017,4/21/2017,5/24/2012 8:46:46 AM,JACKIE,3/11/2015 2:18:52 PM,STEVE,N,10391
JHLSU100,PO,JHL SUPPLY,28 W.FIRST STREET SOUTH,,FULTON,NY,13069,1-800-5371339,,,,,,,,,,,JHL SUPPLY,28 W.FIRST STREET SOUTH,,FULTON,NY,13069,0,,,1200,,0,0,0,CC,Best Way,N,P,OI,N,,,,0,0,Call,,,,0,0,0,0,0,0,0,0,Cur,N,0,0,5/25/2012,5/25/2012,203734,5/16/2012,5/16/2012,5/25/2012 3:27:23 PM,JOHN,10/1/2012 8:22:06 AM,JACKIE,N,10392
WESTP100,PO,WEST PAK INC.,P.O. BOX 763847,,DALLAS,TX,75376,1-214-337-8984,,,DOUG,007wilson@cox.net,DOUG,007wilson@cox.net,,,,,WEST PAK INC.,4111 PLATINUM WAY,,DALLAS,TX,75237,10000,,,1200,,0,0,0,N30,Best Way,N,P,OI,N,,,,0,0,Call,,,,0,0,0,0,0,0,0,0,Cur,N,0,24,6/20/2012,1/12/2015,208008,2/3/2015,3/20/2015,6/4/2012 10:13:11 AM,JACKIE,12/28/2015 1:58:09 PM,STEVE,N,10393
GLOIND,PO,GLOBAL INDUSTRIAL,,,,,,1-888-978-7759,,,,,,,,,,,GLOBAL INDUSTRIAL,,,,,,0,,,1200,,0,0,0,CC,Best Way,N,P,OI,N,,,2007804,0,0,Call,,,,0,0,0,0,0,0,0,0,Cur,N,0,14,6/6/2012,5/10/2013,205152,5/10/2013,8/19/2015,6/6/2012 1:56:22 PM,JOHN,5/10/2013 12:16:52 PM,JOHN,N,10394
SMITH100,PO,SMITH CORONA LABELS AND RIBBONS,P.O. BOX 392337,,CLEVELAND,OH,44193,1-800-959-6388,,,ANTHONY,arscott@smithcorona.com,BRANDON,zwigart@smithcorona.com,,,,,SMITH CORONA LABELS AND RIBBONS,3830 KELLEY AVE.,,CLEVELAND,OH,44193,5000,,,1200,,0,0,0,N30,Best Way,N,P,OI,N,,,,0,0,Call,,,,0,0,0,0,0,0,0,0,Cur,N,0,39,6/11/2012,11/15/2012,204424,11/16/2012,1/3/2013,6/11/2012 2:41:18 PM,JACKIE,2/18/2014 8:53:08 AM,JOHN,N,10395
FACTO100,PO,FACTORY AUTHORIZED OUTLET,,,,,,,,,,,,,,,,,FACTORY AUTHORIZED OUTLET,,,,,,0,,,1200,,0,0,0,CC,Best Way,N,P,OI,N,,,,0,0,Call,,,,0,0,0,0,0,0,0,0,Cur,N,0,0,6/12/2012,6/12/2012,203799,6/12/2012,6/12/2012,6/12/2012 12:51:23 PM,JOHN,,,N,10396
TOOLS100,PO,TOOLS FOR A TIME,,,,,,,,,,,,,,,,,TOOLS FOR A TIME,,,,,,0,,,1200,,0,0,0,CC,Best Way,N,P,OI,N,,,,0,0,Call,,,,0,0,0,0,0,0,0,0,Cur,N,0,9,6/21/2012,6/21/2012,203800,6/21/2012,6/12/2012,6/12/2012 12:52:12 PM,JOHN,6/12/2012 12:53:28 PM,JOHN,N,10397
BASSPRO,PO,BASS PRO SHOPS,,,,,,,,WWW.BASSPRO.COM,,,,,,,,,BASS PRO SHOPS,,,,,,0,,,1200,,0,0,0,CC,Best Way,N,P,OI,N,,,,0,0,Call,,,,0,0,0,0,0,0,0,0,Cur,N,0,2,6/21/2012,6/21/2012,203837,6/22/2012,6/20/2012,6/21/2012 1:42:09 PM,JOHN,9/25/2012 10:16:35 AM,JOHN,N,10398
ALLIA100,PO,ALLIANCE RUBBER COMPANY,210 CARPENTER DAM ROAD,,HOT SPRINGS,AR,71903-0950,800-626-5940,501-262-3948,,SHERYL,sfryar@alliance-rubber.com,,,,,,,ALLIANCE RUBBER COMPANY,210 CARPENTER DAM ROAD,,HOT SPRINGS,AR,71903-0950,0,,,1200,,0,0,0,N30,Best Way,N,P,OI,N,,,,0,0,Call,,,,0,0,0,0,0,0,0,0,Cur,N,0,0,,,,,,6/29/2012 8:24:02 AM,RANDY,10/1/2012 8:22:16 AM,JACKIE,N,10400
GEIINT,PO,GEI INTERNATIONAL,,,,,,315-463-9261,,,,,,,,,,,GEI INTERNATIONAL,,,,,,0,,,1200,,0,0,0,CC,Best Way,N,P,OI,N,,,,0,0,Call,,,,0,0,0,0,0,0,0,0,Cur,N,0,2,7/3/2012,7/3/2012,203886,7/1/2012,7/3/2012,7/3/2012 11:11:04 AM,JOHN,10/19/2012 2:48:42 PM,JOHN,N,10401
CORNE100,PO,CORNERSTONE SUPPLY CO.,,,,,,,,,,,,,,,,,CORNERSTONE SUPPLY CO.,,,,,,0,,,1200,,0,0,0,CC,Best Way,N,P,OI,N,,,,0,0,Call,,,,0,0,0,0,0,0,0,0,Cur,N,0,3,7/23/2012,11/5/2012,204362,11/13/2012,11/13/2012,7/23/2012 9:06:55 AM,JOHN,9/25/2012 11:13:32 AM,JOHN,N,10402
PARCP100,PO,PARC PACKAGING,P.O. BOX 47980,,JACKSONVILLE,FL,32247,,,,RONNIE,rcalugar@parcpackaging.com,RONNIE,rcalugar@parcpackaging.com,,,,,PARC PACKAGING,4344 HIGHWAY HIGHWAY,,JACKSONVILLE,FL,32207,0,,,1200,,0,0,0,N20,Best Way,N,P,OI,N,,,,0,0,Call,,,,0,0,0,0,0,0,0,0,Cur,N,0,27,7/27/2012,7/27/2012,203986,8/8/2012,9/4/2012,7/27/2012 1:47:45 PM,JACKIE,7/3/2013 9:01:11 AM,JOHN,N,10403
SUNTR100,AP,SUNTRUST BANK,P.O. BOX 791250,,BALTIMORE,MD,21279-1250,,,,,,,,,,,,SUNTRUST BANK,P.O. BOX 791250,,BALTIMORE,MD,21279-1250,0,,,1200,,0,0,0,N10,Best Way,N,P,OI,N,,,,0,0,Call,,,,0,0,0,0,0,0,0,0,Cur,N,0,13,,,,3/25/2013,4/13/2013,7/30/2012 1:30:55 PM,JACKIE,8/13/2012 2:19:37 PM,JACKIE,N,10404
GEXPRO,PO,GEXPRO,,,,,,904-350-7000,,,,,,,,,,,GEXPRO,,,,,,0,,,1200,,0,0,0,CC,Best Way,N,P,OI,N,,,,0,0,Call,,,,0,0,0,0,0,0,0,0,Cur,N,0,10,8/23/2012,8/23/2012,204084,9/11/2012,9/21/2012,8/23/2012 8:40:38 AM,JOHN,10/1/2012 8:22:26 AM,JACKIE,N,10406
LINKM100,PO,LINKMAX PAPER,2904 SOUTH SHERIDAN WAY---SUITE 303,"OAKVILLE, ONTARIO",CANADA,,L6J 7L7,1-905-829-0053,1-905-829-0059,,,,GLENN,paperusa@cox.net,,,,,LINKMAX PAPER,2904 SOUTH SHERIDAN WAY---SUITE 303,"OAKVILLE, ONTARIO",CANADA,,L6J 7L7,5000,,,1200,,0,0,0,N30,Best Way,N,P,OI,N,,,,0,0,Call,,,,0,0,0,0,0,0,0,0,Cur,N,0,23,8/28/2012,3/11/2016,209562,3/14/2016,4/8/2016,8/24/2012 4:02:11 PM,JACKIE,7/5/2016 8:52:49 AM,NEAL,N,10407
LSSTR100,PO,LS STRAPPING INC.,3238 E. 82ND STREET,,CLEVELAND,OH,44104,1-216-341-7554,1-216-429-3071,,ROBIN,rdew@csmpaper.com,ROBIN,rdew@csmpaper.com,,,,,LS STRAPPING INC.,3238 E. 82ND STREET,,CLEVELAND,OH,44104,0,,,1200,,0,0,0,N30,Best Way,N,P,OI,N,,,,0,0,Call,,,,0,0,0,0,0,0,0,0,Cur,N,0,29,9/6/2012,9/6/2012,204132,9/17/2012,10/16/2012,9/6/2012 11:14:05 AM,JACKIE,11/1/2012 1:47:27 PM,JACKIE,N,10408
GANMTN,PO,GANDER MOUNTAIN,,,,,,,,,,,,,,,,,GANDER MOUNTAIN,,,,,,0,,,1200,,0,0,0,CC,Best Way,N,P,OI,N,,,,0,0,Call,,,,0,0,0,0,0,0,0,0,Cur,N,0,1,9/17/2012,9/17/2012,204173,9/18/2012,9/17/2012,9/17/2012 2:51:02 PM,JOHN,10/1/2012 8:22:34 AM,JACKIE,N,10409
MONRO100,PO,MONROE SYSTEMS,2530 PEARL BUCK ROAD,SUITE B,BRISTOL,PA,19007,,,,,,,,,,,,MONROE SYSTEMS,2530 PEARL BUCK ROAD,SUITE B,BRISTOL,PA,19007,0,,,1200,,0,0,0,CC,Best Way,N,P,OI,N,,,,0,0,Call,,,,0,0,0,0,0,0,0,0,Cur,N,0,1,11/21/2012,11/21/2012,204452,11/20/2012,11/21/2012,11/21/2012 8:49:28 AM,JOHN,,,N,10411
TANGO100,PO,TANGO SHATTERPROOF,PO BOX 737,,WALPOLE,MA,2081,,,,KAY,,KAY,,,,,,TANGO SHATTERPROOF,PO BOX 737,,WALPOLE,MA,2081,1000,,,1200,,0,0,0,CC,Best Way,N,P,OI,N,,,,0,0,Call,,,,0,0,0,0,0,0,0,0,Cur,N,0,0,11/28/2012,11/28/2012,204471,12/5/2012,12/5/2012,11/28/2012 4:26:49 PM,JACKIE,11/28/2012 5:11:06 PM,JACKIE,N,10412
FREIG100,AP,FREIGHTQUOTE.COM,1495 PAYSPHERE CIRCLE,,CHICAGO,IL,60674,1-800-323-5441,,,CHRIS,crome@freightquote.com,CHRIS,crome@freightquote.com,,,,,FREIGHTQUOTE.COM,1495 PAYSPHERE CIRCLE,,CHICAGO,IL,60674,0,,,6570,,0,0,0,N15,Best Way,N,P,OI,N,,,,0,0,Call,,,,0,0,0,0,0,0,0,0,Cur,N,0,38,,,,11/26/2012,1/3/2013,11/30/2012 11:27:27 AM,JACKIE,,,N,10413
SPECI110,PO,SPECIALTY TANK & EQUIPMENT,857 ROBINSON AVE.,,JACKSONVILLE,FL,32209,904-353-8761,904-353-1039,,DEBBIE,,DEBBIE,,,,,,SPECIALTY TANK & EQUIPMENT,857 ROBINSON AVE.,,JACKSONVILLE,FL,32209,0,,,1200,,0,0,0,COD,Best Way,N,P,OI,N,,,,0,0,Call,,,,0,0,0,0,0,0,0,0,Cur,N,0,1,12/3/2012,12/3/2012,204488,12/4/2012,12/3/2012,12/3/2012 1:33:54 PM,JOHN,,,N,10414
UNITE100,AP,UNITED HEALTHCARE INSURANCE COMPANY,DEPT. CH 10151,,PALATINE,IL,60055-0151,,,,,,,,,,,,UNITED HEALTHCARE INSURANCE COMPANY,DEPT. CH 10151,,PALATINE,IL,60055-0151,0,,,6310,,0,0,0,N10,Best Way,N,P,OI,N,,,,0,0,Call,,,,0,0,0,0,0,0,0,0,Cur,N,0,9,,,,2/9/2015,3/10/2015,12/14/2012 12:30:11 PM,JACKIE,,,N,10417
QUALI110,AP,QUALITY TELCOM LLC,P.O. BOX 28452,,JACKSONVILLE,FL,32226-8452,904-739-3663,,,,,,,,,,,QUALITY TELCOM LLC,P.O. BOX 28452,,JACKSONVILLE,FL,32226-8452,0,,,6430,,0,0,0,N10,Best Way,N,P,OI,N,,,,0,0,Call,,,,0,0,0,0,0,0,0,0,Cur,N,0,19,,,,12/20/2012,1/3/2013,1/2/2013 4:42:29 PM,JACKIE,,,N,10418
A1RES100,PO,A-1 RESTAURANT SUPPLY & EQUIPMENT,1879 CARAVAN TRAIL,SUITE 203,JACKSONVILLE,FL,32216,904-401-7656,904-724-0717,www.shopa-1.com,,,,,,,,,A-1 RESTAURANT SUPPLY & EQUIPMENT,1879 CARAVAN TRAIL,SUITE 203,JACKSONVILLE,FL,32216,1000,,,1200,,0,0,0,CC,Best Way,N,P,OI,N,,,,0,0,Call,,,,0,0,0,0,0,0,0,0,Cur,N,0,12,2/6/2013,10/9/2017,211062,11/2/2017,11/30/2017,2/6/2013 12:47:06 PM,LILA,12/28/2015 9:40:57 AM,STEVE,N,10421
HANDY100,PO,HANDY WACKS CORPORATION,P.O. BOX 129,,SPARTA,MI,49345-0026,1-800-445-4434,1-616-887-6110,,"JO,DELORES",DSC@DYALSALES.COM,"JO,DELORES",DSC@DYALSALES.COM,,,,,HANDY WACKS CORPORATION,100 E AVERILL,,SPARTA,MI,49345,5000,,,1200,,0,1000,0,N30,Best Way,N,P,OI,N,,,,0,0,Call,,,,0,0,0,0,0,0,0,0,Cur,N,0,25,2/20/2013,5/19/2020,212893,5/20/2020,6/12/2020,2/20/2013 2:52:19 PM,JACKIE,12/28/2015 9:31:06 AM,STEVE,N,10424
HANDG100,PO,HANDGARDS INC.,901 HAWKINS BLVD,,EL PASO,TX,79915-1202,1-800-351-8161,1-800-766-2936,www.handgards.com,JOHN,jcarpenter@handgards.com,SHANNON,sbrownlow@handgards.com,,,,,HANDGARDS INC.,901 HAWKINS BLVD,,EL PASO,TX,79915-1202,5000,,,1200,,0,0,0,N30,Best Way,N,P,OI,N,,,,0,0,Call,,,,0,0,0,0,0,0,0,0,Cur,N,0,27,2/26/2013,7/15/2013,205458,7/16/2013,8/15/2013,2/26/2013 9:04:19 AM,JACKIE,3/13/2013 2:23:29 PM,JACKIE,N,10425
PLAST100,PO,PLASTIFAR,1877 NORTHWEST 32ND ST,,MIAMI,FL,33142,809-564-3080,,,,,BART,BDYAL@DYALSALES.COM,,,,,PLASTIFAR,1877 NORTHWEST 32ND ST,,MIAMI,FL,33142,0,,,1200,,0,0,3000,N30,Best Way,N,P,OI,N,,,,14,0,Call,,,,0,0,0,0,0,0,0,0,Cur,N,0,27,4/10/2013,7/29/2013,205526,7/22/2013,8/15/2013,2/27/2013 2:32:39 PM,LILA,8/27/2013 2:59:49 PM,JOHN,N,10426
WHITE100,PO,WHITEHALL PRODUCTS,4514 S CHURCH AVENUE,,TAMPA,FL,33611,1-800-262-1258,1-813-248-2349,http://www.whitehall-products.com/,JULIE,JRICHARDSON@WHITEHALL-PRODUCTS.COM,WILL,WJUSTIN@WHITEHALL-PRODUCTS.COM,WILL,WJUSTIN@WHITEHALL-PRODUCTS.COM,,,WHITEHALL PRODUCTS,4514 S CHURCH AVENUE,,TAMPA,FL,33611,5000,,,1200,,0,0,0,110,Best Way,N,P,OI,N,,,,0,0,Call,,,,0,0,0,0,0,0,0,0,Cur,N,0,30,3/5/2013,7/21/2015,208795,8/7/2015,8/17/2015,3/5/2013 4:33:26 PM,JACKIE,12/28/2015 8:56:28 AM,STEVE,N,10427
ROYAL100,PO,AMERCAREROYAL LLC,PO Box 62824,,Baltimore,MD,21264-2824,1-610-384-3400,1- 610-384-5106,www.amercareroyal.com,Natalie,natalie.grassman@amercareroyal.com,,,Accounts,ardept@amercareroyal.com,,,AMERCARE ROYAL LLC,PO Box 62824,,Baltimore,MD,21264-2824,7000,,,1200,,0,0,330,N30,Best Way,N,P,OI,N,,,,0,0,EMail,,,,0,0,0,0,0,0,0,0,Cur,N,0,28,3/25/2013,6/21/2018,211659,6/25/2018,7/20/2018,3/6/2013 4:49:30 PM,JACKIE,8/19/2022 11:51:10 AM,JEFF,N,10428
AMSAN100,PO,THE HOME DEPOT PRO INSTITUTIONAL,PO Box  404468,,ATLANTA,GA,30384,904-993-0474,,,,,CUSTOMER,PROINSTITUTIONAL_CUSTOMER-CARE@HOMEDEPOT.COM,,,,,THE HOME DEPOT PRO INSTITUTIONAL,4601 BULLS BAY HWY,,JACKSONVILLE,FL,32219,50000,,,1200,,0,0,0,N30,Best Way,N,P,OI,N,605973 our customer number,,605973,3,7,Call,,,1333.54,186.32,110.8,75.05,0,0,0,0,4971.5,Del,Y,75.05,0,3/26/2013,2/11/2026,215990,3/26/2026,3/26/2026,3/25/2013 3:38:34 PM,LILA,7/30/2025 9:40:25 AM,NATE,N,10432
PALLE110,PO,PALLET DOCTOR,221 N HOGAN STREET,,JACKSONVILLE,FL,32203,904-803-2255,,,,,ERIC,,,,,,PALLET DOCTOR,221 N HOGAN STREET,,JACKSONVILLE,FL,32203,0,,,1200,,500,0,0,(UNASSIGNED),Best Way,N,P,OI,N,COD,,,0,0,Call,,,,0,0,0,0,0,0,0,0,Cur,N,0,16,4/23/2013,5/23/2013,205209,5/24/2013,4/25/2013,3/29/2013 8:13:14 AM,JACKIE,4/23/2013 11:00:13 AM,JACKIE,N,10433
GREAT100,PO,GREAT AMERICAN PAPER INC,251 CAROLINA BEST DRIVE,,INMAN,SC,29349,864-472-8022  EXT 2022,864-472-8378,,,,,,,,,,GREAT AMERICAN PAPER INC,251 CAROLINA BEST DRIVE,,INMAN,SC,29349,5000,,,1200,,0,0,0,N30,Best Way,N,P,OI,N,,,,5,3,Call,,,,0,0,0,0,0,0,0,0,Cur,N,0,32,4/2/2013,4/24/2014,206933,4/29/2014,6/1/2014,4/2/2013 3:29:43 PM,LILA,,,N,10434
ACADE100,PO,ACADEMY SPORTS & OUTDOORS,,,,,,904-564-5010,,,,,,,,,,,ACADEMY SPORTS & OUTDOORS,,,,,,0,,,1200,,0,0,0,CC,Best Way,N,P,OI,N,,,,0,0,Call,,,,0,0,0,0,0,0,0,0,Cur,N,0,1,4/17/2013,5/23/2013,205215,5/23/2013,5/23/2013,4/17/2013 11:07:17 AM,JOHN,,,N,10435
AMERI100,AP,AMERICAN FIRE SERVICE INC,108 HALSEMA ROAD NORTH,,JACKSONVILLE,FL,32220,904-781-2483,904-781-2460,,,,,,,,,,AMERICAN FIRE SERVICE INC,108 HALSEMA ROAD NORTH,,JACKSONVILLE,FL,32220,0,,,6430,,0,0,0,(UNASSIGNED),Best Way,N,P,OI,N,,,,0,0,Call,,,,0,0,0,0,0,0,0,0,Cur,N,0,11,,,,2/15/2023,3/10/2023,4/23/2013 11:40:28 AM,JACKIE,4/23/2013 12:06:41 PM,JACKIE,N,10439
MARCO100,PO,"MARKO, INC",JANITORIAL SUPPLIES,1310 SOUTHPORT ROAD,SPARTANBURG,SC,29306,864-585-2259,864-585-0750,,,,,,,,,,"MARKO, INC",JANITORIAL SUPPLIES,1310 SOUTHPORT ROAD,SPARTANBURG,SC,29306,0,,,1200,,0,0,0,CC,Best Way,N,P,OI,N,,,,3,7,EMail,,,,0,0,0,0,0,0,0,0,Cur,N,0,6,4/29/2013,4/29/2013,205091,4/23/2013,4/29/2013,4/29/2013 10:06:00 PM,LILA,4/29/2013 10:19:37 PM,LILA,N,10441
A1FOR100,AP,"A-1 FORKLIFT SERVICE, INC",4320 DEERWOOD LAKE PARKWAY,SUITE 101-195,JACKSONVILLE,FL,32216,904-354-9200,904-398-1065,,Brenda,,,,Brenda,,,,"A-1 FORKLIFT SERVICE, INC",4320 DEERWOOD LAKE PARKWAY,SUITE 101-195,JACKSONVILLE,FL,32216,0,,,6430,,0,0,0,N10,Best Way,N,P,EX,N,,,,0,0,Call,,,,0,0,0,0,0,0,0,0,Cur,N,0,52,,,,11/29/2024,1/21/2025,4/29/2013 10:17:04 PM,LILA,6/6/2022 11:41:55 AM,NATE,N,10442
PLUGFONES,PO,PLUGFONES,WWW.PLUGFONES.COM,,,,,,,,,,,,,,,,PLUGFONES,WWW.PLUGFONES.COM,,,,,0,,,1200,,0,0,0,CC,Best Way,N,P,OI,N,,,,0,0,Call,,,,0,0,0,0,0,0,0,0,Cur,N,0,39,5/2/2013,6/4/2014,207098,6/4/2014,7/20/2014,5/2/2013 1:19:57 PM,JOHN,6/4/2014 12:32:30 PM,JOHN,N,10444
MARENG,PO,MARTIN ENGINEERING CO.,,,,,,309-594-2384,,,,,,,,,,,MARTIN ENGINEERING CO.,,,,,,0,,,1200,,0,0,0,CC,Best Way,N,P,OI,N,,,,0,0,Call,,,,0,0,0,0,0,0,0,0,Cur,N,0,21,5/7/2013,5/7/2013,205136,6/7/2013,6/11/2013,5/7/2013 2:50:32 PM,JOHN,5/7/2013 2:54:25 PM,JOHN,N,10447
AUTOM110,PO,AUTOMATED BUSINESS MACHINES,2282 ATLANTIC BLVD,,,,,398-1776,,,,,,,,,,,AUTOMATED BUSINESS MACHINES,2282 ATLANTIC BLVD,,,,,0,,,1200,,0,0,0,CC,Best Way,N,P,OI,N,,,,0,0,Call,,,,0,0,0,0,0,0,0,0,Cur,N,0,33,5/9/2013,5/9/2013,205147,6/11/2013,5/9/2013,5/9/2013 10:32:06 AM,JOHN,5/9/2013 10:34:34 AM,JOHN,N,10449
DELLB100,AP,DELL BUSINESS CREDIT,PAYMENT PROCESSING CENTER,PO BOX 5275,CAROL STREAM,IL,60197-5275,866-413-3355,,,,,,,,,,,DELL BUSINESS CREDIT,PAYMENT PROCESSING CENTER,PO BOX 5275,CAROL STREAM,IL,60197-5275,50000,,,1540,,0,0,0,N10,Best Way,N,P,EX,N,,,,0,0,Call,,,,0,0,0,0,0,0,0,0,Cur,N,0,7,,,,3/4/2015,3/13/2015,6/16/2013 9:17:24 PM,LILA,6/17/2013 6:41:32 PM,LILA,N,10450
PINNA100,PO,PINNACLE FILMS,(INTEPLAST GROUP),PO BOX 277148,ATLANTA,GA,30384-7148,704-504-3200,,,,,,,,,,,PINNACLE FILMS,(INTEPLAST GROUP),PO BOX 277148,ATLANTA,GA,30384-7148,0,,,1200,,0,0,0,N30,Best Way,N,P,OI,N,,,,0,0,Call,,,,0,0,0,0,0,0,0,0,Cur,N,0,35,1/8/2014,9/4/2014,207520,7/27/2015,8/28/2015,7/20/2013 1:37:30 PM,LILA,12/28/2015 1:54:39 PM,STEVE,N,10451
REACON,AP,READING CONSUMER PRODUCTS,80 WITMAN ROAD,,READING,PA,19605,888-365-0400,610-929-1670,WWW.READINGCONSUMERPRODUCT,MICHELLE,,,,,,,,READING CONSUMER PRODUCTS,80 WITMAN ROAD,,READING,PA,19605,0,,,1200,,0,0,0,COD,Best Way,N,P,OI,N,,,,0,0,Call,,,,0,0,0,0,0,0,0,0,Cur,N,0,0,,,,,,7/26/2013 4:07:02 PM,RANDY,7/29/2013 8:09:50 AM,RANDY,N,10453
DYALS100,PO,DYAL SALES,5807 MACY AVENUE,,JACKSONVILLE,FL,32211,904-744-4173,,,,,,,,,,,DYAL SALES,5807 MACY AVENUE,,JACKSONVILLE,FL,32211,0,,,1200,,0,0,0,N30,Best Way,N,P,OI,N,,,,0,0,Call,,,,0,0,0,0,0,0,0,0,Cur,N,0,71,10/9/2013,11/21/2022,214288,10/3/2022,7/18/2024,8/10/2013 11:03:40 AM,JACKIE,11/22/2023 10:17:51 AM,JEFF,N,10454
CCPIN100,PO,CCP INDUSTRIES,THE TRANZONIC COMPANIES,PO BOX 734569,CHICAGO,IL,60673-4569,800-321-2840,,,CHRIS,CSTUTTS@CCPIND.COM,,,Monica,mmontgomery@tranzonic.com,,,THE TRANZONIC COMPANIES,26301 CURTIS WRIGHT PKWY,#200,RICHMOND HTS,OH,44143,0,,,1200,,0,0,0,CC,Best Way,N,P,OI,N,,,,0,0,EMail,,,,0,0,0,0,0,0,0,0,Cur,N,0,21,8/16/2013,9/7/2021,213605,10/18/2022,5/8/2023,8/15/2013 9:23:33 AM,LILA,2/8/2023 10:41:56 AM,JEFF,N,10455
SAFET100,PO,THE SAFETY ZONE,PO BOX 845090,,BOSTON,MA,02284-5090,800-821-5702,800-783-2987,,,,,,,,,,THE SAFETY ZONE,PO BOX 449,385 LONG HILL RD,GUILFORD,CT,6437,0,,,1200,,0,0,0,N30,Best Way,N,P,OI,N,,,,0,0,EMail,,,,0,0,0,0,0,0,0,0,Cur,N,0,14,8/15/2013,10/9/2020,213113,10/8/2020,10/30/2020,8/15/2013 10:15:19 AM,LILA,1/6/2020 8:50:14 AM,NATE,N,10456
LEADI100,PO,"LEADING EDGE PRODUCTS, INC.",4867 MERCURY STREET,,SAN DIEGO,CA,92111,1-858-576-8542,1-858-576-8415,,,,,,,,,,"LEADING EDGE PRODUCTS, INC.",4867 MERCURY STREET,,SAN DIEGO,CA,92111,0,,,1200,,1000,0,0,CC,Best Way,N,P,OI,N,,,,0,0,Call,,,,0,0,0,0,0,0,0,0,Cur,N,0,28,8/25/2013,7/23/2014,207309,2/1/2015,3/6/2015,8/25/2013 2:15:38 PM,RANDY,1/16/2014 3:45:31 PM,JOHN,N,10458
AIRGA110,AP,AIRGAS DRY ICE,6953 STUART AVE,,JACKSONVILLE,FL,32254,781-2055,,,,,,,,,,,AIRGAS DRY ICE,6953 STUART AVE,,JACKSONVILLE,FL,32254,0,,,1200,,0,0,0,(UNASSIGNED),Best Way,N,P,OI,N,,,,0,0,Call,,,,0,0,0,0,0,0,0,0,Cur,N,0,0,,,,,,8/27/2013 7:56:44 AM,JOHN,,,N,10460
AIRGA120,PO,AIRGAS DRY ICE,6953 STUART AVE.,,JACKSONVILLE,FL,32254,904-781-2055,,,,,,,,,,,AIRGAS DRY ICE,6953 STUART AVE.,,JACKSONVILLE,FL,32254,0,,,1200,,0,0,0,COD,Best Way,N,P,OI,N,,,,0,0,Call,,,,0,0,0,0,0,0,0,0,Cur,N,0,0,8/27/2013,8/27/2013,205666,8/27/2013,8/27/2013,8/27/2013 7:59:52 AM,JOHN,,,N,10461
DREWF100,PO,DREW FOAM COMPANIES INC.,144 INDUSTRIAL DRIVE,,MONTICELLO,AR,71655,800-643-1206,800-367-2697,,KAREN,,ROD,RLGENTRY@COMCAST.NET,,,,,DREW FOAM COMPANIES INC.,144 INDUSTRIAL DRIVE,,MONTICELLO,AR,71655,1000,,,1200,,1000,0,0,N30,Best Way,N,P,OI,N,,,,0,0,EMail,,,,0,0,0,0,0,0,0,0,Cur,N,0,0,10/17/2013,10/17/2013,205983,9/27/2013,9/27/2013,9/8/2013 10:16:43 AM,RANDY,10/6/2013 12:08:11 PM,JACKIE,N,10462
NEWCO100,PO,NEWCO ENTERPRISES,3650 NEW TOWN BLVD,,ST. CHARLES,MO,63301,636-925-1202,,,,,,,,,,,NEWCO ENTERPRISES,3650 NEW TOWN BLVD,,ST. CHARLES,MO,63301,0,,,1200,,0,0,0,CC,Best Way,N,P,OI,N,,,,0,0,Call,,,,0,0,0,0,0,0,0,0,Cur,N,0,0,9/27/2013,9/27/2013,205857,9/19/2013,9/19/2013,9/27/2013 7:36:43 AM,JOHN,9/27/2013 7:41:17 AM,JOHN,N,10463
ALLIA110,PO,ALLIANCE PLASTICS,P O BOX 1587,,FORT MILL,SC,29716,803-372-6009,803-372-6007,,KERTRA,KEITRA@ALLIANCEPLASTICS.NET,KERTRA,KEITRA@ALLIANCEPLASTICS.NET,,,,,ALLIANCE PLASTICS,P O BOX 1587,,FORT MILL,SC,29716,0,,,1200,,0,0,0,N30,Best Way,N,P,OI,N,,,,0,0,Call,,,,0,0,0,0,0,0,0,0,Cur,N,0,27,10/6/2013,1/22/2014,206482,2/8/2014,3/3/2014,10/1/2013 5:01:50 PM,RANDY,10/6/2013 10:39:49 AM,JACKIE,N,10467
GLOBA100,AP,"GLOBALTRANZ ENTERPRISES, INC.",P.O. BOX 203285,,DALLAS,TX,75320-3285,1-866-275-1407,,,,,,,,,,,"GLOBALTRANZ ENTERPRISES, INC.",P.O. BOX 203285,,DALLAS,TX,75320-3285,0,,,6570,,0,0,0,N15,Best Way,N,P,OI,N,,,,0,0,Call,,,,0,0,0,0,0,0,0,0,Cur,N,0,3,,,,5/21/2019,5/21/2019,10/12/2013 2:26:30 PM,JACKIE,3/26/2014 10:17:08 AM,JOHN,N,10468
ROBIN100,PO,ROBINSON TAPE AND LABEL,P O BOX 600460,,JACKSONVILLE,FL,32260-0460,9047312001,9047374416,,,,,,,,,,ROBINSON TAPE AND LABEL,P O BOX 600460,,JACKSONVILLE,FL,32260-0460,0,,,1200,,0,0,0,(UNASSIGNED),Best Way,N,P,OI,N,,,,0,0,Call,,,,0,0,0,0,0,0,0,0,Cur,N,0,0,10/18/2013,10/18/2013,205988,10/18/2013,10/18/2013,10/18/2013 11:04:58 AM,JACKIE,10/18/2013 11:06:37 AM,JACKIE,N,10469
ACCES100,PO,ACCESS FLOOR SYSTEMS,P.O. BOX 1148,,ABITA SPRINGS,LA,70420,800-868-8606,,,,,,,,,,,ACCESS FLOOR SYSTEMS,P.O. BOX 1148,,ABITA SPRINGS,LA,70420,0,,,1200,,0,0,0,CC,Best Way,N,P,OI,N,,,,0,0,Call,,,,0,0,0,0,0,0,0,0,Cur,N,0,2,10/21/2013,10/21/2013,205994,10/25/2013,10/23/2013,10/21/2013 9:44:10 AM,JOHN,,,N,10471
INDEP100,PO,"INDEPENDENT ADHESIVES COATINGS, LLC",8301 N.W. 101 1ST STREET TERRACE,ST.15 EXECUTIVE TECHNICAL CENTER PK,KANSAS CITY,MO,64153,816-421-6334,816-421-1175,,,,,,,,,,"INDEPENDENT ADHESIVES COATINGS, LLC",8301 N.W. 101 1ST STREET TERRACE,ST.15 EXECUTIVE TECHNICAL CENTER PK,KANSAS CITY,MO,64153,0,,,1200,,0,0,0,N10,Best Way,N,P,OI,N,,,,0,0,FAX,,,,0,0,0,0,0,0,0,0,Cur,N,0,10,10/30/2013,10/30/2013,206054,10/31/2013,11/10/2013,10/29/2013 4:35:44 PM,BRITTANY,11/3/2013 1:06:55 PM,JACKIE,N,10472
CARPE100,PO,CARPENTER CO.,5100 FRONTAGE RD,,LAKELAND,FL,33815,863-687-9494,863-688-3703,,,,,,,,,,CARPENTER CO.,5100 FRONTAGE RD,,LAKELAND,FL,33815,0,,,1200,,0,0,0,N30,Best Way,N,P,OI,N,,,,0,0,Call,,,,0,0,0,0,0,0,0,0,Cur,N,0,30,11/4/2013,1/24/2014,206500,1/29/2014,2/22/2014,11/3/2013 11:39:22 AM,JACKIE,,,N,10473
CARPE110,PO,CARPENTER,5016 MONUMENT AVUENUE,,RICHMOND,VA,23230,8888359232,1-863-688-3703,,,,,,,,,,CARPENTER,5016 MONUMENT AVUENUE,,RICHMOND,VA,23230,0,,,1200,,0,0,0,(UNASSIGNED),Best Way,N,P,OI,N,,,,0,0,Call,,,,0,0,0,0,0,0,0,0,Cur,N,0,17,2/19/2014,7/9/2014,207260,7/15/2014,7/21/2014,11/4/2013 9:40:10 AM,JACKIE,2/19/2014 11:12:37 AM,JACKIE,N,10474
K&JEN100,PO,K & J ENTERPRISES,1400  E. GREER STREET,,DURHAM,NC,27704,919-682-8450,919-683-5094,,,,,,,,,,K & J ENTERPRISES,1400  E. GREER STREET,,DURHAM,NC,27704,0,,,1200,,0,0,0,CC,Best Way,N,P,OI,N,,,,0,0,Call,,,,0,0,0,0,0,0,0,0,Cur,N,0,0,11/5/2013,11/5/2013,206101,11/4/2013,11/4/2013,11/5/2013 2:58:39 PM,JOHN,4/11/2014 9:52:31 AM,JOHN,N,10475
CELLO100,PO,CELLOFOAM,11237 ASTRONAUT BLVD,,ORLANDO,FL,32837,,1-407-888-9305,,,,,,,,,,CELLOFOAM,11237 ASTRONAUT BLVD,,ORLANDO,FL,32837,0,,,1200,,0,0,0,CC,Best Way,N,P,OI,N,,,,0,0,Call,,,,0,0,0,0,0,0,0,0,Cur,N,0,3,11/7/2013,11/7/2013,206121,11/8/2013,11/11/2013,11/7/2013 4:33:00 PM,JACKIE,11/23/2013 7:43:44 PM,RANDY,N,10476
MICHA100,AP,"MICHAEL CORRIGAN, TAX COLLECOTR",231 E FORSYTHE ST STE 300,,JACKSONVILLE,FL,32202-3345,,,,,,,,,,,,"MICHAEL CORRIGAN, TAX COLLECOTR",231 E FORSYTHE ST STE 300,,JACKSONVILLE,FL,32202-3345,0,,,2255,,0,0,0,N10,Best Way,N,P,OI,N,,,,0,0,Call,,,,0,0,0,0,0,0,0,0,Cur,N,0,3,,,,4/23/2018,5/4/2018,11/10/2013 10:57:07 AM,NEAL,10/28/2015 2:03:25 PM,STEVE,N,10477
JACKS100,PO,JACKSONVFILL,1420 VANTAGE WAY SOUTH,,JACKSONVILLE,FL,32218,,,,,,,,,,,,JACKSONVFILL,1420 VANTAGE WAY SOUTH,,JACKSONVILLE,FL,32218,0,,,1200,,0,0,0,(UNASSIGNED),Best Way,N,P,OI,N,,,,0,0,Call,,,,-652.46,0,0,0,0,0,0,0,Cur,N,0,0,11/13/2013,11/13/2013,206150,11/11/2013,11/11/2013,11/11/2013 11:26:18 AM,JACKIE,11/11/2013 11:32:38 AM,JACKIE,N,10478
SOUTH100,PO,SOUTHWEST PAPER SALES INC,210 NORTH INDUSTRIAL PARK ROAD,,LIVINGSTON,AL,35470,1-205-795-3650,1-205-652-2804,WWW.SOUTHWESTPAPERSALES.COM,,,,,,,,,SOUTHWEST PAPER SALES INC,210 NORTH INDUSTRIAL PARK ROAD,,LIVINGSTON,AL,35470,0,,,1200,,0,0,0,CC,Best Way,N,P,OI,N,,,,0,0,Call,,,,0,0,0,0,0,0,0,0,Cur,N,0,10,11/23/2013,6/13/2014,207142,6/16/2014,7/20/2014,11/13/2013 12:05:20 PM,JACKIE,11/23/2013 10:49:45 AM,JACKIE,N,10479
POLAR110,PO,POLAR TECH INDUSTRIES,415 EAST RAILROAD AVE.,,GENO0A,IL,60135,1-800-423-2749  X627,,,,,,,,,,,POLAR TECH INDUSTRIES,415 EAST RAILROAD AVE.,,GENO0A,IL,60135,0,,,1200,,0,0,0,CC,Best Way,N,P,OI,N,,,,0,0,Call,,,,0,0,0,0,0,0,0,0,Cur,N,0,0,,,,11/19/2013,11/19/2013,11/18/2013 1:56:08 PM,JOHN,,,N,10481
SWALT100,PO,S. WALTER PACKAGING,PO BOX 71225,,PHILADELPHIA,PA,19176-6225,1-215-676-8888,1-215-698-7119,,MARY ANN,,,,,,,,S. WALTER PACKAGING,2900 GRANT AVENUE,,PHILADELPHIA,PA,19114,0,,,1200,,0,0,0,N30,Best Way,N,P,OI,N,acount # FLOR73,,,0,0,EMail,,,,0,0,0,0,0,0,0,0,Cur,N,0,19,11/20/2013,6/17/2020,212923,8/18/2020,9/4/2020,11/20/2013 8:40:00 AM,JACKIE,9/10/2019 8:52:14 AM,NEAL,N,10482
HOTST100,PO,HOT STICK ADHESIVES LLC,4201 N 450 E,,COLUMBIA CITY,IN,46725,,,,,,,,,,,,HOT STICK ADHESIVES LLC,4201 N 450 E,,COLUMBIA CITY,IN,46725,0,,,1200,,0,0,0,N30,Best Way,N,P,OI,N,,,,0,0,Call,,,,0,0,0,0,0,0,0,0,Cur,N,0,8,1/6/2014,3/6/2014,206684,3/6/2014,3/23/2014,1/6/2014 10:24:40 AM,JOHN,,,N,10484
TOOLS110,PO,TOOL SHACK INC,226 EDGEWOOD AVE. SOUTH,,JACKSONVILLE,FL,32254,904-387-1466,,,,,,,,,,,TOOL SHACK INC,226 EDGEWOOD AVE. SOUTH,,JACKSONVILLE,FL,32254,0,,,1200,,0,0,0,CC,Best Way,N,P,OI,N,,,,0,0,Call,,,,0,0,0,0,0,0,0,0,Cur,N,0,17,1/27/2014,1/27/2014,206507,1/15/2014,2/1/2014,1/27/2014 2:12:29 PM,JOHN,,,N,10485
BRENN100,PO,BRENNTAG MID-SOUTH INC,3796 RELIABLE PKWY,,CHICAGO,IL,60686-0037,1-800-876-1727 EXT 3212,407-851-3512,,MELISSA,MAsay@brenntag.com,MELISSA,MAsay@brenntag.com,,,,,BRENNTAG MID-SOUTH INC,250 CENTRAL FLA PKWY,,ORLANDO,FL,32824,0,,,1200,,0,0,0,N30,Best Way,N,P,OI,N,,,,0,0,Call,,,,0,0,0,0,0,0,0,0,Cur,N,0,22,2/14/2014,3/27/2019,212183,4/1/2019,4/26/2019,2/13/2014 2:02:10 PM,JACKIE,4/18/2016 12:43:24 PM,NEAL,N,10486
WEPAK,PO,WEPAK CORP.,P.O. BOX 36803,,CHARLOTTE,NC,28236,704-334-5781,704-343-9757,,,,,,,,,,WEPAK CORP.,P.O. BOX 36803,,CHARLOTTE,NC,28236,0,,,1200,,0,0,0,N30,Best Way,N,P,OI,N,,,1033,0,0,Call,,,,0,0,0,0,0,0,0,0,Cur,N,0,41,3/5/2014,6/27/2014,207203,6/26/2014,7/20/2014,3/5/2014 3:24:12 PM,JOHN,3/8/2014 11:52:52 AM,NEAL,N,10488
ECOWA100,PO,ECOWARE,,,,,,6048801148,,,,,,,,,,,ECOWARE,,,,,,0,,,1200,,0,0,0,(UNASSIGNED),Best Way,N,P,OI,N,,,,0,0,Call,,,,0,0,0,0,0,0,0,0,Cur,N,0,15,4/8/2014,4/8/2014,206847,4/3/2014,4/18/2014,4/8/2014 9:40:36 AM,JACKIE,4/8/2014 9:41:02 AM,JACKIE,N,10489
ECOPR100,PO,ECO-PRODUCTS INC,4755 WALNUT STREET,,BOULDER,CO,80301,,,,,,,,,,,,ECO-PRODUCTS INC,4755 WALNUT STREET,,BOULDER,CO,80301,0,,,1200,,0,0,0,(UNASSIGNED),Best Way,N,P,OI,N,,,,0,0,Call,,,,0,0,0,0,0,0,0,0,Cur,N,0,34,4/30/2014,4/30/2014,206964,4/28/2014,6/1/2014,4/28/2014 9:04:17 AM,JACKIE,4/28/2014 9:06:10 AM,JACKIE,N,10490
WELCH100,AP,WELCH-GARDNER DENVER,,,,,,,,,,,,,,,,,WELCH-GARDNER DENVER,,,,,,0,,,1200,,0,0,0,(UNASSIGNED),Best Way,N,P,OI,N,,,,0,0,Call,,,,0,0,0,0,0,0,0,0,Cur,N,0,0,,,,,,5/6/2014 3:38:17 PM,JOHN,,,N,10491
WELCH110,PO,WELCH-GARDNER DENVER,,,,,,407-366-6391,,,,,KARL,KARL.DIENST@GARDNERDENVER.COM,,,,,WELCH-GARDNER DENVER,,,,,,0,,,1200,,0,0,0,CC,Best Way,N,P,OI,N,,,,0,0,USMail,,,,0,0,0,0,0,0,0,0,Cur,N,0,24,5/9/2014,5/9/2014,206984,5/9/2014,6/2/2014,5/7/2014 8:30:06 AM,JOHN,5/9/2014 9:41:00 AM,JOHN,N,10492
SMITH110,PO,SMITH PACKAGING,P.O 5858,,JACKSONVILLE,FL,32247,904-731-4193,904-731-9889,,,,,,,,,,SMITH PACKAGING,P.O 5858,,JACKSONVILLE,FL,32247,0,,,1200,,0,0,0,N30,Best Way,N,P,OI,N,,,,0,0,Call,,,,0,0,0,0,0,0,0,0,Cur,N,0,16,5/13/2014,5/7/2015,208487,1/3/2017,1/27/2017,5/13/2014 11:22:46 AM,JOHN,,,N,10493
CAMPI100,PO,CAMPING WORLD,10101 INTERSTATE CENTER DRIVE,,JACKSONVILLE,FL,32218,18772614327,,,,,,,,,,,CAMPING WORLD,10101 INTERSTATE CENTER DRIVE,,JACKSONVILLE,FL,32218,0,,,1200,,0,0,0,(UNASSIGNED),Best Way,N,P,OI,N,,,,0,0,Call,,,,0,0,0,0,0,0,0,0,Cur,N,0,0,5/28/2014,9/17/2014,207562,,,5/28/2014 10:38:51 AM,JACKIE,,,N,10494
HARBO100,PO,HARBOR FREIGHT TOOLS,9861 BEACH BLVD,,JACKSONVILLE,FL,32246,904-998-4503,,,,,,,,,,,HARBOR FREIGHT TOOLS,9861 BEACH BLVD,,JACKSONVILLE,FL,32246,0,,,1200,,0,0,0,(UNASSIGNED),Best Way,N,P,OI,N,,,,0,0,Call,,,,0,0,0,0,0,0,0,0,Cur,N,0,46,6/4/2014,6/4/2014,207100,6/4/2014,7/20/2014,6/4/2014 3:05:01 PM,JACKIE,,,N,10495
NORTH110,PO,NORTHERN TOOL & EQUIPMENT,10000 ATLANTIC BLVD,,JACKSONVILLE,FL,32225,,,,,,,,,,,,NORTHERN TOOL & EQUIPMENT,10000 ATLANTIC BLVD,,JACKSONVILLE,FL,32225,0,,,1200,,0,0,0,CC,Best Way,N,P,OI,N,,,,0,0,Call,,,,0,0,0,0,0,0,0,0,Cur,N,0,3,6/17/2014,10/22/2015,209112,7/17/2014,7/20/2014,6/17/2014 2:28:36 PM,JOHN,,,N,10497
EXPAN100,PO,EXPANDED TECHNOLOGY,6520 46TH STREET,,KENOSHA,WI,53144,8886547720,2626545020,,,,,,,,,,EXPANDED TECHNOLOGY,,,,,,0,,,1200,,0,0,0,N30,Best Way,N,P,OI,N,,,,0,0,Call,,,,0,0,0,0,0,0,0,0,Cur,N,0,28,6/23/2014,7/31/2015,208842,8/5/2015,9/4/2015,6/23/2014 10:14:57 AM,JACKIE,8/19/2015 11:37:15 AM,STEVE,N,10498
ORAMD100,PO,ORAM DISTRIBUTORS INC,1224 JAMAICA CT,,JACKSONVILLE,FL,32216,9047256331,,,,,,,,,,,ORAM DISTRIBUTORS INC,1224 JAMAICA CT,,JACKSONVILLE,FL,32216,0,,,1200,,0,0,0,(UNASSIGNED),Best Way,N,P,OI,N,,,,0,0,Call,,,,0,0,0,0,0,0,0,0,Cur,N,0,0,,,,,,7/1/2014 9:29:40 AM,JACKIE,,,N,10499
SHOPL100,PO,SHOPLET.COM,,,,,,,,,,,,,,,,,SHOPLET.COM,,,,,,0,,,1200,,0,0,0,(UNASSIGNED),Best Way,N,P,OI,N,,,,0,0,Call,,,,0,0,0,0,0,0,0,0,Cur,N,0,0,,,,,,7/3/2014 10:34:44 AM,JACKIE,7/3/2014 10:35:10 AM,JACKIE,N,10500
DANDE100,AP,DANDEE FOODS,2178 WEST 21ST STREET,,JACKSONVILLE,FL,32209,904-353-0025,904-354-3846,,,,,,,,,,DANDEE FOODS,2178 WEST 21ST STREET,,JACKSONVILLE,FL,32209,0,,,1200,,0,0,0,(UNASSIGNED),Best Way,N,P,OI,N,,,,0,0,Call,,,,0,0,0,0,0,0,0,0,Cur,N,0,0,,,,,,7/11/2014 9:02:44 AM,NEAL,,,N,10501
VACUU100,PO,VACUUM CITI,9907 GEORGETOWN PIKE,,GREAT FALLS,VA,,703-635-7521,,,,,,,,,,,VACUUM CITI,9907 GEORGETOWN PIKE,,GREAT FALLS,VA,,0,,,1200,,0,0,0,(UNASSIGNED),Best Way,N,P,OI,N,,,,0,0,Call,,,,0,0,0,0,0,0,0,0,Cur,N,0,0,,,,,,7/11/2014 9:25:37 AM,JACKIE,,,N,10502
WEBRE100,PO,WEBSTAURANTSTORE.COM,,,,,,717-392-7472,,WWW.WEBSTAURANTSTORE.COM,,,,,,,,,WEBSTAURANTSTORE.COM,,,,,,0,,,1200,,0,0,0,(UNASSIGNED),Best Way,N,P,OI,N,,,,0,0,Call,,,,0,0,0,0,0,0,0,0,Cur,N,0,34,8/26/2014,9/30/2024,215285,6/10/2024,9/30/2024,8/20/2014 3:29:20 PM,JACKIE,1/26/2023 12:40:36 PM,JEFF,N,10503
TRELI100,PO,ACS,PO Box 845449,,BOSTON,MA,02284-5549,(401) 769-4700,,,Elaine,e.johnson@acsind.com,Elaine,e.johnson@acsind.com,Elaine,e.johnson@acsind.com,,,ACS / TRELIONI,1 New England Way,,Lincoln,RI,2865,0,,,1200,,0,0,0,N30,Best Way,N,P,OI,N,,,,0,0,EMail,,,5437.44,0.4,0,0,0,0,0,0,9890,Cur,N,0,19,9/24/2014,2/19/2026,216004,2/26/2026,4/7/2026,9/24/2014 10:32:43 AM,NEAL,11/22/2023 11:29:12 AM,NATE,N,10505
LACER100,PO,LACERTA GROUP INC,360 FORBES BLVD,,MANSFIELD,MA,2048,5083393312 ext 13,15083393313,,,,,,,,,,LACERTA GROUP INC,360 FORBES BLVD,,MANSFIELD,MA,2048,0,,,1200,,0,0,0,(UNASSIGNED),Best Way,N,P,OI,N,,,,0,0,Call,,,,0,0,0,0,0,0,0,0,Cur,N,0,0,,,,,,10/7/2014 12:35:38 PM,JACKIE,,,N,10506
IDMIN100,AP,IDMI.NET,,,,,,330-707-0432,,,Lindsey,,Lindsey,,,,,,idmi.net,,,,,,0,,,6185,,0,0,0,CC,Best Way,N,P,OI,N,,,,0,0,Call,,,40,496.5,0,0,0,0,20,476.5,0,Del,Y,496.5,5,,,,1/1/2026,9/24/2024,10/7/2014 1:19:47 PM,JOHN,10/29/2015 9:31:48 AM,STEVE,N,10507
ASSOC100,PO,ASSOCIATED PACKAGING INC.,435 CALVERT DRIVE,,GALLITIN,TN,37066-5448,813-889-9435,813-887-3487,,CHRISTINE,COSBORNE@ASSOCIATEDPACKAGING.COM,CHRISTINE,COSBORNE@ASSOCIATEDPACKAGING.COM,CHRISTINE,COSBORNE@ASSOCIATEDPACKAGING.COM,,,ASSOCIATED PACKAGING INC.,435 CALVERT DRIVE,,GALLITIN,TN,37066-5448,0,,,1200,,0,0,0,(UNASSIGNED),Best Way,N,P,OI,N,,,,0,0,Call,,,,0,0,0,0,0,0,0,0,Cur,N,0,43,10/13/2014,6/17/2015,208511,6/22/2015,7/17/2015,10/9/2014 4:52:25 PM,RANDY,12/28/2015 9:39:06 AM,STEVE,N,10508
MAINT100,PO,MAINTENANCE SUPPLY,P.O. BOX 41073,,JACKSONVILLE,FL,32203,904-502-5420,904-212-2122,,,,,,,,,,MAINTENANCE SUPPLY,P.O. BOX 41073,,JACKSONVILLE,FL,32203,0,,,1200,,0,0,0,N30,Best Way,N,P,OI,N,,,,0,0,Call,,,,0,0,0,0,0,0,0,0,Cur,N,0,29,10/13/2014,10/23/2015,209113,10/23/2015,11/13/2015,10/13/2014 5:06:33 PM,JACKIE,12/28/2015 9:19:01 AM,STEVE,N,10509
JANPA110,PO,JANPAK JACKSONVILLE,6600 PRITCHARD ROAD,SUITE300,JACKSONVILLE,FL,32219,,866-602-9313,,,,,,,,,,JANPAK JACKSONVILLE,6600 PRITCHARD ROAD,SUITE300,JACKSONVILLE,FL,32219,0,,,1200,,0,0,0,(UNASSIGNED),Best Way,N,P,OI,N,,,,0,0,Call,,,,0,0,0,0,0,0,0,0,Cur,N,0,52,10/16/2014,10/29/2014,207712,10/29/2014,9/1/2014,10/16/2014 11:32:46 AM,JACKIE,,,N,10510
LACER110,PO,LACERTA,360 FORBES BLVD,,MANSFIELD,MA,2048,508-339-3312,508-339-3313,,,,,,,,,,LACERTA,360 FORBES BLVD,,MANSFIELD,MA,2048,0,,,1200,,0,0,0,(UNASSIGNED),Best Way,N,P,OI,N,,,,0,0,Call,,,,0,0,0,0,0,0,0,0,Cur,N,0,0,,,,,,10/22/2014 9:25:43 AM,ADDYSON,,,N,10511
SUPPL110,PO,SUPPLY SOURCE,7076 DAVIS CREEK RD,,JACKSONVILLE,FL,32256,904-730-9966,904-730-5014,thesupplysource.com,,,ROBIN,rmoran@thesupplysource.com,,,,,SUPPLY SOURCE,7076 DAVIS CREEK RD,,JACKSONVILLE,FL,32256,0,,,1200,,0,0,0,(UNASSIGNED),Best Way,N,P,OI,N,,,,0,0,Call,,,,0,0,0,0,0,0,0,0,Cur,N,0,0,,,,,,10/27/2014 1:51:55 PM,JACKIE,3/4/2015 10:20:15 AM,STEVE,N,10513
REGEN100,PO,REGENCY WRAPS,2731 SATSUMA DRIVE,,DALLAS,TX,75229,214-357-0099,214-352-1029,,,,,,,,,,REGENCY WRAPS,2731 SATSUMA DRIVE,,DALLAS,TX,75229,0,,,1200,,0,0,0,(UNASSIGNED),Best Way,N,P,OI,N,,,,0,0,Call,,,,0,0,0,0,0,0,0,0,Cur,N,0,36,11/3/2014,3/27/2015,208327,3/27/2015,5/8/2015,10/30/2014 10:52:53 AM,JACKIE,12/28/2015 9:09:25 AM,STEVE,N,10514
ABATI100,PO,ABATIX CORP,2400 SKYLINE DR SUITE 400,,MESQUITE,TX,75149,,,,,,,,,,,,ABATIX CORP,2400 SKYLINE DR SUITE 400,,MESQUITE,TX,75149,0,,,1200,,0,0,0,(UNASSIGNED),Best Way,N,P,OI,N,,,,0,0,Call,,,,0,0,0,0,0,0,0,0,Cur,N,0,1,1/20/2015,1/20/2015,208045,1/20/2015,1/21/2015,1/20/2015 8:35:11 AM,BRITTANY,1/20/2015 8:36:38 AM,BRITTANY,N,10517
PRICE100,PO,PRICE GUN STORE,110 MORGAN HILL ROAD,PO BOX 517,MORGAN,PA,15064,1-800-346-7820,,PRICEGUN.COM,,,,,,,,,PRICE GUN STORE,110 MORGAN HILL ROAD,PO BOX 517,MORGAN,PA,15064,0,,,1200,,0,0,0,(UNASSIGNED),Best Way,N,P,OI,N,,,,0,0,Call,,,,0,0,0,0,0,0,0,0,Cur,N,0,0,1/27/2015,1/27/2015,208083,,,1/27/2015 10:32:11 AM,JACKIE,,,N,10518
OFFIC110,PO,OFFICE MAX,9450 ARLINGTON EXPRESSWAY,,JAX,FL,32225,904-248-3986,,,,,,,,,,,OFFICE MAX,9450 ARLINGTON EXPRESSWAY,,JAX,FL,32225,0,,,1200,,0,0,0,(UNASSIGNED),Best Way,N,P,OI,N,,,,0,0,Call,,,,0,0,0,0,0,0,0,0,Cur,N,0,0,2/10/2015,2/10/2015,208144,,,2/10/2015 12:14:19 PM,JACKIE,,,N,10519
COMCA100,AP,COMCAST,PO BOX 37601,,Philadelphia,PA,19101-0601,1-800-391-3000,,,,,,,,,,,COMCAST,PO BOX 37601,,Philadelphia,PA,19101-0601,0,,,6180,,0,0,0,N20,Best Way,N,P,OI,N,,,,0,0,Call,,,,725.89,0,0,0,0,0,725.89,0,Del,Y,725.89,10,,,,3/1/2024,4/18/2024,3/9/2015 2:57:41 PM,STEVE,5/15/2024 10:29:13 AM,JEFF,N,10520
STEP1100,AP,STEP 1,3525 OLD CONEJO RD,SUITE 110,NEWBURY PARK,CA,91320-2198,1-800-553-2602,1-805-499-7783,,,,,,,,,,STEP 1,3547 OLD CONEJO RD,SUITE 104,NEWBURY PARK,CA,91320-2160,0,,,6185,,0,0,0,CC,Best Way,N,P,OI,N,,,,0,0,Call,,,,337,0,0,0,0,0,337,0,Del,Y,337,8,,,,11/3/2025,4/18/2024,3/9/2015 3:19:25 PM,STEVE,5/1/2024 11:37:00 AM,NATE,N,10521
WORLD100,AP,WORLDWIDE EXPRESS,WWE JACKSONVILLE,P.O. BOX 501486,INDIANAPOLIS,IN,46250,866-449-4345,904-322-5058,,,,,,,,,,WORLDWIDE EXPRESS,WWE JACKSONVILLE,"1534 OAK ST, STE 301",JACKSONVILLE,FL,32204,0,,,6570,,0,0,0,COD,Best Way,N,P,OI,N,,,,0,0,Call,,,,0,0,0,0,0,0,0,0,Cur,N,0,6,,,,1/11/2017,1/18/2017,3/10/2015 10:15:00 AM,STEVE,1/22/2016 3:04:47 PM,NEAL,N,10522
NATIO110,AP,"NATIONAL TIRE SOLUTIONS, INC",9480 PICKWICK DR,,JACKSONVILLE,FL,32257,904-398-9544,904-398-9543,,JENNY,,JENNY,,,,,,"NATIONAL TIRE SOLUTIONS, INC",9480 PICKWICK DR,,JACKSONVILLE,FL,32257,0,,,6620,,0,0,0,(UNASSIGNED),Best Way,N,P,OI,N,,,,0,0,Call,,,,0,0,0,0,0,0,0,0,Cur,N,0,11,,,,12/31/2018,1/11/2019,3/10/2015 10:30:21 AM,STEVE,,,N,10523
FIRST100,AP,FIRST COAST BUSINESS MACHINES,6217 ST. AUGASTINE RD STE#24-303,,JACKSONVILLE,FL,32217,904-359-0040,,,Keone,,,,Keone,,,,FIRST COAST BUSINESS MACHINES,6217 ST. AUGASTINE RD STE#24-303,,JACKSONVILLE,FL,32217,0,,,6660,,0,0,0,CC,Best Way,N,P,OI,N,,,,0,0,Call,,,,0,0,0,0,0,0,0,0,Cur,N,0,16,,,,8/21/2024,9/24/2024,3/12/2015 11:34:07 AM,STEVE,1/23/2020 8:13:37 AM,RANDY,N,10524
BOOKK100,AP,BOOKKEEPING & TAX SOLUTIONS INC,6612 BARNES RD S,,JACKSONVILLE,FL,32216,904-333-4931,,,,,,,,,,,BOOKKEEPING & TAX SOLUTIONS INC,6612 BARNES RD S,,JACKSONVILLE,FL,32216,0,,,6360,,0,0,0,COD,Best Way,N,P,OI,N,,,,0,0,Call,,,,0,0,0,0,0,0,0,0,Cur,N,0,22,,,,1/20/2016,2/12/2016,3/18/2015 3:54:00 PM,STEVE,2/10/2016 4:39:01 PM,STEVE,N,10525
SUPPL120,AP,SUPPLYWORKS,701 SAN MARCO BLVD,,JACKSONVILLE,FL,32207,,,,,,,,,,,,SUPPLYWORKS,701 SAN MARCO BLVD,,JACKSONVILLE,FL,32207,0,,,1200,,0,0,0,(UNASSIGNED),Best Way,N,P,OI,N,,,,0,0,Call,,,,0,0,0,0,0,0,0,0,Cur,N,0,0,,,,,,3/23/2015 10:02:50 AM,STEVE,4/10/2017 8:30:12 AM,DAVID,N,10526
CASH.100,AP,PETTY CASH,,,,,,,,,,,,,,,,,CASH,,,,,,0,,,6450,6560,0,0,0,COD,Best Way,N,P,OI,N,,,,0,0,Call,,,,0,0,0,0,0,0,0,0,Cur,N,0,20,,,,6/30/2021,4/29/2022,3/24/2015 3:03:07 PM,STEVE,2/11/2016 8:40:32 AM,STEVE,N,10527
UNITE110,PO,UNITED STATIONERS,,,,,,18007334000,,,,,TONY,,,,,,UNITED STATIONERS,,,,,,0,,,1200,,0,0,0,(UNASSIGNED),Best Way,N,P,OI,N,,,,0,0,Call,,,,0,0,0,0,0,0,0,0,Cur,N,0,0,4/6/2015,8/26/2015,208905,,,3/25/2015 11:19:47 AM,JACKIE,,,N,10528
SOLID100,AP,SOLID FOUNDATION LCS,2240 IVYGAIL DR W,,JACKSONVILLE,FL,32225,,,,,,,,,,,,SOLID FOUNDATION LCS,2240 IVYGAIL DR W,,JACKSONVILLE,FL,32225,0,,,6430,,0,0,0,COD,Best Way,N,P,OI,N,,,,0,0,Call,,,,0,0,0,0,0,0,0,0,Cur,N,0,8,,,,9/1/2015,9/18/2015,4/10/2015 8:22:45 AM,STEVE,9/8/2015 8:36:27 AM,STEVE,N,10530
J&MTE100,AP,J & M TECHNOLOGIES INC,4135 Boardman-Canfield Rd.,SUITE 102,CANFIELD,OH,44406,330-533-9000,,,,,,,,,,,J & M TECHNOLOGIES INC,4135 Boardmen-Canfield Rd.,SUITE 102,CANFIELD,OH,44406,0,,,6185,,0,0,0,(UNASSIGNED),Best Way,N,P,OI,N,,,,0,0,Call,,,1180,1180,295,0,295,0,295,295,0,Del,Y,885,18,,,,4/1/2026,12/22/2025,4/13/2015 3:59:04 PM,STEVE,1/18/2023 12:14:29 PM,JEFF,N,10531
BAYME100,AP,BAYMEAD ACQUISITIONS LLC,1985 CEDAR BRIDGE AVE,SUITE ONE,LAKEWOOD,NJ,8701,,,,,,,,,,,,BAYMEAD ACQUISITIONS LLC,1985 CEDAR BRIDGE AVE,SUITE ONE,LAKEWOOD,NJ,8701,0,,,6420,,0,0,0,(UNASSIGNED),Best Way,N,P,OI,N,,,,0,0,Call,,,,0,0,0,0,0,0,0,0,Cur,N,0,7,,,,5/19/2015,5/22/2015,4/17/2015 10:57:11 AM,STEVE,,,N,10533
HEWLE100,AP,HEWLETT-PACKARD FINANCIAL SVC CO,P.O. BOX 402582,,ATLANTA,GA,30384-2582,1-888-277-0670,,,,,,,,,,,HEWLETT-PACKARD FINANCIAL SVC CO,200 CONNELL DR,SUITE 500,BERKLEY HEIGHTS,NJ,7922,0,,,6450,,0,0,0,N15,Best Way,N,P,OI,N,,,,0,0,Call,,,,0,0,0,0,0,0,0,0,Cur,N,0,5,,,,6/19/2015,5/22/2015,4/17/2015 11:06:53 AM,STEVE,,,N,10534
LINDS100,AP,LINDSEY PEST SERVICES,9168 PARKER AVE,,JACKSONVILLE,FL,32218,904-350-9406,,,,,,,,,,,LINDSEY PEST SERVICES,9168 PARKER AVE,,JACKSONVILLE,FL,32218,0,,,6430,,0,0,0,(UNASSIGNED),Best Way,N,P,OI,N,,,,0,0,Call,,,,0,0,0,0,0,0,0,0,Cur,N,0,9,,,,11/28/2022,3/10/2023,4/29/2015 9:26:28 AM,STEVE,,,N,10535
SEYMO100,AP,"SEYMOUR, BRITTANY",,,,,,,,,,,,,,,,,"SEYMOUR, BRITTANY",,,,,,0,,,6120,,0,0,0,COD,Best Way,N,P,OI,N,,,,0,0,Call,,,,0,0,0,0,0,0,0,0,Cur,N,0,0,,,,7/19/2018,7/19/2018,5/18/2015 10:21:17 AM,STEVE,5/18/2015 10:22:16 AM,STEVE,N,10536
FARAH100,AP,"FARAH, MICHAEL",,,,,,,,,,,,,,,,,"FARAH, MICHAEL",,,,,,0,,,6120,,0,0,0,COD,Best Way,N,P,OI,N,,,,0,0,Call,,,,0,0,0,0,0,0,0,0,Cur,N,0,2,,,,10/16/2015,10/23/2015,5/18/2015 10:21:47 AM,STEVE,6/10/2015 8:49:46 AM,STEVE,N,10537
DERIT100,AP,DERITA CONSULTING INC.,4 ELLIOT PLACE,,PALM COAST,FL,32164,,,,,,,,,,,,DERITA CONSULTING INC.,,,,,,0,,,6120,,0,0,0,COD,Best Way,N,P,OI,N,,,,0,0,Call,,,6037.63,1774.06,0,0,1774.06,0,0,0,0,Del,Y,1774.06,0,,,,3/1/2026,3/18/2026,5/18/2015 10:22:49 AM,STEVE,7/14/2025 1:38:37 PM,JEFF,N,10538
FRONT100,AP,"FRONTZ, ROBIN",,,,,,,,,,,,,,,,,"FRONTZ, ROBIN",,,,,,0,,,6120,,0,0,0,COD,Best Way,N,P,OI,N,,,,0,0,Call,,,,184.45,0,0,0,0,0,184.45,0,Del,Y,184.45,1,,,,1/1/2025,1/29/2025,5/18/2015 10:23:36 AM,STEVE,,,N,10539
FIRST110,AP,FIRST COAST FIRE & SAFETY EQUIP.,5905 MACY AVE,,JACKSONVILLE,FL,32211,904-346-0111,904-346-0112,,,,,,,,,,FIRST COAST FIRE & SAFETY EQUIP.,5905 MACY AVE,,JACKSONVILLE,FL,32211,0,,,6370,,0,0,0,CC,Best Way,N,P,OI,N,,,,0,0,Call,,,,0,0,0,0,0,0,0,0,Cur,N,0,7,,,,5/21/2019,6/7/2019,5/28/2015 10:48:46 AM,STEVE,,,N,10540
AIRRI100,AP,AIR RING,1260 Ivey Lane,,Green Cove Springs,FL,32043,904-382-0537,904-266-9078,,,,,,,,,,AIR RING,1260 Ivey Lane,,Green Cove Springs,FL,32043,0,,,6440,,0,0,0,CC,Best Way,N,P,OI,N,,,,0,0,Call,,,,0,0,0,0,0,0,0,0,Cur,N,0,16,,,,7/19/2023,8/31/2023,6/10/2015 1:41:34 PM,STEVE,10/31/2022 9:58:48 AM,NATE,N,10541
HARDI100,AP,"HARDIE, ARTIE",,,,,,,,,,,,,,,,,"HARDIE, ARTIE",,,,,,0,,,6120,,0,0,0,COD,Best Way,N,P,OI,N,,,,0,0,Call,,,,454.13,0,0,0,0,0,454.12,0,Del,Y,454.12,9,,,,4/1/2025,1/28/2022,6/19/2015 10:30:30 AM,STEVE,,,N,10543
KINGM100,AP,"KING, MARTIN",,,,,,,,,,,,,,,,,"KING, MARTIN",,,,,,0,,,6430,,0,0,0,COD,Best Way,N,P,OI,N,,,,0,0,Call,,,,0,0,0,0,0,0,0,0,Cur,N,0,1,,,,7/1/2015,7/2/2015,7/1/2015 3:43:55 PM,STEVE,,,N,10544
LUDWI100,AP,LUDWIG ASSOCIATES,5150 BELFORT RD,BLDG 500,JACKSONVILLE,FL,32256,904-281-0145,904-493-0384,,,,,,,,,,LUDWIG ASSOCIATES,5150 BELFORT RD,BLDG 500,JACKSONVILLE,FL,32256,0,,,6360,,0,0,0,(UNASSIGNED),Best Way,N,P,OI,N,,,,0,0,Call,,,,0,0,0,0,0,0,0,0,Cur,N,0,1,,,,7/1/2015,7/2/2015,7/2/2015 2:49:39 PM,STEVE,,,N,10545
NESSM100,AP,NesSMITH DIECUTTING & FINISHING,P.O. BOX 10527,,JACKSONVILLE,FL,32247,904-353-6317,904-358-7519,,,,,,,,,,NesSMITH DIECUTTING & FINISHING,P.O. BOX 10527,,JACKSONVILLE,FL,32247,0,,,1200,,0,0,0,COD,Best Way,N,P,OI,N,,,,0,0,Call,,,,0,0,0,0,0,0,0,0,Cur,N,0,22,,,,4/4/2017,4/28/2017,7/14/2015 9:44:58 AM,STEVE,,,N,10546
ACHEM100,PO,ACHEM INDUSTRY AMERICA INC,13226 Alondra Blvd.,,Cerritos,CA,90703,17042836144,17042835320,,JEFF,jeff.phillips@achem.com,JEFF,jeff.phillips@achem.com,,,,,ACHEM INDUSTRY AMERICA INC,PO BOX 1382,,WRIGHTSVILLE BEACH,NC,28480,0,,,1200,,0,0,0,N30,Best Way,N,P,OI,N,CA office 800-213-3321 for pay,,,0,0,EMail,,,,0,0,0,0,0,0,0,0,Cur,N,0,14,7/20/2015,4/8/2016,209498,4/14/2016,5/6/2016,7/20/2015 3:22:12 PM,JACKIE,7/8/2016 12:01:46 PM,BRITTANY,N,10547
JACKS110,AP,JACKSONVILLE JAGUARS,,,,,,,,,,,,,,,,,JACKSONVILLE JAGUARS,,,,,,0,,,6175,,0,0,0,(UNASSIGNED),Best Way,N,P,OI,N,,,,0,0,Call,,,,0,0,0,0,0,0,0,0,Cur,N,0,0,,,,10/21/2015,10/21/2015,7/21/2015 9:47:47 AM,STEVE,,,N,10548
ATHEN100,AP,ATHENE,P.O. BOX 1555,,DES MOINES,IA,50306-9985,,,,,,,,,,,,ATHENE,P.O. BOX 1555,,DES MOINES,IA,50306-9985,0,,,1820,,0,0,0,COD,Best Way,N,P,OI,N,ACCOUNT # AA 10011631,,,0,0,Call,,,,0,0,0,0,0,0,0,0,Cur,N,0,10,,,,7/21/2015,7/31/2015,7/21/2015 12:06:38 PM,STEVE,,,N,10549
CSI..100,AP,C.S.I.,,,,,,,,,,,,,,,,,C.S.I.,,,,,,0,,,6150,,0,0,0,COD,Best Way,N,P,OI,N,,,,0,0,Call,,,,0,0,0,0,0,0,0,0,Cur,N,0,0,,,,3/8/2017,3/8/2017,7/27/2015 8:53:23 AM,STEVE,1/5/2016 12:13:59 PM,STEVE,N,10551
BLANC100,AP,"BLANC, MICHAEL",,,,,,,,,,,,,,,,,"BLANC, MICHAEL",,,,,,0,,,6185,,0,0,0,COD,Best Way,N,P,OI,N,,,,0,0,Call,,,,0,0,0,0,0,0,0,0,Cur,N,0,0,,,,7/27/2015,7/27/2015,7/27/2015 2:20:18 PM,STEVE,,,N,10552
UNIVE100,AP,UNIVERSAL ENROLL,12400 YELLOW BLUFF RD,SUITE 202,JACKSONVILLE,FL,32226-5070,1-855-347-8371,,,,,,,,,,,UNIVERSAL ENROLL,12400 YELLOW BLUFF RD,SUITE 202,JACKSONVILLE,FL,32226-5070,0,,,6370,,0,0,0,COD,Best Way,N,P,OI,N,,,,0,0,Call,,,,0,0,0,0,0,0,0,0,Cur,N,0,0,,,,7/31/2015,7/31/2015,7/31/2015 11:55:49 AM,STEVE,,,N,10553
MATRI100,AP,MATRIX PAYMENT SYSTEMS,2500 W. HIGGINS RD,STE 1105,HOFFMAN ESTATES,IL,60169,800-683-2289,,,,,,,,,,,MATRIX PAYMENT SYSTEMS,2500 W. HIGGINS RD,STE 1105,HOFFMAN ESTATES,IL,60169,0,,,6220,,0,0,0,(UNASSIGNED),Best Way,N,P,OI,N,,,,0,0,Call,,,,0,0,0,0,0,0,0,0,Cur,N,0,1,,,,12/15/2020,12/31/2020,8/12/2015 9:58:44 AM,STEVE,,,N,10555
KINGF100,AP,KINGFISH LAWN SERVICE,408 Hamlet rd,,JACKSONVILLE,FL,32221,904-614-5386,,KINGFISH13@ATT.NET,,,,,,,,,KINGFISH 13 LAWNS & CHARTERS LLC,408 Hamlet rd,,JACKSONVILLE,FL,32221,0,,,6430,,0,0,0,COD,Best Way,N,P,OI,N,,,,0,0,Call,,,,0,0,0,0,0,0,0,0,Cur,N,0,3,,,,6/13/2025,9/8/2025,8/14/2015 11:25:36 AM,STEVE,11/20/2024 1:32:38 PM,NATE,N,10556
CSI..110,AP,C.S.I.,545 E. 4TH ST,,JACKSONVILLE,FL,32206,,,,,,,,,,,,C.S.I.,545 E. 4TH ST,,JACKSONVILLE,FL,32206,0,,,1200,,0,0,0,COD,Best Way,N,P,OI,N,,,,0,0,Call,,,,0,0,0,0,0,0,0,0,Cur,N,0,0,,,,,,9/15/2015 4:20:34 PM,STEVE,,,N,10557
COAST110,AP,COASTER CO.,4300B S. FULTON PKWY,,COLLEGE PARK,GA,30349-2586,404-684-7001,800-221-9287,,,,,,,,,,COASTER CO.,4300B S. FULTON PKWY,,COLLEGE PARK,GA,30349-2586,0,,,1200,,0,0,0,CC,Best Way,N,P,OI,N,,,,0,0,Call,,,,0,0,0,0,0,0,0,0,Cur,N,0,0,,,,5/3/2018,9/4/2015,9/18/2015 8:24:07 AM,STEVE,12/28/2015 9:36:38 AM,STEVE,N,10558
UNITE120,AP,UNITED STATES POSTAL SERVICE,,,,,,,,,,,,,,,,,UNITED STATES POSTAL SERVICE,,,,,,0,,,6400,,0,0,0,COD,Best Way,N,P,OI,N,,,,0,0,Call,,,,0,0,0,0,0,0,0,0,Cur,N,0,4,,,,11/21/2018,11/30/2018,9/24/2015 10:57:38 AM,STEVE,,,N,10559
BLUEC100,AP,BLUE CROSS BLUE SHIELD,,,,,,,,,,,,,,,,,BLUE CROSS BLUE SHIELD,,,,,,0,,,6290,,0,0,0,COD,Best Way,N,P,OI,N,,,,0,0,Call,,,,0,0,0,0,0,0,0,0,Cur,N,0,2,,,,2/25/2021,2/25/2021,10/2/2015 9:14:06 AM,STEVE,,,N,10560
REIDT100,AP,REID TIRE AND AUTOMOTIVE,4854 SAN JUAN AVE,,JACKSONVILLE,FL,32210,904-683-6156,,,,,,,,,,,REID TIRE AND AUTOMOTIVE,4854 SAN JUAN AVE,,JACKSONVILLE,FL,32210,0,,,6190,,0,0,0,CC,Best Way,N,P,OI,N,,,,0,0,Call,,,,0,0,0,0,0,0,0,0,Cur,N,0,0,,,,10/2/2015,10/2/2015,10/5/2015 9:02:54 AM,STEVE,,,N,10561
TRAIL100,AP,TRAIL RIDGE LANDFILL,,,,,,,,,,,,,,,,,TRAIL RIDGE LANDFILL,,,,,,0,,,6370,,0,0,0,COD,Best Way,N,P,OI,N,,,,0,0,Call,,,,0,0,0,0,0,0,0,0,Cur,N,0,0,,,,10/5/2015,10/5/2015,10/5/2015 3:45:15 PM,STEVE,,,N,10563
EDWAR100,AP,EDWARD H. WHITE H.S. WRESTLING,ATTN: JOHN GWYNES,1700 OLD MIDDLEBURG RD,JACKSONVILLE,FL,32210,904-693-7638,904-693-7641,,,,,,,,,,EDWARD H. WHITE H.S. WRESTLING,ATTN: JOHN GWYNES,1700 OLD MIDDLEBURG RD,JACKSONVILLE,FL,32210,0,,,6260,,0,0,0,COD,Best Way,N,P,OI,N,,,,0,0,Call,,,,0,0,0,0,0,0,0,0,Cur,N,0,2,,,,10/7/2015,10/9/2015,10/7/2015 8:21:00 AM,STEVE,,,N,10564
MASSE100,AP,MASSEY SERVICES INC,P.O. BOX 547668,,ORLANDO,FL,32854-7668,904-751-0199,,WWW.MASSEYSERVICES.COM,,,,,,,,,MASSEYN SERVICES INC,11031 N. MAIN ST,,JACKSONVILLE,FL,32218,0,,,6430,,0,0,0,COD,Best Way,N,P,OI,N,,,7529236,0,0,Call,,,,0,0,0,0,0,0,0,0,Cur,N,0,1,,,,6/6/2019,6/14/2019,10/26/2015 9:53:34 AM,STEVE,5/15/2017 9:20:05 AM,PETE,N,10566
TAXCO100,AP,"JIM OVERTON, TAX COLLECTOR",231 E. FORSYTH ST,SUITE 141,JACKSONVILLE,FL,32202,,,,,,,,,,,,TAX COLLECTOR,231 E. FORSYTH ST,SUITE 141,JACKSONVILLE,FL,32202,0,,,6370,,0,0,0,COD,Best Way,N,P,OI,N,,,,0,0,Call,,,,0,0,0,0,0,0,0,0,Cur,N,0,3,,,,11/9/2021,11/19/2021,10/28/2015 2:04:57 PM,STEVE,7/15/2019 1:59:16 PM,PETE,N,10567
FUREY100,AP,FUREY BUSINESS SYSTEMS,1826 UNIVERSITY BLVD W,,JACKSONVILLE,FL,32217,904-781-1233,,SUPPORT @FUREYBUSINESSSYSTEMS.COM,,,,,,,,,FUREY BUSINESS SYSTEMS,1826 UNIVERSITY BLVD W,,JACKSONVILLE,FL,32217,0,,,6450,,0,0,0,COD,Best Way,N,P,OI,N,,,,0,0,Call,,,,0,0,0,0,0,0,0,0,Cur,N,0,24,,,,8/11/2020,8/21/2020,11/16/2015 10:13:23 AM,STEVE,11/16/2015 10:14:13 AM,STEVE,N,10569
GREAT110,AP,GREAT FALLS PAPER & SUPPLY CO,P.O. DR 269,,GREAT FALLS,MT,59403-0269,,,,,,,,,,,,GREAT FALLS PAPER & SUPPLY CO,P.O. DR 269,,GREAT FALLS,MT,59403-0269,0,,,6370,,0,0,0,COD,Best Way,N,P,OI,N,,,,0,0,Call,,,,0,0,0,0,0,0,0,0,Cur,N,0,8,,,,11/17/2015,11/25/2015,11/23/2015 8:31:46 AM,STEVE,12/28/2015 10:46:12 AM,STEVE,N,10570
TRINI100,AP,TRINITY CHRISTIAN ACADEMY,ATTN: SUSAN AMAN,800 HAMMOND BLVD,JACKSONVILLE,FL,32221,,,,,,,,,,,,TRINITY CHRISTIAN ACADEMY,ATTN: SUSAN AMAN,800 HAMMOND BLVD,JACKSONVILLE,FL,32221,0,,,6130,,0,0,0,COD,Best Way,N,P,OI,N,,,,0,0,Call,,,,0,0,0,0,0,0,0,0,Cur,N,0,3,,,,12/15/2015,12/18/2015,12/15/2015 12:56:51 PM,STEVE,12/15/2015 12:57:15 PM,STEVE,N,10571
SEYMO110,AP,"SEYMOUR, JACKIE",,,,,,,,,,,,,,,,,"SEYMOUR, JACKIE",,,,,,0,,,6240,,0,0,0,COD,Best Way,N,P,OI,N,,,,0,0,Call,,,,0,0,0,0,0,0,0,0,Cur,N,0,3,,,,12/15/2015,12/18/2015,12/17/2015 8:26:25 AM,STEVE,,,N,10572
COMPU100,AP,COMPUTER POINT,4800 SPRING PARK RD,SUITE 7,JACKSONVILLE,FL,32207,904-724-1935,,,,,,,,,,,COMPUTER POINT,4800 SPRING PARK RD,SUITE 7,JACKSONVILLE,FL,32207,0,,,6185,,0,0,0,COD,Best Way,N,P,OI,N,,,,0,0,Call,,,,0,0,0,0,0,0,0,0,Cur,N,0,12,,,,2/22/2018,2/28/2018,12/21/2015 10:32:10 AM,STEVE,1/27/2016 2:39:43 PM,STEVE,N,10573
CREAT100,PO,Creative Converting INC B110149,PO BOX 88149,,MILWAUKEE,WI,53288,1-800-826-0418 *5516,1-715-823-3123,,TAMMY,TAMMY.FISHER@CREATIVECONVERTING.COM,TAMMY,TAMMY.FISHER@CREATIVECONVERTING.COM,Carla,Carla.Vanderaa@creativeconverting.com,,,CREATIVE CONVERTING,1151 E. LARAWAY RD,,JOILET,IL,60433,0,,,1200,,0,0,0,CC,Best Way,N,P,OI,N,,,,0,0,Call,,,,0,0,0,0,0,0,0,0,Cur,N,0,21,1/27/2016,1/14/2020,212710,1/15/2020,2/7/2020,12/23/2015 1:37:20 PM,NEAL,11/13/2019 9:08:31 AM,NATE,N,10574
FRONT110,AP,"FRONTZ, NEAL",,,,,,,,,,,,,,,,,"FRONTZ, NEAL",,,,,,0,,,6240,,0,0,0,COD,Best Way,N,P,OI,N,,,,0,0,Call,,,,0,0,0,0,0,0,0,0,Cur,N,0,0,,,,7/19/2018,7/19/2018,12/31/2015 8:33:07 AM,STEVE,,,N,10575
FLORI110,AP,FLORIDA DEPARTMENT OF STATE,DIVISION OF CORPORATIONS,P.O. BOX 6198,TALLAHASSEE,FL,32314,,,,,,,,,,,,FLORIDA DEPARTMENT OF STATE,DIVISION OF CORPORATIONS,P.O. BOX 6198,TALLAHASSEE,FL,32314,0,,,6370,,0,0,0,COD,Best Way,N,P,OI,N,,,,0,0,Call,,,,0,0,0,0,0,0,0,0,Cur,N,0,1,,,,10/18/2016,10/19/2016,1/21/2016 3:49:46 PM,STEVE,,,N,10576
JOHNS110,AP,JOHNSON'S TOWING SERVICE INC,,,,,,904-334-4293,,,,,,,,,,,JOHNSON'S TOWING SERVICE INC,,,,,,0,,,6190,,0,0,0,COD,Best Way,N,P,OI,N,,,,0,0,Call,,,,0,0,0,0,0,0,0,0,Cur,N,0,0,,,,2/3/2016,2/3/2016,2/3/2016 11:18:43 AM,STEVE,,,N,10577
MLXLP100,AP,MLXL PRODUCTIONS INC,P.O. BOX 60428,,JACKSONVILLE,FL,32236-0428,904-350-0048,904-350-0047,,,,,,,,,,MLXL PRODUCTIONS INC,8475 WESTERN WAY,SUITE 150,JACKSONVILLE,FL,32256,0,,,6450,,0,0,0,N10,Best Way,N,P,OI,N,,,,0,0,Call,,,,0,0,0,0,0,0,0,0,Cur,N,0,16,,,,4/26/2018,5/4/2018,2/8/2016 9:49:38 AM,STEVE,,,N,10578
FLORI120,AP,FLORIDA INDUSTRIAL BATTERY,PO Box 37137,,Jacksonville,FL,32236,904-384-2338,904-384-2339,,,,,,,,,,Florida Industrial Battery,PO Box 37137,,Jacksonville,FL,32236,0,,,6610,,0,0,0,COD,Best Way,N,P,OI,N,,,,0,0,USMail,,,,0,0,0,0,0,0,0,0,Cur,N,0,6,,,,11/15/2016,11/30/2016,3/9/2016 8:12:26 AM,PETE,3/9/2016 8:13:52 AM,PETE,N,10579
MHSBA100,AP,Middleburg High School,3750 County Road 220,,Middleburg,FL,32068,,,,,,,,,,,,MHS Band,3750 County Road 220,,Middleburg,FL,32068,0,,,6250,,0,0,0,(UNASSIGNED),Best Way,N,P,OI,N,,,,0,0,Call,,,,0,0,0,0,0,0,0,0,Cur,N,0,0,,,,6/10/2016,6/10/2016,6/10/2016 10:41:27 AM,PETE,6/10/2016 10:42:51 AM,PETE,N,10581
BETHE100,AP,BETHESDA FAITH ASSEMBLY,600 E. 4TH STREET,,JACKSONVILLE,FL,32206,904-710-5434,,,,,,,,,,,BETHESDA FAITH ASSEMBLY,600 E. 4TH STREET,,JACKSONVILLE,FL,32206,0,,,1200,,0,0,0,(UNASSIGNED),Best Way,N,P,OI,N,,,,0,0,Call,,,,0,0,0,0,0,0,0,0,Cur,N,0,2,,,,6/15/2016,6/17/2016,6/15/2016 8:56:09 AM,PETE,,,N,10582
STALL100,PO,STA LLC,PO BOX 645413,,CINCINNATI,OH,45264-5413,800-258-8273,800-235-8273,,,,,,,,,,STA,75 INDUSTRIAL PARK DRIVE,,ROGERSVILLE,TN,37857,0,,,1200,,2500,0,0,N30,Best Way,N,P,OI,N,,,,0,0,EMail,,,,0,0,0,0,0,0,0,0,Cur,N,0,21,7/13/2016,7/13/2016,209900,7/15/2016,8/5/2016,7/13/2016 11:51:22 AM,BRITTANY,7/14/2016 10:44:51 AM,BRITTANY,N,10583
GORDO100,AP,Gordon Glass & Mirror,1035 Park Ave,,Orange Park,FL,32073,904-269-1941,904-269-1730,,,,,,,,,,Gordon Glass & Mirror,1035 Park Ave,,Orange Park,FL,32073,0,,,1200,,0,0,0,(UNASSIGNED),Best Way,N,P,OI,N,,,,0,0,Call,,,,0,0,0,0,0,0,0,0,Cur,N,0,0,,,,7/14/2016,7/14/2016,7/14/2016 3:08:09 PM,PETE,,,N,10584
AFLAC100,AP,AFLAC,World Headquarters,1932 Wynnton Rd.,Columbus,GA,31999,800-992-3522,,,,,,,,,,,AFLAC,World Headquarters,1932 Wynnton Rd.,Columbus,GA,31999,0,,,6660,,0,0,0,(UNASSIGNED),Best Way,N,P,OI,N,,,,0,0,Call,,,,0,0,0,0,0,0,0,0,Cur,N,0,4,,,,9/19/2019,10/4/2019,10/11/2016 8:53:55 AM,PETE,10/13/2016 9:21:46 AM,PETE,N,10585
KIMHA100,AP,Kim Hannah,545 e 4th st,,Jacksonville,FL,32256,9043552033`,,,,,,,,,,,Kim Hannah,545 e 4th st,,Jacksonville,FL,32256,0,,,1200,,0,0,0,(UNASSIGNED),Best Way,N,P,OI,N,,,,0,0,Call,,,,0,0,0,0,0,0,0,0,Cur,N,0,0,,,,11/2/2016,11/2/2016,11/2/2016 1:41:47 PM,PETE,,,N,10586
CONST100,AP,CONSTANT CONTACT,1601 Trapelo RD.,#329,Waltham,MA,2451,855-229-5506,,,,,,,,,,,CONSTANT CONTACT,1601 Trapelo RD.,#329,Waltham,MA,2451,0,,,6130,,0,0,0,(UNASSIGNED),Best Way,N,P,OI,N,,,,0,0,Call,,,,0,0,0,0,0,0,0,0,Cur,N,0,2,,,,7/28/2018,8/3/2018,11/2/2016 2:25:19 PM,PETE,,,N,10587
QUICK100,AP,Quickbooks Payroll Service,,,,,,,,,,,,,,,,,Quickbooks Payroll Service,,,,,,0,,,6390,,0,0,0,(UNASSIGNED),Best Way,N,P,OI,N,,,,0,0,Call,,,,0,0,0,0,0,0,0,0,Cur,N,0,4,,,,9/29/2021,9/29/2021,11/8/2016 8:50:33 AM,PETE,,,N,10590
RADAC100,PO,RADA MFG CUTLERY,,,,,,18003119691,,,,,CUS,CUSTOMERSERVICE@RADAMFG.COM,,,,,RADA CUTERLY,,,,,,0,,,1200,,0,0,0,(UNASSIGNED),Best Way,N,P,OI,N,ACCOUNT# 2193168,,,0,0,Call,,,,0,0,0,0,0,0,0,0,Cur,N,0,8,12/1/2016,12/11/2020,213201,12/14/2020,1/8/2021,12/1/2016 2:08:03 PM,BRITTANY,12/8/2016 2:58:59 PM,BRITTANY,N,10591
HOMET100,AP,HOMETEAM PEST DEFENSE INC.,6694 Columbia Park Drive,Suite 3,Jacksonville,FL,32258-2409,904-730-2522,,,,,,,,,,,Hometeam Pest Defense Inc.,6694 Columbia Park Drive,Suite 3,Jacksonville,FL,32258-2409,0,,,1200,,0,0,0,(UNASSIGNED),Best Way,N,P,OI,N,,,,0,0,Call,,,,0,0,0,0,0,0,0,0,Cur,N,0,7,,,,5/3/2019,5/10/2019,12/12/2016 9:40:23 AM,PETE,12/12/2016 9:40:49 AM,PETE,N,10593
SAFEC100,AP,SAFECO Insurance,PO Box 10000,,Manchester,NH,3108,,,,,,,,,,,,Safeco Insurance,PO Box 10000,,Manchester,NH,3108,0,,,6325,,0,0,0,(UNASSIGNED),Best Way,N,P,OI,N,,,,0,0,Call,,,,0,0,0,0,0,0,0,0,Cur,N,0,19,,,,7/18/2019,8/23/2019,1/23/2017 9:05:53 AM,PETE,4/20/2017 11:15:51 AM,PETE,N,10594
LIFTP100,AP,LIFTPOWER,6801Suemac Place,,Jacksonville,FL,32254,904-783-0250,904-781-1451,,,,,,,,,,LIFTPOWER,6801Suemac Place,,Jacksonville,FL,32254,0,,,1200,,0,0,0,(UNASSIGNED),Best Way,N,P,OI,N,,,,0,0,Call,,,,0,0,0,0,0,0,0,0,Cur,N,0,4,,,,2/13/2017,2/17/2017,2/13/2017 1:46:45 PM,PETE,,,N,10595
MORGA100,AP,Morgan T. Edison,545 E.4th Street,,Jacksonville,FL,32206,,,,,,,,,,,,Morgan T. Edison,545 E.4th Street,,Jacksonville,FL,32206,0,,,1200,,0,0,0,(UNASSIGNED),Best Way,N,P,OI,N,,,,0,0,Call,,,,0,0,0,0,0,0,0,0,Cur,N,0,12,,,,3/8/2017,4/12/2017,3/8/2017 11:52:39 AM,PETE,,,N,10596
VIBAC100,PO,VIBAC,12.250 BOUL INDUSTRIEL,"MONTREAL, QUEBEC",,,H1B5M5,514-640-0250,514-640-9975,,JOE,JOE.SEIDEL@VIBAC.COM,JOE,JOE.SEIDEL@VIBAC.COM,,,,,VIBAC,12.250 BOUL INDUSTRIEL,"MONTREAL, QUEBEC",,,H1B5M5,5000,,,1200,,0,0,0,(UNASSIGNED),Best Way,N,P,OI,N,,,,0,0,EMail,,,,0,0,0,0,0,0,0,0,Cur,N,0,17,4/13/2017,8/11/2017,210943,8/11/2017,8/29/2017,4/13/2017 10:44:37 AM,BRITTANY,4/13/2017 10:45:56 AM,BRITTANY,N,10598
BURKE100,AP,"BURKE, RONNIE",545 E. 4th Street,,Jacksonville,FL,32206,904-713-7434,,,,,,,,,,,"Burke, Ronnie",545 E. 4th Street,,Jacksonville,FL,32206,0,,,2390,,0,0,0,(UNASSIGNED),Best Way,N,P,OI,N,,,,0,0,Call,,,,0,0,0,0,0,0,0,0,Cur,N,0,3,,,,6/16/2017,6/23/2017,4/18/2017 8:59:25 AM,PETE,4/18/2017 9:01:03 AM,PETE,N,10600
BISSE100,AP,BISSELL,100 ARMSTRONG RD SUITE 101,,PLYMOUTH,MA,2360,1-800-242-1378  *1213,1-877-672-4566,,,,,,,,,,BISSELL,100 ARMSTRONG RD SUITE 101,,PLYMOUTH,MA,2360,0,,,1200,,0,0,0,(UNASSIGNED),Best Way,N,P,OI,N,,,,0,0,EMail,,,,0,0,0,0,0,0,0,0,Cur,N,0,22,5/8/2017,5/8/2017,210688,8/10/2017,5/31/2017,5/8/2017 11:24:14 AM,NEAL,5/8/2017 11:25:09 AM,NEAL,N,10601
ADAMS100,AP,"Adams, Rothstein &Siegal",4417 Beach Blvd.,Suite 104,Jacksonville,FL,32207,904-398-1419,904-398-1395,,,,,,,,,,"Adams, Rothstein &Siegal",4417 Beach Blvd.,Suite 104,Jacksonville,FL,32207,0,,,6360,,0,0,0,(UNASSIGNED),Best Way,N,P,OI,N,,,,0,0,Call,,,,0,0,0,0,0,0,0,0,Cur,N,0,3,,,,5/16/2017,5/19/2017,5/16/2017 12:00:26 PM,PETE,,,N,10602
ZENIT100,AP,ZENITH INSURANCE COMPANY,21255 CALIFA STREET,,WOODLAND HILLS,CA,91367,800-440-5020,,,,,,,,,,,ZENITH INSURANCE COMPANY,4415 COLLECTIONS CENTER DRIVE,,CHICAGO,IL,60693,0,,,1200,,0,0,0,CC,Best Way,N,P,OI,N,POLICY #Z127257203,,,0,0,Call,,,,0,0,0,0,0,0,0,0,Cur,N,0,4,,,,4/27/2022,12/1/2021,7/25/2017 1:33:05 PM,PETE,,,N,10603
BELLA100,AP,Bella Computer Inc.,83381 Purple Martin Drive,,Yulee,FL,32097,904-556-6999,,,,,,,,,,,Bella Computer Inc.,83381 Purple Martin Drive,,Yulee,FL,32097,0,,,1200,,0,0,0,(UNASSIGNED),Best Way,N,P,OI,N,,,,0,0,Call,,,,0,0,0,0,0,0,0,0,Cur,N,0,7,,,,2/8/2022,3/4/2022,8/10/2017 1:39:46 PM,PETE,,,N,10604
AGXFR100,AP,AGX Freight Logistics,PO Box 330199,,Atlantoic Beach,FL,32233,561-302-2151,,,,,,,,,,,AGX Freight Logistics,PO Box 330199,,Atlantoic Beach,FL,32233,0,,,5300,,0,0,0,(UNASSIGNED),Best Way,N,P,OI,N,,,,0,0,Call,,,,0,0,0,0,0,0,0,0,Cur,N,0,24,,,,8/22/2017,9/15/2017,8/22/2017 11:27:56 AM,PETE,,,N,10605
BRITT100,AP,Brittany Seymour,,,,,,,,,,,,,,,,,Brittany Seymour,,,,,,0,,,1200,,0,0,0,(UNASSIGNED),Best Way,N,P,OI,N,,,,0,0,Call,,,,0,0,0,0,0,0,0,0,Cur,N,0,0,,,,9/25/2017,9/25/2017,9/25/2017 1:16:18 PM,PETE,,,N,10606
PETER100,AP,Peter Miller,,,,,,,,,,,,,,,,,Peter Miller,,,,,,0,,,1200,,0,0,0,(UNASSIGNED),Best Way,N,P,OI,N,,,,0,0,Call,,,,0,0,0,0,0,0,0,0,Cur,N,0,0,,,,7/19/2018,7/19/2018,9/25/2017 1:16:35 PM,PETE,,,N,10607
SPENC100,AP,Spencer Vickers,,,,,,,,,,,,,,,,,Spencer Vickers,,,,,,0,,,1200,,0,0,0,(UNASSIGNED),Best Way,N,P,OI,N,,,,0,0,Call,,,,0,0,0,0,0,0,0,0,Cur,N,0,0,,,,7/19/2018,7/19/2018,9/25/2017 1:18:20 PM,PETE,,,N,10608
DAVID100,AP,David Terry,,,,,,,,,,,,,,,,,David Terry,,,,,,0,,,1200,,0,0,0,(UNASSIGNED),Best Way,N,P,OI,N,,,,0,0,Call,,,,0,0,0,0,0,0,0,0,Cur,N,0,0,,,,7/19/2018,7/19/2018,9/25/2017 1:18:59 PM,PETE,,,N,10609
CHARL110,AP,CHARLES F. HEALAN,245 Celery Avenue North,,JAcksonville,FL,32220,,,,,,,,,,,,CHARLES F. HEALAN,245 Celery Avenue North,,JAcksonville,FL,32220,0,,,6440,,0,0,0,(UNASSIGNED),Best Way,N,P,OI,N,,,,0,0,Call,,,,0,0,0,0,0,0,0,0,Cur,N,0,4,,,,2/12/2018,2/16/2018,2/12/2018 9:56:15 AM,PETE,,,N,10610
BOSSR100,AP,BOSS REDISTRIBUTION,10708 N 46TH STREET,,TAMPA,FL,33617,813-549-1435,813-971-6090,,,,,,,,,,BOSS REDISTRIBUTION,10708 N 46TH STREET,,TAMPA,FL,33617,10000,,,1200,,0,0,0,(UNASSIGNED),Best Way,N,P,OI,N,,,,0,0,EMail,,,,0,0,0,0,0,0,0,0,Cur,N,0,0,,,,,,2/13/2018 10:16:00 AM,BRITTANY,,,N,10611
CROWN100,AP,CROWN SHREDDING,PO Box 971,,Wiinter Haven,FL,33882,386-767-1133,386-767-1330,,,,,,,,,,CROWN SHREDDING,PO Box 971,,Wiinter Haven,FL,33882,0,,,6450,,0,0,0,(UNASSIGNED),Best Way,N,P,OI,N,,,,0,0,Call,,,,0,0,0,0,0,0,0,0,Cur,N,0,14,,,,7/3/2018,6/22/2018,3/13/2018 10:13:47 AM,PETE,,,N,10612
TOPTI100,AP,TOP TIER GUTTERS,7748 Hilsdale Ct.,,Jacksonville,FL,32216,904-609-0240,,,,,,,,,,,TOP TIER GUTTERS,7748 Hilsdale Ct.,,Jacksonville,FL,32216,0,,,6440,,0,0,0,(UNASSIGNED),Best Way,N,P,OI,N,,,,0,0,Call,,,,0,0,0,0,0,0,0,0,Cur,N,0,0,,,,3/14/2018,3/14/2018,3/14/2018 11:24:55 AM,PETE,,,N,10613
MELIN100,AP,Melinda L. Jerrell,7469 Plantation Club Drive,,Jacksonville,FL,32244,,,,,,,,,,,,Melinda L. Jerrell,7469 Plantation Club Drive,,Jacksonville,FL,32244,0,,,6390,,0,0,0,(UNASSIGNED),Best Way,N,P,OI,N,,,,0,0,Call,,,,0,0,0,0,0,0,0,0,Cur,N,0,0,,,,6/17/2022,6/17/2022,7/19/2018 8:03:23 AM,PETE,,,N,10615
REPTO100,AP,REP TOOLKIT LLC,1640 KASSERINE CT.,,TWINSBURG,OH,44087,330-963-0000,,,,,,,,,,,REP TOOLKIT LLC,1640 KASSERINE CT.,,TWINSBURG,OH,44087,0,,,1200,,0,0,0,(UNASSIGNED),Best Way,N,P,OI,N,,,,0,0,Call,,,,0,0,0,0,0,0,0,0,Cur,N,0,15,,,,7/17/2019,7/26/2019,7/23/2018 2:06:52 PM,PETE,,,N,10616
ECHOG100,AP,ECHO GLOBAL LOGISTICS,ACCOUNTS RECEIVABLE,22168 NETWORK PLACE,CHICAGO,IL,60673-1221,615-301-6943,224-251-6550,,,,JESSI,JESSI.FALLETTA@ECHO.COM,JESSI,JESSI.FALLETTA@ECHO.COM,,,ECHO GLOBAL LOGISTICS,611 COMMERCE STREET,SUITE2900,NASHVILLE,TN,37203,0,,,6570,,0,0,0,N30,Best Way,N,P,OI,N,,,,0,0,Call,,,,0,0,0,0,0,0,0,0,Cur,N,0,18,,,,12/28/2020,1/22/2021,2/22/2019 12:35:33 PM,PETE,3/29/2019 10:13:03 AM,PETE,N,10617
FDOT.100,AP,FDOT,PO Box 71237,,Charlotte,NC,28272,888-865-5352,,,,,,,,,,,FDOT,PO Box 71237,,Charlotte,NC,28272,0,,,6370,,0,0,0,(UNASSIGNED),Best Way,N,P,OI,N,,,,0,0,Call,,,,0,0,0,0,0,0,0,0,Cur,N,0,7,,,,5/31/2022,6/3/2022,8/21/2019 10:58:07 AM,PETE,,,N,10619
BACON100,AP,"BACON & GRAHAM, INC",34 E. 26TH STREET,,PATERSON,NJ,7514,973-684-1488,973-684-2021,www.baconandgraham.com,CRAIG,CBACON@BACONANDGRAHAM.COM,CRAIG,CBACON@BACONANDGRAHAM.COM,CRAIG,CBACON@BACONANDGRAHAM.COM,,,"BACON & GRAHAM, INC",34 E. 26TH STREET,,PATERSON,NJ,7514,0,,,1200,,0,0,0,(UNASSIGNED),Best Way,N,P,OI,N,,,,0,0,Call,,,,0,0,0,0,0,0,0,0,Cur,N,0,0,,,,11/7/2019,11/7/2019,11/7/2019 7:45:48 AM,RANDY,,,N,10620
KINGL100,AP,King Life Safety &Fire Protection,12301 KERNAN FOREST BLVD  #407,,Jacksonville,FL,32225,954-592-9621,,,PETER,peter@kinglifesafety.com,,,PETER,peter@kinglifesafety.com,,,King Life Safety &Fire Protection,,,Jacksonville,FL,32225,0,,,1200,,0,0,0,CC,Best Way,N,P,OI,N,,,,0,0,Call,,,,0,0,0,0,0,0,0,0,Cur,N,0,22,,,,5/11/2021,6/11/2021,5/19/2020 8:35:15 AM,NATE,5/11/2021 1:06:04 PM,RANDY,N,10621
MAMAT100,AP,M + A  MATTING,340 CROSS PLAINS BLVD,,DALTON,GA,30721,800-241-4696,706-277-2946,,PURCHASING,mats5@mamatting,PURCHASING,mats5@mamatting,PURCHASING,mats5@mamatting,,,M + A  MATTING,340 CROSS PLAINS BLVD,,DALTON,GA,30721,0,,,1200,,0,0,0,(UNASSIGNED),Best Way,N,P,OI,N,,,,0,0,Call,,,,0,0,0,0,0,0,0,0,Cur,N,0,22,,,,7/23/2020,8/14/2020,7/22/2020 11:17:10 AM,RANDY,,,N,10622
INMAR100,PO,INMARK INC,13845 ALVAREZ ROAD,CREEKSIDE BLDG #1 STE 4,JACKSONVILLE,FL,32218,770-373-3328,,,BILL,BILLH@INMARKINC.COM,BILL,BILLH@INMARKINC.COM,cindy,CINDYD@INMARKINC.COM,,,INMARK INC,13845 ALVAREZ ROAD,CREEKSIDE BLDG #1 STE 4,JACKSONVILLE,FL,32218,0,,,1200,,200,0,0,(UNASSIGNED),Best Way,N,P,OI,N,,,,0,0,EMail,,,,0,0,0,0,0,0,0,0,Cur,N,0,1,9/24/2020,9/24/2020,213099,9/29/2020,9/30/2020,9/24/2020 8:53:10 AM,NEAL,5/31/2022 8:38:52 AM,RANDY,N,10624
GRAIN100,AP,GRAINGER,8450 Phillips Hwy,,Jacksonville,FL,32256,1-800-472-4643,,https://www.grainger.com,,,,,,,,,Grainger,8450 Phillips Hwy,,Jacksonville,FL,32256,0,,,1200,,0,0,0,CC,Best Way,N,P,OI,N,,,,0,0,Call,,,,0,0,0,0,0,0,0,0,Cur,N,0,3,8/24/2021,8/24/2021,213583,8/31/2021,9/3/2021,8/24/2021 11:38:56 AM,NATE,8/24/2021 11:51:37 AM,NATE,N,10625
DEPAR100,AP,Department of the Treasury,PO Box 87,,Memphis,TN,38101,800-829-0115,,,,,,,,,,,Department of the Treasury,PO Box 87,,Memphis,TN,38101,0,,,1200,,0,0,0,(UNASSIGNED),Best Way,N,P,OI,N,,,,0,0,Call,,,,0,0,0,0,0,0,0,0,Cur,N,0,0,,,,9/29/2021,9/29/2021,9/29/2021 10:00:48 AM,NATE,,,N,10626
VANGU100,AP,error,,,,,,,,,,,,,,,,,,,,,,,0,,,1200,,0,0,0,(UNASSIGNED),Best Way,N,P,OI,N,,,,0,0,EMail,,,,0,0,0,0,0,0,0,0,Cur,N,0,0,,,,,,10/26/2021 2:08:31 PM,NATE,10/26/2021 2:15:42 PM,NATE,N,10627
VANGU110,AP,error1,,,,,,,,,,,TOM,tomharmon1@comcast.net,,,,,,,,,,,0,,,1200,,0,0,0,(UNASSIGNED),Best Way,N,P,OI,N,,,,0,0,EMail,,,,0,0,0,0,0,0,0,0,Cur,N,0,0,,,,,,10/26/2021 2:13:50 PM,NATE,10/26/2021 2:20:09 PM,NATE,N,10629
VANGU120,PO,VANGUARD INTERNATIONAL SOLUTIONS,PO BOX 72480,,CLEVELAND,OH,44192,,,,,,TOM,tomharmon1@comcast.net,,,,,VANGUARD INTERNATIONAL SOLUTIONS,PO BOX 72480,,CLEVELAND,OH,44192,0,,,1200,,0,0,0,N30,Best Way,N,P,OI,N,,,,0,0,EMail,,,,0,0,0,0,0,0,0,0,Cur,N,0,37,11/3/2021,4/15/2024,215039,4/30/2024,8/14/2024,10/26/2021 2:19:38 PM,NATE,8/23/2022 2:20:53 PM,NATE,N,10630
KOLAR100,AP,"Kolar Law, P.A",4035 Atlantic Boulevard,,Jacksonville,FL,32207,904-396-0009,,,,,,,,,,,"Kolar Law, P.A",4035 Atlantic Boulevard,,Jacksonville,FL,32207,0,,,1200,,0,0,0,(UNASSIGNED),Best Way,N,P,OI,N,,,,0,0,Call,,,,0,0,0,0,0,0,0,0,Cur,N,0,0,,,,5/26/2022,5/26/2022,5/26/2022 1:38:13 PM,NATE,,,N,10632
INTER110,PO,INTERNATIONAL PLASTICS,185 Commerce Center,,Greensville,SC,29615,1-800-820-4722,1-864-297-7186,www.internationalplastics.com,,,,,,,,,INTERNATIONAL PLASTICS,185 Commerce Center,,Greensville,SC,29615,0,,,1200,,0,0,0,(UNASSIGNED),Best Way,N,P,OI,N,,,,0,0,Call,,,,0,0,0,0,0,0,0,0,Cur,N,0,43,8/2/2022,6/19/2025,215653,6/23/2025,8/5/2025,8/2/2022 12:28:22 PM,JEFF,6/19/2025 3:15:08 PM,NATE,N,10634
INTER120,AP,International Plastics,185 Commerce Center,,Greenville,SC,29615,800-820-4722,864-297-7186,www.internationalplastics.com,,,,,,,,,International Plastics,185 Commerce Center,,Greenville,SC,29615,0,,,1200,,0,0,0,(UNASSIGNED),Best Way,N,P,OI,N,,,,0,0,EMail,,,,0,0,0,0,0,0,0,0,Cur,N,0,0,,,,8/3/2022,8/3/2022,8/2/2022 12:41:31 PM,JEFF,,,N,10637
FASTP100,PO,Fastpak,1450 Williams dr.,,Marietta,GA,30066,770-423-0795,,www.fastpaksystems.com,,,,,,,,,Fastpak,6593 Powers Ave,,Jacksonville,FL,32217,0,,,1200,,0,0,0,(UNASSIGNED),Best Way,N,P,OI,N,,,,0,0,EMail,,,,0,0,0,0,0,0,0,0,Cur,N,0,39,8/5/2022,4/8/2024,215029,4/5/2024,6/17/2024,8/4/2022 3:53:46 PM,JEFF,3/3/2023 10:01:41 AM,NATE,N,10639
CLEAR100,AP,CLEARPATH GPS,PO Box 30808,,Santa Barbara,CA,93130-0808,805-979-3442,,,,,,,,,,,CLEARPATH GPS,PO Box 30808,,Santa Barbara,CA,93130-0808,0,,,1510,,0,0,0,(UNASSIGNED),Best Way,N,P,OI,N,,,,0,0,Call,,,,0,0,0,0,0,0,0,0,Cur,N,0,34,,,,2/12/2023,3/10/2023,8/10/2022 1:11:41 PM,JEFF,8/10/2022 1:14:43 PM,JEFF,N,10640
KEVIN100,AP,Kevin Levick,1114 West Columbia Ave.,#3E,Chicago,IL,60626,,,,,,,,,,,,Kevin Levick,1114 West Columbia Ave.,#3E,Chicago,IL,60626,0,,,6410,,0,0,0,N30,Best Way,N,P,OI,N,,,,0,0,Call,,,,0,0,0,0,0,0,0,0,Cur,N,0,22,,,,12/6/2022,1/12/2023,8/12/2022 1:22:30 PM,JEFF,8/12/2022 1:26:16 PM,JEFF,N,10641
FCBIF100,AP,FCBI Fund,PO Box 161177,,Altamonte Springs,FL,32716,,,,,,,,,,,,FCBI Fund,PO Box 161177,,Altamonte Springs,FL,32716,0,,,6140,,0,0,0,(UNASSIGNED),Best Way,N,P,OI,N,,,,0,0,Call,,,,0,0,0,0,0,0,0,0,Cur,N,0,30,,,,5/18/2023,7/12/2023,8/15/2022 9:59:36 AM,JEFF,,,N,10642
BRUTP100,PO,Brut Printing,503 Parker St.,,Jacksonville,FL,32202,904-354-5055,904-355-3093,,,,,,,,,,Brut Printing,503 Parker St.,,Jacksonville,FL,32202,0,,,6450,,0,0,0,(UNASSIGNED),Best Way,N,P,OI,N,,,,0,0,Call,,,,0,0,0,0,0,0,0,0,Cur,N,0,48,10/24/2022,10/24/2022,214247,6/20/2024,9/6/2024,9/26/2022 10:51:58 AM,JEFF,9/26/2022 10:53:33 AM,JEFF,N,10646
PACES100,AP,Pacesetter Personnel Services,3203 West Alabama St.,,Houston,TX,77098,904-354-0404,,,,,,,,,,,Pacesetter Personnel Services,3203 West Alabama St.,,Houston,TX,77098,0,,,6120,,0,0,0,(UNASSIGNED),Best Way,N,P,OI,N,,,,0,0,Call,,,,0,0,0,0,0,0,0,0,Cur,N,0,66,,,,10/3/2022,1/23/2023,10/3/2022 1:36:46 PM,JEFF,1/23/2023 10:26:36 AM,JEFF,N,10647
AMAZO100,AP,AMAZON,,,,,,,,,,,,,,,,,AMAZON,,,,,,0,,,1200,,0,0,0,(UNASSIGNED),Best Way,N,P,OI,N,,,,0,0,Call,,,,0,0,0,0,0,0,0,0,Cur,N,0,0,,,,,,10/14/2022 10:32:59 AM,JEFF,10/14/2022 10:33:26 AM,JEFF,N,10648
COAST120,PO,COASTAL FILMS OF FLORIDA,P.O. Box 200235,,PITTSBURGH,PA,15251-0235,800-442-6781,904-781-6451,,APRIL,APRIL.WARREN@SIGMAPLASTICS.COM,APRIL,APRIL.WARREN@SIGMAPLASTICS.COM,APRIL,APRIL.WARREN@SIGMAPLASTICS.COM,,,COASTAL FILMS OF FLORIDA,627 NORTH LANE AVE,,JACKSONVILLE,FL,32254,0,,,1200,,0,0,0,(UNASSIGNED),Best Way,N,P,OI,N,,,,0,0,EMail,,,18393.53,0,0,0,0,0,0,0,362.88,Cur,N,0,46,10/21/2022,4/10/2026,216050,3/12/2026,4/13/2026,10/21/2022 11:59:06 AM,NATE,7/18/2024 11:35:23 AM,JEFF,N,10649
ADVAN110,PO,ADVANCED COMPUTER CONSULTING,3740 KORI RD STE 5,,JACKSONVILLE,FL,32257,904-503-9105,,,,,,,,,,,ADVANCED COMPUTER CONSULTING,3740 KORI RD STE 5,,JACKSONVILLE,FL,32257,0,,,1200,,0,0,0,(UNASSIGNED),Best Way,N,P,OI,N,,,,0,0,Call,,,,0,0,0,0,0,0,0,0,Cur,N,0,613,,,,11/28/2022,8/2/2024,11/28/2022 9:37:06 AM,NATE,11/28/2022 10:04:25 AM,NATE,N,10651
SIGNO100,PO,SIGNODE INDUSTRIAL GROUP,Hidden River Corporate Center Two,"12025 Riveredge Drive, Suite 500",Tampa,FL,33637,800-323-2464,,,,,Jessica,jessica.wright@signode.com,,,,,SIGNODE INDUSTRIAL GROUP,Hidden River Corporate Center Two,"12025 Riveredge Drive, Suite 500",Tampa,FL,33637,0,,,1200,,0,0,0,N30,Best Way,N,P,OI,N,,,,0,0,EMail,,,,0,0,0,0,0,0,0,0,Cur,N,0,60,12/27/2022,9/10/2024,215256,11/11/2024,3/18/2026,12/22/2022 9:10:33 AM,JEFF,4/28/2023 11:17:46 AM,JEFF,N,10652
NATES100,AP,NATE SCHLEHUBER,,,,,,,,,,,,,,,,,NATE SCHLEHUBER,,,,,,0,,,6120,,0,0,0,(UNASSIGNED),Best Way,N,P,OI,N,,,,0,0,Call,,,,0,0,0,0,0,0,0,0,Cur,N,0,73,,,,5/1/2025,6/6/2025,1/22/2023 5:57:18 PM,JEFF,1/22/2023 5:57:43 PM,JEFF,N,10654
FRAKL100,AP,FRAKLIN SQUARED LLC,PO BOX 294,,TUALATIN,OR,97062,,,,,,,,,,,,FRAKLIN SQUARED LLC,PO BOX 294,,TUALATIN,OR,97062,0,,,1200,,0,0,0,(UNASSIGNED),Best Way,N,P,OI,N,,,,0,0,Call,,,,0,0,0,0,0,0,0,0,Cur,N,0,31,,,,2/7/2023,3/10/2023,2/7/2023 11:33:28 AM,NATE,,,N,10655
BESTP100,PO,BESTPACK,1425 S. Campus Ave.,,Ontario,CA,91761,1-888-588-2378,,www.bestpack.com,,,,,,,,,BESTPACK,1425 S. Campus Ave.,,Ontario,CA,91761,0,,,1200,,0,0,0,(UNASSIGNED),Best Way,N,P,OI,N,,,,0,0,Call,,,,0,0,0,0,0,0,0,0,Cur,N,0,87,2/21/2023,2/4/2025,215444,4/14/2025,7/2/2025,2/21/2023 1:12:57 PM,JEFF,2/21/2023 3:22:15 PM,NATE,N,10657
ANGLE100,PO,ANGLEBOARD,610 Industrial Avenue,,Salisbury,NC,28144,704-633-3215,,,,,Anthony,agriffin@signode.com,,,,,ANGLEBOARD,610 Industrial Avenue,,Salisbury,NC,28144,0,,,1200,,0,0,0,(UNASSIGNED),Best Way,N,P,OI,N,,,,0,0,Call,,,,0,0,0,0,0,0,0,1644.24,Cur,N,0,58,4/25/2023,1/2/2025,215399,1/16/2025,8/14/2025,3/23/2023 3:29:34 PM,JEFF,3/23/2023 3:30:49 PM,JEFF,N,10659
FASTE100,PO,"FASTENING SOLUTIONS, INC.",1057 N ELLIS RD,,JACKSONVILLE,FL,32254,904-695-0255,,,,,,,,,,,"FASTENING SOLUTIONS, INC.",1057 N ELLIS RD,,JACKSONVILLE,FL,32254,0,,,1200,,0,0,0,(UNASSIGNED),Best Way,N,P,OI,N,,,,0,0,Call,,,,0,0,0,0,0,0,0,0,Cur,N,0,0,,,,,,4/12/2023 1:55:45 PM,NATE,,,N,10660
UNIVE110,PO,UNIVERSAL FOAM PRODUCTS,16 Stenersen Lane,Suite 4B,Hunt Valley,MD,21030,410-498-0000,,,,,Kevin,kbaker@univfoam.com,,,,,UNIVERSAL FOAM PRODUCTS,16 Stenersen Lane,Suite 4B,Hunt Valley,MD,21030,0,,,1200,,0,0,0,(UNASSIGNED),Best Way,N,P,OI,N,,,,0,0,Call,,,,0,0,0,0,0,0,0,0,Cur,N,0,19,6/12/2023,4/21/2025,215560,5/8/2024,5/10/2024,4/24/2023 8:51:46 AM,JEFF,4/24/2023 8:54:01 AM,JEFF,N,10661
AGENT100,AP,AGENT FIRE LLC,4155 Highway Avenue,,JACKSONVILLE,FL,32254,855-838-4178,,,,,,,,,,,AGENT FIRE LLC,4155 Highway Avenue,,JACKSONVILLE,FL,32254,0,,,1200,,0,0,0,(UNASSIGNED),Best Way,N,P,OI,N,,,,0,0,Call,,,,757.88,0,0,0,0,0,757.88,0,Del,Y,757.88,78,,,,4/8/2025,9/17/2024,5/12/2023 12:06:16 PM,NATE,9/17/2024 11:33:33 AM,NATE,N,10663
EUGEN100,AP,Eugene Aman,,,,,,,,,,,,,,,,,Eugene Aman,,,,,,0,,,6120,,0,0,0,(UNASSIGNED),Best Way,N,P,OI,N,,,,0,0,Call,,,3730.62,887.29,0,0,887.29,0,0,0,0,Del,Y,887.29,20,,,,3/1/2026,3/18/2026,5/22/2023 2:15:05 PM,JEFF,,,N,10665
ZORMO100,PO,ZORMOT INTERNATIONAL INC,1372 Rosewood St.,,Jenison,MI,49428,1-800-459-5422,,www.zormot.com,,,,,,,,,Zormot International Inc.,1372 Rosewood St.,,Jenison,MI,49428,0,,,1200,,0,0,0,(UNASSIGNED),Best Way,N,P,OI,N,,,,0,0,Call,,,,0,0,0,0,0,0,0,0,Cur,N,0,7,5/31/2023,5/31/2023,214595,8/1/2023,8/11/2023,5/31/2023 10:09:14 AM,JEFF,5/31/2023 10:10:45 AM,JEFF,N,10666
NCEPT100,PO,NCEPTION,GOODMAN CAPITAL FINANCE,,DALLAS,TX,75234,704-684-1891,,,,,RYAN,rburke@NceptionBrands.com,,,,,NCEPTION,GOODMAN CAPITAL FINANCE,,DALLAS,TX,75234,0,,,1200,,0,0,0,(UNASSIGNED),Best Way,N,P,OI,N,,,,0,0,EMail,,,,0,0,0,0,0,0,0,0,Cur,N,0,0,,,,,,7/26/2023 8:08:03 AM,NATE,7/26/2023 8:12:44 AM,NATE,N,10668
MACPA100,PO,"MAC PAPERS, LLC",PO BOX 117870,,ATLANTA,GA,30368,800-622-2968,,https://www.macpapers.com/,,,,,,,,,MAC PAPERS,3350 PHILIPS HIGHWAY,,JACKSONVILLE,FL,32207,0,,,1200,,0,0,0,(UNASSIGNED),Best Way,N,P,OI,N,ACCount # U0019,,,0,0,Call,,,232.42,0,0,0,0,0,0,0,0,Cur,N,0,12,10/6/2023,10/6/2023,214771,3/4/2026,3/26/2026,10/5/2023 2:41:53 PM,NATE,3/20/2026 12:35:25 PM,NATE,N,10670
RENEW100,AP,RENEWABLE ALTERNATIVE LLC,244 N Ridgewood Avenue,,Daytona Beach,FL,32114,503-957-7878,,www.ooerenewable.com,,,,,,,,,Renewable Alternative LLC,244 N Ridgewood Avenue,,Daytona Beach,FL,32114,0,,,6420,,0,0,0,(UNASSIGNED),Best Way,N,P,OI,N,,,,0,0,Call,,,,0,0,0,0,0,0,0,0,Cur,N,0,31,,,,2/1/2025,3/4/2025,1/4/2024 10:13:06 AM,JEFF,1/4/2024 10:13:22 AM,JEFF,N,10671
SMALL100,AP,SMALL BUSINESS GROUP,1804 University Blvd. West,,Jacksonville,FL,32217,904-731-2221,,,,,,,,,,,SMALL BUSINESS GROUP,1804 University Blvd. West,,Jacksonville,FL,32217,0,,,1200,,0,0,0,(UNASSIGNED),Best Way,N,P,OI,N,,,,0,0,Call,,,,0,0,0,0,0,0,0,0,Cur,N,0,34,,,,9/10/2025,11/18/2025,5/1/2024 12:31:55 PM,JEFF,5/1/2024 12:32:07 PM,JEFF,N,10672
SANEC100,PO,SANECK SAFETY,5037 Pine Creek Dr.,,Westerville,OH,43081,6148900467,,,,,,,,,,,SANECK SAFETY,5037 Pine Creek Dr.,,Westerville,OH,43081,0,,,1200,,0,0,0,(UNASSIGNED),Best Way,N,P,OI,N,,,,0,0,EMail,,,17509.15,-460.15,0,0,0,0,0,0,18613.73,Cur,N,0,42,6/6/2024,3/17/2026,216047,1/28/2026,4/13/2026,6/6/2024 11:36:21 AM,JEFF,5/21/2025 2:08:11 PM,NATE,N,10675
FARAH110,AP,FARAH LAW,6550 St. Augustine Rd.,Suite 103,Jacksonville,FL,32217,904-443-0060,,,,,,,,,,,FARAH LAW,6550 St. Augustine Rd.,Suite 103,Jacksonville,FL,32217,0,,,6360,,0,0,0,(UNASSIGNED),Best Way,N,P,OI,N,,,,0,0,Call,,,,0,0,0,0,0,0,0,0,Cur,N,0,80,,,,8/31/2025,1/5/2026,6/17/2024 11:32:43 AM,JEFF,,,N,10676
FORTI100,AP,"FORTITUDE FIRE PROTECTION, LLC","2430 UNIVERSITY BLVD, WEST",,JACKSONVILLE,FL,32217,904-733-9008,,,,,,,,,,,"FORTITUDE FIRE PROTECTION, LLC","2430 UNIVERSITY BLVD, WEST",,JACKSONVILLE,FL,32217,0,,,1200,,0,0,0,(UNASSIGNED),Best Way,N,P,OI,N,,,,0,0,Call,,,,0,0,0,0,0,0,0,0,Cur,N,0,74,,,,11/14/2024,1/27/2025,11/14/2024 11:27:28 AM,NATE,,,N,10677
REDTO100,PO,REDTOP PACKAGING,,,,,,,,,,,,,,,,,REDTOP PACKAGING,,,,,,0,,,1200,,0,0,0,(UNASSIGNED),Best Way,N,P,OI,N,,,,0,0,EMail,,,,-2142.32,-2142.32,0,0,0,0,0,7332.96,Cur,N,0,39,5/1/2025,8/18/2025,215741,10/17/2025,10/17/2025,4/22/2025 2:41:51 PM,NATE,4/22/2025 2:43:34 PM,NATE,N,10679
PACTE100,PO,PACTEC,12365 Haynes St. #8069,,Clinton,LA,70722,800-272-2832,,,,,ANDY,andyavila@pactecinc.com,,,,,PACTEC,12365 Haynes St. #8069,,Clinton,LA,70722,0,,,1200,,0,0,0,N30,Best Way,N,P,OI,N,,,,0,0,EMail,,,,0,0,0,0,0,0,0,0,Cur,N,0,0,,,,,,5/13/2025 5:50:00 PM,JEFF,5/13/2025 5:52:08 PM,JEFF,N,10680
MISCE110,PO,MISCELLANEOUS PURCHASES,,,,,,,,,,,,,,,,,MISCELLANEOUS PURCHASES,,,,,,0,,,1200,,0,0,0,(UNASSIGNED),Best Way,N,P,OI,N,,,,0,0,Call,,,,0,0,0,0,0,0,0,0,Cur,N,0,0,,,,,,5/14/2025 3:50:28 PM,JEFF,,,N,10681
NAPCO100,PO,NAPCO,1435 BRADLEY LN SUITE 100,,CARROLLTON,TX,75007,972-245-8190,972-245-8106,,,,,,,,,,NAPCO,1435 BRADLEY LN SUITE 100,,CARROLLTON,TX,75007,0,,,1200,,0,0,0,(UNASSIGNED),Best Way,N,P,OI,N,,,,0,0,EMail,,,6752.8,0,0,0,0,0,0,0,0,Cur,N,0,30,6/17/2025,3/2/2026,216024,3/10/2026,4/10/2026,5/22/2025 8:32:49 AM,NATE,6/17/2025 11:03:50 AM,NATE,N,10682
BETTE100,PO,BETTER BRUSH,,,,,,,,,,,,,,,,,BETTER BRUSH,,,,,,0,,,1200,,0,0,0,(UNASSIGNED),Best Way,N,P,OI,N,,,,0,0,Call,,,,0,0,0,0,0,0,0,0,Cur,N,0,0,,,,,,5/28/2025 2:39:22 PM,JEFF,,,N,10683
FIRES100,AP,Fire Sprinkler Services,9313 Old Kings Road South,,Jacksonville,FL,32257,904-743-3220,,,,,,,Vernon,,,,Fire Sprinkler Services,9313 Old Kings Road South,,Jacksonville,FL,32257,0,,,1200,,0,0,0,(UNASSIGNED),Best Way,N,P,OI,N,,,,0,0,Call,,,,90,0,0,0,0,0,90,0,Del,Y,90,0,,,,2/8/2025,,6/6/2025 9:36:47 AM,JEFF,,,N,10684
RJSCH100,PO,RJ SCHINNER,N89W14700 Patrita Drive,,Menomonee Falls,WI,53051,813-559-2112,,,,,,,,,,,RJ SCHINNER,4429 Madison Industrial Lane,,TAMPA,FL,33619,5000,,,1200,,1500,0,0,(UNASSIGNED),Best Way,N,P,OI,N,,,,0,0,EMail,,,,0,0,0,0,0,0,0,2218.68,Cur,N,0,0,,,,,,10/23/2025 11:33:42 AM,NATE,10/23/2025 11:34:36 AM,NATE,N,10692
NATIO120,PO,NATIONAL TOWELETTE COMPANY,1726 WOODHAVEN DR,,BENSALEM,PA,19020,215-651-4712,,,,,BILL,BRAILE@TOWELETTES.COM,,,,,NATIONAL TOWELETTE COMPANY,1726 WOODHAVEN DR,,BENSALEM,PA,19020,0,,,1200,,1700,0,0,N30,Best Way,N,P,OI,N,,,,0,0,EMail,,,,0,0,0,0,0,0,0,0,Cur,N,0,46,11/7/2025,11/7/2025,215863,11/13/2025,12/30/2025,11/3/2025 10:21:08 AM,JEFF,11/3/2025 10:23:52 AM,JEFF,N,10693
PACTE110,PO,PACTEC INC,12365 HAYNES ST #8069,,CLINTON,LA,70722,800-272-2832,,,,,,,,,,,PACTEC INC,12365 HAYNES ST #8069,,CLINTON,LA,70722,0,,,1200,,0,0,0,(UNASSIGNED),Best Way,N,P,OI,N,,,,0,0,Call,,,,0,0,0,0,0,0,0,0,Cur,N,0,6,1/12/2026,1/12/2026,215953,11/19/2025,11/25/2025,11/26/2025 9:23:27 AM,NATE,11/26/2025 9:50:12 AM,NATE,N,10694
BRADY100,PO,BRADY PLUS,7055 S. LINDELL ROAD,,LAS VEGAS,NV,89118,904-793-3600,,,,,BRIAN,BRIAN.SEYMOUR@BRADYPLUS.COM,,,,,BRADY PLUS,3850-7 PORT JACKSONVILLE PKWY,,JACKSONVILLE,FL,32226,0,,,1200,,0,0,0,(UNASSIGNED),Best Way,N,P,OI,N,,,,0,0,EMail,,,770.3,0,0,0,0,0,0,0,1026.19,Cur,N,0,43,12/3/2025,2/9/2026,215984,2/13/2026,3/18/2026,12/3/2025 12:56:40 PM,NATE,12/3/2025 2:39:17 PM,NATE,N,10695